{
  "type": "FeatureCollection",
  "generator": "overpass-turbo",
  "copyright": "The data included in this document is from www.openstreetmap.org. The data is made available under ODbL.",
  "timestamp": "2026-08-07T10:14:21Z",
  "features": [
    {
      "type": "Feature",
      "properties": {
        "@id": "relation/7619051",
        "addr:city": "Магадан",
        "addr:country": "RU",
        "addr:region": "Магаданская область",
        "int_name": "Magadan",
        "name": "Магадан",
        "name:ar": "ماغادان",
        "name:be": "Магадан",
        "name:bg": "Магадан",
        "name:ca": "Magadan",
        "name:de": "Magadan",
        "name:en": "Magadan",
        "name:es": "Magadán",
        "name:fa": "ماگادان",
        "name:fr": "Magadan",
        "name:hr": "Magadan",
        "name:ja": "マガダン",
        "name:ko": "마가단",
        "name:pl": "Magadan",
        "name:ru": "Магадан",
        "name:sl": "Magadan",
        "name:ug": "ماگادان",
        "name:uk": "Магадан",
        "name:ur": "ماگادان",
        "name:zh": "馬加丹",
        "official_status": "ru:город",
        "place": "city",
        "type": "multipolygon",
        "wikidata": "Q7968",
        "wikipedia": "ru:Магадан"
      },
      "geometry": {
        "type": "Polygon",
        "coordinates": [
          [
            [
              150.8935307,
              59.5399259
            ],
            [
              150.8935109,
              59.5399418
            ],
            [
              150.8932046,
              59.5401874
            ],
            [
              150.8928981,
              59.5403574
            ],
            [
              150.892764,
              59.5404254
            ],
            [
              150.8926502,
              59.5405774
            ],
            [
              150.8923005,
              59.5410991
            ],
            [
              150.8921525,
              59.5411896
            ],
            [
              150.8919944,
              59.5413458
            ],
            [
              150.8918252,
              59.5415431
            ],
            [
              150.8916911,
              59.5416274
            ],
            [
              150.8915755,
              59.5417368
            ],
            [
              150.8915133,
              59.5418576
            ],
            [
              150.8911992,
              59.5428816
            ],
            [
              150.8911412,
              59.5435482
            ],
            [
              150.8911846,
              59.5443078
            ],
            [
              150.8913129,
              59.544965
            ],
            [
              150.8914051,
              59.5454428
            ],
            [
              150.8912432,
              59.5454464
            ],
            [
              150.8911088,
              59.5454231
            ],
            [
              150.8910658,
              59.545551
            ],
            [
              150.8910284,
              59.5455913
            ],
            [
              150.8910407,
              59.5456623
            ],
            [
              150.8911909,
              59.5457547
            ],
            [
              150.8911212,
              59.5459043
            ],
            [
              150.8910863,
              59.5459597
            ],
            [
              150.8911622,
              59.5460941
            ],
            [
              150.8914517,
              59.5471561
            ],
            [
              150.8914698,
              59.5474078
            ],
            [
              150.8912544,
              59.5476262
            ],
            [
              150.8912075,
              59.5478182
            ],
            [
              150.89134,
              59.5484049
            ],
            [
              150.8914591,
              59.5488569
            ],
            [
              150.8915848,
              59.5491794
            ],
            [
              150.8916832,
              59.5495013
            ],
            [
              150.8918591,
              59.5500008
            ],
            [
              150.8920568,
              59.5502108
            ],
            [
              150.8922827,
              59.5506095
            ],
            [
              150.8925407,
              59.5508582
            ],
            [
              150.8934345,
              59.5514319
            ],
            [
              150.8944495,
              59.552298
            ],
            [
              150.8955279,
              59.5533743
            ],
            [
              150.8964622,
              59.5544438
            ],
            [
              150.8972545,
              59.5553481
            ],
            [
              150.8980726,
              59.5561674
            ],
            [
              150.8994341,
              59.5573808
            ],
            [
              150.8996277,
              59.5575533
            ],
            [
              150.9016571,
              59.5592566
            ],
            [
              150.9037556,
              59.5605419
            ],
            [
              150.9053435,
              59.5614656
            ],
            [
              150.9071974,
              59.5623608
            ],
            [
              150.9102788,
              59.5636666
            ],
            [
              150.911099,
              59.5640373
            ],
            [
              150.9116827,
              59.564343
            ],
            [
              150.9120954,
              59.5645378
            ],
            [
              150.9129684,
              59.5649347
            ],
            [
              150.913701,
              59.5652616
            ],
            [
              150.9141051,
              59.5654418
            ],
            [
              150.9143837,
              59.565566
            ],
            [
              150.9147202,
              59.5657156
            ],
            [
              150.9150856,
              59.5658406
            ],
            [
              150.9155583,
              59.5659287
            ],
            [
              150.9160229,
              59.5659922
            ],
            [
              150.916183,
              59.5660322
            ],
            [
              150.9165677,
              59.5660472
            ],
            [
              150.9168201,
              59.566057
            ],
            [
              150.9171126,
              59.5658143
            ],
            [
              150.9173382,
              59.5655982
            ],
            [
              150.9174509,
              59.565405
            ],
            [
              150.917612,
              59.5651835
            ],
            [
              150.9178595,
              59.5648283
            ],
            [
              150.9181723,
              59.5645375
            ],
            [
              150.9184599,
              59.5643273
            ],
            [
              150.9195184,
              59.5637751
            ],
            [
              150.9206841,
              59.5631283
            ],
            [
              150.9219232,
              59.5625697
            ],
            [
              150.9223435,
              59.5623689
            ],
            [
              150.9224771,
              59.5622676
            ],
            [
              150.9225894,
              59.5622106
            ],
            [
              150.9226915,
              59.5621587
            ],
            [
              150.9229332,
              59.5620174
            ],
            [
              150.9231414,
              59.561887
            ],
            [
              150.9234077,
              59.5617237
            ],
            [
              150.9237876,
              59.5614221
            ],
            [
              150.924123,
              59.561197
            ],
            [
              150.9244025,
              59.5610041
            ],
            [
              150.9246294,
              59.5608548
            ],
            [
              150.9248476,
              59.5606922
            ],
            [
              150.9250255,
              59.5605391
            ],
            [
              150.9250727,
              59.5604864
            ],
            [
              150.9250952,
              59.5604386
            ],
            [
              150.9251119,
              59.560394
            ],
            [
              150.925104,
              59.5603493
            ],
            [
              150.9250514,
              59.5603159
            ],
            [
              150.9249597,
              59.5603157
            ],
            [
              150.9248454,
              59.5603177
            ],
            [
              150.9247604,
              59.5603132
            ],
            [
              150.9246586,
              59.5602848
            ],
            [
              150.924582,
              59.5602481
            ],
            [
              150.9245283,
              59.5601843
            ],
            [
              150.9244918,
              59.5601185
            ],
            [
              150.924485,
              59.5600541
            ],
            [
              150.924487,
              59.5599774
            ],
            [
              150.9245796,
              59.5598449
            ],
            [
              150.9248166,
              59.5597003
            ],
            [
              150.9251856,
              59.5595703
            ],
            [
              150.9256394,
              59.5594755
            ],
            [
              150.9261229,
              59.5592876
            ],
            [
              150.9264165,
              59.5591292
            ],
            [
              150.9268425,
              59.5589066
            ],
            [
              150.9271708,
              59.5588123
            ],
            [
              150.9274728,
              59.5587364
            ],
            [
              150.9278193,
              59.5586726
            ],
            [
              150.9282458,
              59.5585902
            ],
            [
              150.9286288,
              59.5585424
            ],
            [
              150.9291744,
              59.558444
            ],
            [
              150.9294721,
              59.5583888
            ],
            [
              150.9297983,
              59.5584241
            ],
            [
              150.9301019,
              59.5584676
            ],
            [
              150.9305638,
              59.5585149
            ],
            [
              150.9309302,
              59.558563
            ],
            [
              150.9314827,
              59.5586698
            ],
            [
              150.9319312,
              59.5587049
            ],
            [
              150.9323925,
              59.5586777
            ],
            [
              150.9328453,
              59.5585679
            ],
            [
              150.9333227,
              59.5584375
            ],
            [
              150.9339895,
              59.5582154
            ],
            [
              150.9346075,
              59.5579482
            ],
            [
              150.9351761,
              59.5578338
            ],
            [
              150.935741,
              59.5577142
            ],
            [
              150.9371642,
              59.5572435
            ],
            [
              150.9379211,
              59.5571385
            ],
            [
              150.9389248,
              59.557123
            ],
            [
              150.9403662,
              59.5570877
            ],
            [
              150.9422153,
              59.557369
            ],
            [
              150.9422438,
              59.5572667
            ],
            [
              150.9424432,
              59.5572378
            ],
            [
              150.9426473,
              59.5572908
            ],
            [
              150.9427612,
              59.5574303
            ],
            [
              150.9439965,
              59.55769
            ],
            [
              150.9446754,
              59.5577581
            ],
            [
              150.9451404,
              59.5579252
            ],
            [
              150.9463005,
              59.5583712
            ],
            [
              150.9487462,
              59.5592299
            ],
            [
              150.9513312,
              59.5599367
            ],
            [
              150.952531,
              59.5601202
            ],
            [
              150.9537078,
              59.5602731
            ],
            [
              150.9547691,
              59.5602981
            ],
            [
              150.9561712,
              59.5603131
            ],
            [
              150.9576106,
              59.5602087
            ],
            [
              150.9584207,
              59.5598578
            ],
            [
              150.9588777,
              59.5597583
            ],
            [
              150.9591331,
              59.5598505
            ],
            [
              150.9594648,
              59.5599046
            ],
            [
              150.9596352,
              59.5600902
            ],
            [
              150.9610093,
              59.5607051
            ],
            [
              150.9620968,
              59.5612145
            ],
            [
              150.9632093,
              59.5618001
            ],
            [
              150.9642904,
              59.5622995
            ],
            [
              150.964642,
              59.5624619
            ],
            [
              150.9661755,
              59.5629217
            ],
            [
              150.9698731,
              59.563923
            ],
            [
              150.9718892,
              59.5644715
            ],
            [
              150.973758,
              59.5650049
            ],
            [
              150.9775494,
              59.5659563
            ],
            [
              150.9793271,
              59.566384
            ],
            [
              150.9801694,
              59.5664852
            ],
            [
              150.9807776,
              59.5665683
            ],
            [
              150.9813528,
              59.5667782
            ],
            [
              150.9819643,
              59.5670668
            ],
            [
              150.9829959,
              59.5674697
            ],
            [
              150.9861677,
              59.5681783
            ],
            [
              150.9882979,
              59.5686431
            ],
            [
              150.9898902,
              59.5689809
            ],
            [
              150.992628,
              59.5694466
            ],
            [
              150.9934961,
              59.569586
            ],
            [
              150.9945136,
              59.5696921
            ],
            [
              150.9952017,
              59.5696907
            ],
            [
              150.9955921,
              59.5696618
            ],
            [
              150.9960601,
              59.5694349
            ],
            [
              150.9965593,
              59.5693704
            ],
            [
              150.9970139,
              59.5693335
            ],
            [
              150.99744,
              59.5692476
            ],
            [
              150.99763,
              59.5692236
            ],
            [
              150.997979,
              59.5692627
            ],
            [
              150.9984404,
              59.5691918
            ],
            [
              150.9991152,
              59.5692144
            ],
            [
              150.9999342,
              59.5691545
            ],
            [
              151.0000392,
              59.569073
            ],
            [
              151.0001408,
              59.5689588
            ],
            [
              151.0002457,
              59.568834
            ],
            [
              151.0003095,
              59.5686897
            ],
            [
              151.0003437,
              59.5685696
            ],
            [
              151.0005866,
              59.5685185
            ],
            [
              151.0009026,
              59.5684286
            ],
            [
              151.001155,
              59.5683637
            ],
            [
              151.0015893,
              59.5684401
            ],
            [
              151.0018057,
              59.5685464
            ],
            [
              151.0020406,
              59.5687033
            ],
            [
              151.0025213,
              59.5687814
            ],
            [
              151.0030998,
              59.5687362
            ],
            [
              151.0034,
              59.5687646
            ],
            [
              151.0037792,
              59.5687681
            ],
            [
              151.0041459,
              59.5687686
            ],
            [
              151.004391,
              59.5687939
            ],
            [
              151.0045399,
              59.5688227
            ],
            [
              151.0045718,
              59.5688737
            ],
            [
              151.0045638,
              59.5689486
            ],
            [
              151.0045442,
              59.569012
            ],
            [
              151.0045056,
              59.5691201
            ],
            [
              151.004464,
              59.5692353
            ],
            [
              151.0044136,
              59.5693236
            ],
            [
              151.0043256,
              59.5695321
            ],
            [
              151.0042475,
              59.5697293
            ],
            [
              151.0042993,
              59.5698883
            ],
            [
              151.0043999,
              59.5699939
            ],
            [
              151.0044916,
              59.5700539
            ],
            [
              151.0047062,
              59.5701903
            ],
            [
              151.0046495,
              59.5702274
            ],
            [
              151.0045952,
              59.5703448
            ],
            [
              151.0045935,
              59.570409
            ],
            [
              151.0046172,
              59.5704682
            ],
            [
              151.0044881,
              59.5706627
            ],
            [
              151.0044187,
              59.5707934
            ],
            [
              151.0044203,
              59.5709926
            ],
            [
              151.0042923,
              59.5712353
            ],
            [
              151.0046164,
              59.5715033
            ],
            [
              151.0050367,
              59.571761
            ],
            [
              151.0054404,
              59.5719907
            ],
            [
              151.0059148,
              59.5722112
            ],
            [
              151.0063051,
              59.5721939
            ],
            [
              151.0065856,
              59.5721348
            ],
            [
              151.0071205,
              59.5723864
            ],
            [
              151.0074297,
              59.5726725
            ],
            [
              151.0078071,
              59.572949
            ],
            [
              151.0078497,
              59.5732294
            ],
            [
              151.0087643,
              59.5734892
            ],
            [
              151.009712,
              59.5736892
            ],
            [
              151.0139896,
              59.5741236
            ],
            [
              151.0146432,
              59.5741914
            ],
            [
              151.016506,
              59.5745801
            ],
            [
              151.0177715,
              59.5748437
            ],
            [
              151.0187183,
              59.5751589
            ],
            [
              151.0198384,
              59.5753226
            ],
            [
              151.0215551,
              59.5755486
            ],
            [
              151.0216384,
              59.5755596
            ],
            [
              151.0230423,
              59.5756995
            ],
            [
              151.0250524,
              59.5758165
            ],
            [
              151.0275173,
              59.5758598
            ],
            [
              151.0283534,
              59.5756331
            ],
            [
              151.0294874,
              59.5753453
            ],
            [
              151.0312228,
              59.5748615
            ],
            [
              151.0318952,
              59.574729
            ],
            [
              151.0326393,
              59.5747863
            ],
            [
              151.0340388,
              59.5750145
            ],
            [
              151.0350101,
              59.5754706
            ],
            [
              151.0357211,
              59.5758747
            ],
            [
              151.0029873,
              59.6095201
            ],
            [
              151.005024,
              59.6117341
            ],
            [
              150.9944813,
              59.6140049
            ],
            [
              150.9872019,
              59.6166179
            ],
            [
              150.9803335,
              59.6183251
            ],
            [
              150.967624,
              59.6234314
            ],
            [
              150.9677414,
              59.6269045
            ],
            [
              150.9596989,
              59.6323656
            ],
            [
              150.9619884,
              59.6376182
            ],
            [
              150.9694438,
              59.6401403
            ],
            [
              150.9789539,
              59.6439677
            ],
            [
              150.9786017,
              59.6464596
            ],
            [
              150.9517738,
              59.64554
            ],
            [
              150.9595228,
              59.6534303
            ],
            [
              150.9544742,
              59.6560995
            ],
            [
              150.9512455,
              59.6558622
            ],
            [
              150.9513629,
              59.6620303
            ],
            [
              150.9519499,
              59.6687309
            ],
            [
              150.9473123,
              59.6870765
            ],
            [
              150.9486625,
              59.6907207
            ],
            [
              150.950541,
              59.6992224
            ],
            [
              150.9533588,
              59.7059748
            ],
            [
              150.9564702,
              59.7055898
            ],
            [
              150.9658042,
              59.7033687
            ],
            [
              150.9778973,
              59.7038426
            ],
            [
              150.9968588,
              59.7050864
            ],
            [
              150.9968588,
              59.7088471
            ],
            [
              150.996624,
              59.7106828
            ],
            [
              150.9948628,
              59.713762
            ],
            [
              150.9938648,
              59.7145021
            ],
            [
              150.99046,
              59.7157751
            ],
            [
              150.9871726,
              59.7164412
            ],
            [
              150.9851473,
              59.7167816
            ],
            [
              150.9778386,
              59.7170481
            ],
            [
              150.973377,
              59.7174181
            ],
            [
              150.9702364,
              59.7182914
            ],
            [
              150.9660934,
              59.718892
            ],
            [
              150.96554,
              59.7189722
            ],
            [
              150.9631038,
              59.7188686
            ],
            [
              150.960286,
              59.7185578
            ],
            [
              150.9593174,
              59.7185874
            ],
            [
              150.9359833,
              59.724031
            ],
            [
              150.9357182,
              59.7240928
            ],
            [
              150.9262081,
              59.7261793
            ],
            [
              150.9276463,
              59.7266528
            ],
            [
              150.9262374,
              59.7275406
            ],
            [
              150.9231848,
              59.7267786
            ],
            [
              150.9194277,
              59.7273335
            ],
            [
              150.9022567,
              59.7298193
            ],
            [
              150.8984996,
              59.73013
            ],
            [
              150.9002314,
              59.7319794
            ],
            [
              150.8976778,
              59.7326451
            ],
            [
              150.8938033,
              59.7333997
            ],
            [
              150.8920935,
              59.7330039
            ],
            [
              150.8912423,
              59.7325416
            ],
            [
              150.8890922,
              59.7319498
            ],
            [
              150.8553225,
              59.7431772
            ],
            [
              150.8428772,
              59.7401599
            ],
            [
              150.8318408,
              59.7321717
            ],
            [
              150.8373884,
              59.7268748
            ],
            [
              150.8583165,
              59.7191202
            ],
            [
              150.8739905,
              59.7188242
            ],
            [
              150.8750911,
              59.7182068
            ],
            [
              150.9063073,
              59.6957864
            ],
            [
              150.9058083,
              59.6949422
            ],
            [
              150.9073933,
              59.6939498
            ],
            [
              150.9083913,
              59.6942609
            ],
            [
              150.909448,
              59.6935499
            ],
            [
              150.902785,
              59.6561143
            ],
            [
              150.8865239,
              59.6548539
            ],
            [
              150.8716424,
              59.6523625
            ],
            [
              150.8667406,
              59.6471271
            ],
            [
              150.8564086,
              59.6473051
            ],
            [
              150.8504207,
              59.6466524
            ],
            [
              150.8467517,
              59.6474534
            ],
            [
              150.8454015,
              59.6477797
            ],
            [
              150.844521,
              59.6482098
            ],
            [
              150.8427598,
              59.648551
            ],
            [
              150.8391789,
              59.6485213
            ],
            [
              150.8343064,
              59.6478984
            ],
            [
              150.8282598,
              59.6461481
            ],
            [
              150.7991425,
              59.6516358
            ],
            [
              150.792746,
              59.6516274
            ],
            [
              150.7143733,
              59.6513837
            ],
            [
              150.7011649,
              59.6493074
            ],
            [
              150.66876,
              59.6402887
            ],
            [
              150.640171,
              59.6325437
            ],
            [
              150.6039647,
              59.6296344
            ],
            [
              150.6043349,
              59.6263149
            ],
            [
              150.6049209,
              59.603033
            ],
            [
              150.6091225,
              59.5636879
            ],
            [
              150.6099444,
              59.5425788
            ],
            [
              150.6109193,
              59.5423645
            ],
            [
              150.6118742,
              59.5424624
            ],
            [
              150.6140522,
              59.5432618
            ],
            [
              150.6156829,
              59.5436208
            ],
            [
              150.6172708,
              59.544083
            ],
            [
              150.6188909,
              59.5443386
            ],
            [
              150.6201998,
              59.5444093
            ],
            [
              150.6208328,
              59.5445181
            ],
            [
              150.6226245,
              59.5450945
            ],
            [
              150.624502,
              59.5454751
            ],
            [
              150.6254247,
              59.5458014
            ],
            [
              150.6261757,
              59.5458286
            ],
            [
              150.628182,
              59.5465845
            ],
            [
              150.6337396,
              59.5484333
            ],
            [
              150.635306,
              59.5488084
            ],
            [
              150.6371728,
              59.5491075
            ],
            [
              150.6417433,
              59.5492761
            ],
            [
              150.6428913,
              59.5491891
            ],
            [
              150.6445221,
              59.5489172
            ],
            [
              150.6464532,
              59.5492978
            ],
            [
              150.6479338,
              59.5494555
            ],
            [
              150.6492535,
              59.5495534
            ],
            [
              150.6510345,
              59.5497382
            ],
            [
              150.652161,
              59.5500645
            ],
            [
              150.6532231,
              59.5504016
            ],
            [
              150.6553367,
              59.5509235
            ],
            [
              150.6567444,
              59.5511735
            ],
            [
              150.6586197,
              59.5518261
            ],
            [
              150.6592527,
              59.5522719
            ],
            [
              150.6600145,
              59.5524676
            ],
            [
              150.6602934,
              59.5526307
            ],
            [
              150.661023,
              59.5532886
            ],
            [
              150.6626216,
              59.55368
            ],
            [
              150.6635014,
              59.554028
            ],
            [
              150.6646386,
              59.5542672
            ],
            [
              150.6657222,
              59.5543542
            ],
            [
              150.6680182,
              59.5545444
            ],
            [
              150.6688229,
              59.5547782
            ],
            [
              150.6694451,
              59.554963
            ],
            [
              150.6704107,
              59.5552077
            ],
            [
              150.6719342,
              59.5557839
            ],
            [
              150.6726586,
              59.5562806
            ],
            [
              150.673313,
              59.5568188
            ],
            [
              150.6743323,
              59.5576342
            ],
            [
              150.6751477,
              59.5580853
            ],
            [
              150.6759094,
              59.5583898
            ],
            [
              150.6770681,
              59.5589007
            ],
            [
              150.6779372,
              59.5593465
            ],
            [
              150.6788384,
              59.5599009
            ],
            [
              150.6801877,
              59.5603373
            ],
            [
              150.6813964,
              59.5607049
            ],
            [
              150.6826777,
              59.5611122
            ],
            [
              150.6833369,
              59.5614081
            ],
            [
              150.6837866,
              59.5616578
            ],
            [
              150.684184,
              59.5618075
            ],
            [
              150.6843395,
              59.562107
            ],
            [
              150.6848129,
              59.5625166
            ],
            [
              150.6851485,
              59.5626257
            ],
            [
              150.6854542,
              59.562725
            ],
            [
              150.6861418,
              59.5628427
            ],
            [
              150.6877648,
              59.5628197
            ],
            [
              150.6931507,
              59.5630317
            ],
            [
              150.6941592,
              59.5631404
            ],
            [
              150.6960796,
              59.5631186
            ],
            [
              150.7013904,
              59.5628034
            ],
            [
              150.70271,
              59.5627762
            ],
            [
              150.7061647,
              59.5624066
            ],
            [
              150.7110605,
              59.5620992
            ],
            [
              150.7110526,
              59.5616671
            ],
            [
              150.7120493,
              59.5616489
            ],
            [
              150.7120665,
              59.5621449
            ],
            [
              150.7139217,
              59.5623034
            ],
            [
              150.7150276,
              59.5622318
            ],
            [
              150.715328,
              59.561797
            ],
            [
              150.7272499,
              59.5637102
            ],
            [
              150.737631,
              59.56335
            ],
            [
              150.7377899,
              59.5636102
            ],
            [
              150.7411422,
              59.563863
            ],
            [
              150.743484,
              59.5637225
            ],
            [
              150.7453567,
              59.5641807
            ],
            [
              150.7464938,
              59.5643407
            ],
            [
              150.7469342,
              59.5643768
            ],
            [
              150.7473699,
              59.5644058
            ],
            [
              150.7476861,
              59.5643642
            ],
            [
              150.7479823,
              59.5643662
            ],
            [
              150.7482019,
              59.564357
            ],
            [
              150.748476,
              59.5643545
            ],
            [
              150.7487688,
              59.5643851
            ],
            [
              150.750165,
              59.5646368
            ],
            [
              150.7505453,
              59.5647004
            ],
            [
              150.7508026,
              59.5647235
            ],
            [
              150.7511801,
              59.5647152
            ],
            [
              150.7527323,
              59.5646355
            ],
            [
              150.7529238,
              59.5646267
            ],
            [
              150.753078,
              59.56458
            ],
            [
              150.7533855,
              59.5643882
            ],
            [
              150.7535792,
              59.5643336
            ],
            [
              150.7537772,
              59.5643478
            ],
            [
              150.7538481,
              59.5644173
            ],
            [
              150.7539418,
              59.5644577
            ],
            [
              150.7540752,
              59.5644961
            ],
            [
              150.7542752,
              59.5645054
            ],
            [
              150.75444,
              59.5644847
            ],
            [
              150.7546471,
              59.5644945
            ],
            [
              150.7550233,
              59.5645312
            ],
            [
              150.7551368,
              59.5645278
            ],
            [
              150.7568504,
              59.5646618
            ],
            [
              150.7573156,
              59.5646658
            ],
            [
              150.7585199,
              59.5644835
            ],
            [
              150.7600021,
              59.5644846
            ],
            [
              150.7606426,
              59.5643704
            ],
            [
              150.7610407,
              59.5641726
            ],
            [
              150.761376,
              59.5641179
            ],
            [
              150.7621758,
              59.5642636
            ],
            [
              150.7632374,
              59.564215
            ],
            [
              150.7644394,
              59.5641941
            ],
            [
              150.7648711,
              59.5643117
            ],
            [
              150.7656482,
              59.5642816
            ],
            [
              150.7657267,
              59.5643035
            ],
            [
              150.7657841,
              59.564336
            ],
            [
              150.7658856,
              59.5644402
            ],
            [
              150.7659989,
              59.564503
            ],
            [
              150.7660486,
              59.5644987
            ],
            [
              150.7663119,
              59.5644757
            ],
            [
              150.7664576,
              59.5643691
            ],
            [
              150.7665655,
              59.5642597
            ],
            [
              150.7671557,
              59.5641644
            ],
            [
              150.7672573,
              59.5640957
            ],
            [
              150.7673695,
              59.564036
            ],
            [
              150.7674882,
              59.5639678
            ],
            [
              150.7678389,
              59.5638737
            ],
            [
              150.7682169,
              59.563774
            ],
            [
              150.7687395,
              59.5636622
            ],
            [
              150.7692861,
              59.5636077
            ],
            [
              150.7696745,
              59.5635837
            ],
            [
              150.7699463,
              59.5635689
            ],
            [
              150.7701856,
              59.5635306
            ],
            [
              150.7704415,
              59.5634641
            ],
            [
              150.770631,
              59.5634402
            ],
            [
              150.7707416,
              59.5634376
            ],
            [
              150.7707841,
              59.5634458
            ],
            [
              150.7708033,
              59.5634646
            ],
            [
              150.7707885,
              59.5634904
            ],
            [
              150.7707765,
              59.5634979
            ],
            [
              150.7707582,
              59.5635037
            ],
            [
              150.7707427,
              59.5635043
            ],
            [
              150.7707326,
              59.5634989
            ],
            [
              150.7707244,
              59.5634944
            ],
            [
              150.770706,
              59.5634929
            ],
            [
              150.7706847,
              59.5635003
            ],
            [
              150.7706823,
              59.5635167
            ],
            [
              150.7706995,
              59.5635411
            ],
            [
              150.7707152,
              59.5635616
            ],
            [
              150.7707511,
              59.5635919
            ],
            [
              150.7707767,
              59.5636028
            ],
            [
              150.7708074,
              59.5635955
            ],
            [
              150.770883,
              59.5635724
            ],
            [
              150.7714323,
              59.5633913
            ],
            [
              150.7717005,
              59.5632814
            ],
            [
              150.7719569,
              59.5631524
            ],
            [
              150.7721244,
              59.5630721
            ],
            [
              150.7722458,
              59.5630043
            ],
            [
              150.7724448,
              59.562874
            ],
            [
              150.7725026,
              59.562835
            ],
            [
              150.772535,
              59.5627912
            ],
            [
              150.7727198,
              59.5626449
            ],
            [
              150.7728374,
              59.5625711
            ],
            [
              150.772994,
              59.5624476
            ],
            [
              150.7730757,
              59.5623318
            ],
            [
              150.7731188,
              59.5622337
            ],
            [
              150.7731565,
              59.5621273
            ],
            [
              150.7732065,
              59.5620581
            ],
            [
              150.7732888,
              59.5619716
            ],
            [
              150.7733737,
              59.5618604
            ],
            [
              150.7734668,
              59.5617198
            ],
            [
              150.773596,
              59.5615327
            ],
            [
              150.7738004,
              59.5612304
            ],
            [
              150.7739852,
              59.5610098
            ],
            [
              150.7741712,
              59.5607736
            ],
            [
              150.7744054,
              59.5604351
            ],
            [
              150.7745972,
              59.5601524
            ],
            [
              150.7748537,
              59.5597906
            ],
            [
              150.7751389,
              59.5594283
            ],
            [
              150.7753346,
              59.5591304
            ],
            [
              150.7755332,
              59.5588345
            ],
            [
              150.7755892,
              59.5587178
            ],
            [
              150.7756434,
              59.5586392
            ],
            [
              150.7757473,
              59.558458
            ],
            [
              150.7758093,
              59.5583404
            ],
            [
              150.7758913,
              59.5582357
            ],
            [
              150.7759968,
              59.5581214
            ],
            [
              150.7760407,
              59.5580383
            ],
            [
              150.7760486,
              59.5579554
            ],
            [
              150.7760048,
              59.5578453
            ],
            [
              150.7759249,
              59.5577632
            ],
            [
              150.7759183,
              59.5577258
            ],
            [
              150.7759325,
              59.5576667
            ],
            [
              150.7753473,
              59.5575382
            ],
            [
              150.7754358,
              59.5574345
            ],
            [
              150.7754867,
              59.5574288
            ],
            [
              150.7756503,
              59.557432
            ],
            [
              150.7757303,
              59.5574284
            ],
            [
              150.7757915,
              59.5574169
            ],
            [
              150.7759231,
              59.5574134
            ],
            [
              150.7760936,
              59.5574381
            ],
            [
              150.7762347,
              59.5574804
            ],
            [
              150.7763143,
              59.5574937
            ],
            [
              150.7763834,
              59.5574922
            ],
            [
              150.7764573,
              59.5574809
            ],
            [
              150.7765043,
              59.557466
            ],
            [
              150.7765937,
              59.5574125
            ],
            [
              150.77672,
              59.5573287
            ],
            [
              150.7769129,
              59.5572593
            ],
            [
              150.7771726,
              59.5571049
            ],
            [
              150.7773633,
              59.5570093
            ],
            [
              150.7775161,
              59.5569226
            ],
            [
              150.7776675,
              59.556826
            ],
            [
              150.7777887,
              59.556709
            ],
            [
              150.7778983,
              59.5565418
            ],
            [
              150.7780471,
              59.5562389
            ],
            [
              150.778304,
              59.5557171
            ],
            [
              150.7786258,
              59.5552999
            ],
            [
              150.7788936,
              59.5548394
            ],
            [
              150.7794156,
              59.5538879
            ],
            [
              150.7796873,
              59.553382
            ],
            [
              150.7799994,
              59.5528275
            ],
            [
              150.7804049,
              59.5521418
            ],
            [
              150.7808877,
              59.5512264
            ],
            [
              150.7810822,
              59.5507407
            ],
            [
              150.7813362,
              59.5502158
            ],
            [
              150.7816419,
              59.5495843
            ],
            [
              150.7819264,
              59.5490145
            ],
            [
              150.7821953,
              59.5483832
            ],
            [
              150.7823849,
              59.5478959
            ],
            [
              150.7824567,
              59.5476759
            ],
            [
              150.7825144,
              59.5472529
            ],
            [
              150.782713,
              59.5463867
            ],
            [
              150.7829788,
              59.5452176
            ],
            [
              150.7829825,
              59.5449927
            ],
            [
              150.7830723,
              59.5446713
            ],
            [
              150.7830723,
              59.544318
            ],
            [
              150.783101,
              59.5440339
            ],
            [
              150.7831809,
              59.5438085
            ],
            [
              150.7833358,
              59.543202
            ],
            [
              150.7833147,
              59.5428129
            ],
            [
              150.7833336,
              59.5422764
            ],
            [
              150.7833119,
              59.5421948
            ],
            [
              150.7833114,
              59.5420803
            ],
            [
              150.7833212,
              59.5419729
            ],
            [
              150.7832879,
              59.5418223
            ],
            [
              150.7832366,
              59.5417591
            ],
            [
              150.7830979,
              59.5413961
            ],
            [
              150.7823739,
              59.5414636
            ],
            [
              150.7821851,
              59.5413647
            ],
            [
              150.7822138,
              59.5412457
            ],
            [
              150.782185,
              59.5410963
            ],
            [
              150.7822017,
              59.5409149
            ],
            [
              150.7821689,
              59.5408405
            ],
            [
              150.7821068,
              59.5407735
            ],
            [
              150.7820933,
              59.5407079
            ],
            [
              150.7820771,
              59.5406272
            ],
            [
              150.7820205,
              59.5406026
            ],
            [
              150.7819503,
              59.5406682
            ],
            [
              150.7819314,
              59.5407311
            ],
            [
              150.7818936,
              59.5408091
            ],
            [
              150.7818019,
              59.5408939
            ],
            [
              150.7816319,
              59.5409664
            ],
            [
              150.7814458,
              59.5410033
            ],
            [
              150.7812237,
              59.5410093
            ],
            [
              150.7793589,
              59.5408646
            ],
            [
              150.7788802,
              59.5408027
            ],
            [
              150.7783444,
              59.5407379
            ],
            [
              150.7782108,
              59.5408696
            ],
            [
              150.7780382,
              59.5408263
            ],
            [
              150.7781977,
              59.5407032
            ],
            [
              150.7771027,
              59.54072
            ],
            [
              150.7769207,
              59.5406921
            ],
            [
              150.775341,
              59.541456
            ],
            [
              150.7750646,
              59.5413157
            ],
            [
              150.7755311,
              59.5410747
            ],
            [
              150.775909,
              59.5408294
            ],
            [
              150.7751718,
              59.5405367
            ],
            [
              150.7744346,
              59.5407665
            ],
            [
              150.7742975,
              59.5407812
            ],
            [
              150.7741947,
              59.5407745
            ],
            [
              150.7742213,
              59.5407287
            ],
            [
              150.7742706,
              59.5406907
            ],
            [
              150.7744374,
              59.5406202
            ],
            [
              150.7752955,
              59.5403537
            ],
            [
              150.775473,
              59.540301
            ],
            [
              150.7755332,
              59.5402326
            ],
            [
              150.776547,
              59.539417
            ],
            [
              150.7766224,
              59.5392723
            ],
            [
              150.776419,
              59.5391381
            ],
            [
              150.7762689,
              59.5391267
            ],
            [
              150.7759179,
              59.5390851
            ],
            [
              150.7756147,
              59.5390347
            ],
            [
              150.7750769,
              59.5389562
            ],
            [
              150.7745684,
              59.5387912
            ],
            [
              150.7740576,
              59.5385288
            ],
            [
              150.7731889,
              59.5385758
            ],
            [
              150.7730397,
              59.5384834
            ],
            [
              150.7731834,
              59.5383558
            ],
            [
              150.7726335,
              59.5380594
            ],
            [
              150.7725173,
              59.5380109
            ],
            [
              150.7724747,
              59.5379932
            ],
            [
              150.7723419,
              59.5379378
            ],
            [
              150.771977,
              59.5377857
            ],
            [
              150.7715608,
              59.5375471
            ],
            [
              150.7710862,
              59.5372975
            ],
            [
              150.7707914,
              59.5375084
            ],
            [
              150.7698499,
              59.5382086
            ],
            [
              150.7698433,
              59.5382682
            ],
            [
              150.7699257,
              59.5383014
            ],
            [
              150.7699593,
              59.5382863
            ],
            [
              150.7704582,
              59.5384255
            ],
            [
              150.7703778,
              59.5384956
            ],
            [
              150.7698838,
              59.5383483
            ],
            [
              150.7698296,
              59.5383784
            ],
            [
              150.7698033,
              59.5385233
            ],
            [
              150.769891,
              59.5386783
            ],
            [
              150.7697356,
              59.5387402
            ],
            [
              150.7694731,
              59.5385108
            ],
            [
              150.7691058,
              59.5385153
            ],
            [
              150.7691137,
              59.5383989
            ],
            [
              150.7693061,
              59.5384082
            ],
            [
              150.7694586,
              59.5381875
            ],
            [
              150.7694025,
              59.5381701
            ],
            [
              150.7703976,
              59.5373762
            ],
            [
              150.7704586,
              59.5373275
            ],
            [
              150.7704207,
              59.5372922
            ],
            [
              150.7708047,
              59.5369355
            ],
            [
              150.7707296,
              59.5368309
            ],
            [
              150.7706359,
              59.5367952
            ],
            [
              150.7704624,
              59.5368594
            ],
            [
              150.770106,
              59.5365812
            ],
            [
              150.7700803,
              59.5364959
            ],
            [
              150.7701294,
              59.5364124
            ],
            [
              150.7699747,
              59.5362983
            ],
            [
              150.7698293,
              59.5361414
            ],
            [
              150.7697777,
              59.5358395
            ],
            [
              150.7697943,
              59.5357701
            ],
            [
              150.7696803,
              59.5356656
            ],
            [
              150.7695012,
              59.5355015
            ],
            [
              150.7690326,
              59.5349562
            ],
            [
              150.7681096,
              59.5341242
            ],
            [
              150.7662471,
              59.5328186
            ],
            [
              150.7649351,
              59.5321197
            ],
            [
              150.7642328,
              59.5316147
            ],
            [
              150.7634533,
              59.5312932
            ],
            [
              150.7622602,
              59.5309581
            ],
            [
              150.7617115,
              59.5308857
            ],
            [
              150.7612177,
              59.5308898
            ],
            [
              150.7611008,
              59.5308907
            ],
            [
              150.7610571,
              59.5308911
            ],
            [
              150.760389,
              59.5307184
            ],
            [
              150.7600029,
              59.5306186
            ],
            [
              150.7590076,
              59.5301788
            ],
            [
              150.7583212,
              59.5299554
            ],
            [
              150.75742,
              59.5298792
            ],
            [
              150.7566298,
              59.529648
            ],
            [
              150.7558,
              59.5297214
            ],
            [
              150.7549417,
              59.5299227
            ],
            [
              150.7543771,
              59.5299374
            ],
            [
              150.7539544,
              59.5299137
            ],
            [
              150.7536531,
              59.5299176
            ],
            [
              150.753285,
              59.5298911
            ],
            [
              150.7529997,
              59.5298737
            ],
            [
              150.7527744,
              59.529852
            ],
            [
              150.7527959,
              59.5297432
            ],
            [
              150.7530319,
              59.5296616
            ],
            [
              150.753268,
              59.5295473
            ],
            [
              150.7533645,
              59.5293841
            ],
            [
              150.7528723,
              59.5294865
            ],
            [
              150.7525277,
              59.5296996
            ],
            [
              150.7521843,
              59.5297214
            ],
            [
              150.7523989,
              59.5295745
            ],
            [
              150.7524418,
              59.529346
            ],
            [
              150.7526028,
              59.5291338
            ],
            [
              150.7522273,
              59.5289543
            ],
            [
              150.7514655,
              59.5288074
            ],
            [
              150.7508218,
              59.5286781
            ],
            [
              150.7503416,
              59.5285363
            ],
            [
              150.7494807,
              59.5285027
            ],
            [
              150.7488336,
              59.5285772
            ],
            [
              150.7479786,
              59.5285626
            ],
            [
              150.7475173,
              59.5285609
            ],
            [
              150.7468521,
              59.5287095
            ],
            [
              150.7462513,
              59.5287748
            ],
            [
              150.7459902,
              59.5287667
            ],
            [
              150.7456727,
              59.5289398
            ],
            [
              150.7449761,
              59.5289526
            ],
            [
              150.7445013,
              59.5288366
            ],
            [
              150.7442076,
              59.5288786
            ],
            [
              150.7439394,
              59.5289602
            ],
            [
              150.7436832,
              59.5290125
            ],
            [
              150.7433948,
              59.5290815
            ],
            [
              150.7430689,
              59.5291043
            ],
            [
              150.7428711,
              59.5290856
            ],
            [
              150.742741,
              59.5289934
            ],
            [
              150.7426485,
              59.5289776
            ],
            [
              150.742546,
              59.5289601
            ],
            [
              150.7422603,
              59.5289621
            ],
            [
              150.7419097,
              59.5289948
            ],
            [
              150.7416997,
              59.5290146
            ],
            [
              150.741316,
              59.5290087
            ],
            [
              150.7403397,
              59.5289216
            ],
            [
              150.7399373,
              59.52884
            ],
            [
              150.7397388,
              59.528802
            ],
            [
              150.7394653,
              59.5287965
            ],
            [
              150.7392669,
              59.5287993
            ],
            [
              150.739122,
              59.5288428
            ],
            [
              150.7389986,
              59.5288618
            ],
            [
              150.7388767,
              59.5288281
            ],
            [
              150.738836,
              59.5287438
            ],
            [
              150.7388016,
              59.5286616
            ],
            [
              150.7387152,
              59.5286094
            ],
            [
              150.7385887,
              59.5285956
            ],
            [
              150.7384368,
              59.5285791
            ],
            [
              150.7382107,
              59.5285545
            ],
            [
              150.7378858,
              59.5285535
            ],
            [
              150.7375935,
              59.5285785
            ],
            [
              150.7374711,
              59.5286274
            ],
            [
              150.7373041,
              59.5287281
            ],
            [
              150.7371291,
              59.5288716
            ],
            [
              150.7370606,
              59.5289875
            ],
            [
              150.7370031,
              59.529139
            ],
            [
              150.7369996,
              59.5292457
            ],
            [
              150.7370381,
              59.5293549
            ],
            [
              150.7371394,
              59.5295019
            ],
            [
              150.7372033,
              59.5295257
            ],
            [
              150.737257,
              59.5296122
            ],
            [
              150.7373076,
              59.5297509
            ],
            [
              150.7372975,
              59.5298586
            ],
            [
              150.7372674,
              59.529927
            ],
            [
              150.7372681,
              59.530392
            ],
            [
              150.7372031,
              59.5304793
            ],
            [
              150.7371268,
              59.5305344
            ],
            [
              150.7370049,
              59.5305653
            ],
            [
              150.7368647,
              59.5305577
            ],
            [
              150.7367105,
              59.5305111
            ],
            [
              150.7366399,
              59.5304225
            ],
            [
              150.736533,
              59.5300041
            ],
            [
              150.7365688,
              59.5299508
            ],
            [
              150.7365081,
              59.5298585
            ],
            [
              150.7364389,
              59.5294673
            ],
            [
              150.7364643,
              59.5294073
            ],
            [
              150.7364206,
              59.5293701
            ],
            [
              150.7363852,
              59.5291712
            ],
            [
              150.7364359,
              59.5291394
            ],
            [
              150.736531,
              59.5288901
            ],
            [
              150.7367154,
              59.5286256
            ],
            [
              150.7367593,
              59.5284465
            ],
            [
              150.7368864,
              59.5282726
            ],
            [
              150.7370397,
              59.5281365
            ],
            [
              150.7372928,
              59.5278686
            ],
            [
              150.7370782,
              59.527757
            ],
            [
              150.7368958,
              59.52767
            ],
            [
              150.7365926,
              59.5275338
            ],
            [
              150.7363444,
              59.5274309
            ],
            [
              150.7360205,
              59.527277
            ],
            [
              150.7357264,
              59.5271694
            ],
            [
              150.7353562,
              59.5270932
            ],
            [
              150.734911,
              59.526979
            ],
            [
              150.7345515,
              59.5268892
            ],
            [
              150.7342082,
              59.5267913
            ],
            [
              150.7338864,
              59.5267287
            ],
            [
              150.7334304,
              59.5266335
            ],
            [
              150.7329744,
              59.5265464
            ],
            [
              150.7327169,
              59.5264675
            ],
            [
              150.732395,
              59.5263179
            ],
            [
              150.732201,
              59.5262377
            ],
            [
              150.7348905,
              59.5231523
            ],
            [
              150.7576385,
              59.5230629
            ],
            [
              150.7621,
              59.5242688
            ],
            [
              150.7643601,
              59.5251768
            ],
            [
              150.7677063,
              59.5265017
            ],
            [
              150.7704147,
              59.5273948
            ],
            [
              150.7704292,
              59.5274218
            ],
            [
              150.77046,
              59.5274321
            ],
            [
              150.7705593,
              59.5274651
            ],
            [
              150.7720504,
              59.5279605
            ],
            [
              150.7766,
              59.5294489
            ],
            [
              150.7899552,
              59.5302676
            ],
            [
              150.7990837,
              59.5262189
            ],
            [
              150.799874,
              59.5258624
            ],
            [
              150.8287882,
              59.512819
            ],
            [
              150.8312882,
              59.5116514
            ],
            [
              150.8320322,
              59.5112957
            ],
            [
              150.8354805,
              59.5096469
            ],
            [
              150.8719359,
              59.4901909
            ],
            [
              150.8624258,
              59.4911148
            ],
            [
              150.8520938,
              59.4885964
            ],
            [
              150.8480865,
              59.4854882
            ],
            [
              150.8462527,
              59.4840658
            ],
            [
              150.8492173,
              59.4831417
            ],
            [
              150.8653023,
              59.4863461
            ],
            [
              150.8714663,
              59.4854667
            ],
            [
              150.8782026,
              59.486741
            ],
            [
              150.9033427,
              59.4730198
            ],
            [
              150.9368629,
              59.4767469
            ],
            [
              150.9407706,
              59.4725487
            ],
            [
              150.9410477,
              59.4728388
            ],
            [
              150.9418287,
              59.4734081
            ],
            [
              150.942564,
              59.4738123
            ],
            [
              150.9434984,
              59.4743396
            ],
            [
              150.9444555,
              59.4747475
            ],
            [
              150.9453406,
              59.4750875
            ],
            [
              150.94676,
              59.4758876
            ],
            [
              150.9484957,
              59.4766764
            ],
            [
              150.9502142,
              59.4774592
            ],
            [
              150.9512608,
              59.4779254
            ],
            [
              150.9524435,
              59.4782625
            ],
            [
              150.9541499,
              59.4786321
            ],
            [
              150.9560378,
              59.4789088
            ],
            [
              150.9572121,
              59.4791366
            ],
            [
              150.95807,
              59.4792556
            ],
            [
              150.9586385,
              59.4795293
            ],
            [
              150.9597105,
              59.4800649
            ],
            [
              150.960709,
              59.48044
            ],
            [
              150.9609464,
              59.480613
            ],
            [
              150.9609598,
              59.4808444
            ],
            [
              150.9609046,
              59.4810303
            ],
            [
              150.9609011,
              59.481276
            ],
            [
              150.9609308,
              59.4815757
            ],
            [
              150.9608901,
              59.4818641
            ],
            [
              150.9607617,
              59.4821084
            ],
            [
              150.9605622,
              59.4823499
            ],
            [
              150.9602585,
              59.4825638
            ],
            [
              150.9599023,
              59.4827153
            ],
            [
              150.9595971,
              59.4828005
            ],
            [
              150.9592756,
              59.4828528
            ],
            [
              150.9585826,
              59.4828896
            ],
            [
              150.9574055,
              59.4828381
            ],
            [
              150.9568047,
              59.4827803
            ],
            [
              150.9562073,
              59.4827393
            ],
            [
              150.9556772,
              59.482736
            ],
            [
              150.9551924,
              59.4827822
            ],
            [
              150.9548963,
              59.4828301
            ],
            [
              150.9546041,
              59.4829196
            ],
            [
              150.9539954,
              59.4831596
            ],
            [
              150.9538323,
              59.4832682
            ],
            [
              150.95364,
              59.483366
            ],
            [
              150.9530198,
              59.4834577
            ],
            [
              150.9523714,
              59.4836522
            ],
            [
              150.9520431,
              59.4837077
            ],
            [
              150.9517977,
              59.4838371
            ],
            [
              150.9516222,
              59.4838932
            ],
            [
              150.9513073,
              59.4839375
            ],
            [
              150.9511165,
              59.4839194
            ],
            [
              150.949817,
              59.4839257
            ],
            [
              150.9490131,
              59.4839379
            ],
            [
              150.9475276,
              59.484209
            ],
            [
              150.9460342,
              59.4844176
            ],
            [
              150.944757,
              59.4847205
            ],
            [
              150.9413394,
              59.4851381
            ],
            [
              150.9390272,
              59.4853323
            ],
            [
              150.9378779,
              59.4853945
            ],
            [
              150.9377489,
              59.4854015
            ],
            [
              150.9374538,
              59.4855469
            ],
            [
              150.934586,
              59.4859632
            ],
            [
              150.9326221,
              59.4860279
            ],
            [
              150.9308062,
              59.4858904
            ],
            [
              150.9301711,
              59.4857684
            ],
            [
              150.9294689,
              59.4857705
            ],
            [
              150.9289764,
              59.4858318
            ],
            [
              150.9274878,
              59.4859707
            ],
            [
              150.9268258,
              59.4859525
            ],
            [
              150.9252718,
              59.4858629
            ],
            [
              150.9234377,
              59.4859293
            ],
            [
              150.9182498,
              59.4858817
            ],
            [
              150.916167,
              59.4857475
            ],
            [
              150.9156448,
              59.485857
            ],
            [
              150.9150414,
              59.486263
            ],
            [
              150.9145094,
              59.4867237
            ],
            [
              150.9141787,
              59.4870324
            ],
            [
              150.9138986,
              59.4873686
            ],
            [
              150.9133541,
              59.48805
            ],
            [
              150.9125078,
              59.4893133
            ],
            [
              150.9119126,
              59.4904505
            ],
            [
              150.9117115,
              59.4908853
            ],
            [
              150.9115284,
              59.4913386
            ],
            [
              150.9113801,
              59.4917589
            ],
            [
              150.9112254,
              59.4921507
            ],
            [
              150.9112035,
              59.4924626
            ],
            [
              150.9112045,
              59.4926011
            ],
            [
              150.9112347,
              59.4927451
            ],
            [
              150.911239,
              59.4927659
            ],
            [
              150.9113281,
              59.4929636
            ],
            [
              150.9115163,
              59.4938401
            ],
            [
              150.9115552,
              59.493948
            ],
            [
              150.9116735,
              59.4941205
            ],
            [
              150.9119465,
              59.4942816
            ],
            [
              150.9121685,
              59.4943511
            ],
            [
              150.9123958,
              59.4944615
            ],
            [
              150.9125886,
              59.4945956
            ],
            [
              150.9127538,
              59.4947356
            ],
            [
              150.9131192,
              59.4948455
            ],
            [
              150.9133221,
              59.494919
            ],
            [
              150.913383,
              59.4950283
            ],
            [
              150.9134948,
              59.4951881
            ],
            [
              150.9135368,
              59.4952732
            ],
            [
              150.9135933,
              59.4953558
            ],
            [
              150.9138534,
              59.4954294
            ],
            [
              150.9141226,
              59.495499
            ],
            [
              150.9145155,
              59.4956586
            ],
            [
              150.9146019,
              59.4957294
            ],
            [
              150.9147893,
              59.4958312
            ],
            [
              150.9148693,
              59.4958955
            ],
            [
              150.9148974,
              59.4960689
            ],
            [
              150.9148483,
              59.4961883
            ],
            [
              150.914793,
              59.496313
            ],
            [
              150.9146514,
              59.4965989
            ],
            [
              150.914566,
              59.4967681
            ],
            [
              150.9145787,
              59.4968878
            ],
            [
              150.9146869,
              59.4970046
            ],
            [
              150.9148274,
              59.4971732
            ],
            [
              150.915048,
              59.4973672
            ],
            [
              150.9150927,
              59.4975094
            ],
            [
              150.9150944,
              59.4976811
            ],
            [
              150.9151076,
              59.4978788
            ],
            [
              150.9150964,
              59.4980903
            ],
            [
              150.9150613,
              59.4981917
            ],
            [
              150.9151602,
              59.4982709
            ],
            [
              150.9152228,
              59.4984079
            ],
            [
              150.9153278,
              59.498552
            ],
            [
              150.9155262,
              59.4986662
            ],
            [
              150.9157777,
              59.4987609
            ],
            [
              150.9161185,
              59.4987616
            ],
            [
              150.9163379,
              59.4988051
            ],
            [
              150.9165463,
              59.4988037
            ],
            [
              150.9167242,
              59.4988277
            ],
            [
              150.9169689,
              59.4988223
            ],
            [
              150.9172313,
              59.4988439
            ],
            [
              150.9175407,
              59.4988455
            ],
            [
              150.9180714,
              59.4987522
            ],
            [
              150.9185712,
              59.498638
            ],
            [
              150.9187858,
              59.4985984
            ],
            [
              150.9189633,
              59.4985977
            ],
            [
              150.9191853,
              59.4986464
            ],
            [
              150.9193382,
              59.4987094
            ],
            [
              150.9194086,
              59.4988407
            ],
            [
              150.9194947,
              59.4990023
            ],
            [
              150.9197807,
              59.4996662
            ],
            [
              150.919988,
              59.500243
            ],
            [
              150.9202526,
              59.500824
            ],
            [
              150.920476,
              59.5011822
            ],
            [
              150.9207728,
              59.5015191
            ],
            [
              150.9210292,
              59.5018128
            ],
            [
              150.9212782,
              59.5020265
            ],
            [
              150.9216538,
              59.5022146
            ],
            [
              150.9224588,
              59.5025522
            ],
            [
              150.9232174,
              59.5028611
            ],
            [
              150.9235573,
              59.5029807
            ],
            [
              150.9239028,
              59.5030689
            ],
            [
              150.9246359,
              59.5032189
            ],
            [
              150.9250399,
              59.5033798
            ],
            [
              150.9254948,
              59.5035192
            ],
            [
              150.9258087,
              59.5035665
            ],
            [
              150.9261221,
              59.503577
            ],
            [
              150.9264781,
              59.5035588
            ],
            [
              150.9267273,
              59.5035457
            ],
            [
              150.9273983,
              59.5034933
            ],
            [
              150.9281048,
              59.5034756
            ],
            [
              150.9285957,
              59.5035427
            ],
            [
              150.9290617,
              59.5036853
            ],
            [
              150.9294414,
              59.5038505
            ],
            [
              150.9298281,
              59.5040464
            ],
            [
              150.9305969,
              59.504355
            ],
            [
              150.9311091,
              59.5045972
            ],
            [
              150.9315126,
              59.5048055
            ],
            [
              150.9318756,
              59.5049756
            ],
            [
              150.9322793,
              59.5051211
            ],
            [
              150.9327032,
              59.5053204
            ],
            [
              150.9329811,
              59.5054928
            ],
            [
              150.9332235,
              59.5056644
            ],
            [
              150.9333997,
              59.5057624
            ],
            [
              150.9336028,
              59.5058216
            ],
            [
              150.9340715,
              59.5059263
            ],
            [
              150.9344642,
              59.5060159
            ],
            [
              150.9348809,
              59.5061007
            ],
            [
              150.9352636,
              59.5061951
            ],
            [
              150.9357054,
              59.5063037
            ],
            [
              150.93617,
              59.5063477
            ],
            [
              150.9364067,
              59.5063482
            ],
            [
              150.9366312,
              59.5063143
            ],
            [
              150.9370474,
              59.5062433
            ],
            [
              150.9372876,
              59.5061588
            ],
            [
              150.937456,
              59.5060507
            ],
            [
              150.9376001,
              59.5059458
            ],
            [
              150.9376688,
              59.5058896
            ],
            [
              150.9380227,
              59.5047723
            ],
            [
              150.9380814,
              59.5047163
            ],
            [
              150.9381347,
              59.5047075
            ],
            [
              150.9382048,
              59.5046982
            ],
            [
              150.9384277,
              59.5047286
            ],
            [
              150.9385547,
              59.5047606
            ],
            [
              150.9383753,
              59.5049635
            ],
            [
              150.9384288,
              59.5050165
            ],
            [
              150.9384539,
              59.5051289
            ],
            [
              150.9383839,
              59.505287
            ],
            [
              150.9383324,
              59.5054184
            ],
            [
              150.9382348,
              59.5056748
            ],
            [
              150.9381457,
              59.5058726
            ],
            [
              150.9380783,
              59.5060219
            ],
            [
              150.9379283,
              59.5061584
            ],
            [
              150.9376818,
              59.5062919
            ],
            [
              150.9374806,
              59.5063752
            ],
            [
              150.937199,
              59.5064768
            ],
            [
              150.9369329,
              59.5065457
            ],
            [
              150.9367606,
              59.5066521
            ],
            [
              150.9366146,
              59.5068338
            ],
            [
              150.9365366,
              59.5070275
            ],
            [
              150.9364737,
              59.5072364
            ],
            [
              150.9365049,
              59.5074819
            ],
            [
              150.9365388,
              59.5077085
            ],
            [
              150.9366849,
              59.5080307
            ],
            [
              150.9367592,
              59.5082073
            ],
            [
              150.9369235,
              59.5084169
            ],
            [
              150.937124,
              59.5086479
            ],
            [
              150.9372894,
              59.5089052
            ],
            [
              150.9375089,
              59.5091226
            ],
            [
              150.9378094,
              59.5093481
            ],
            [
              150.9382277,
              59.5095498
            ],
            [
              150.9384127,
              59.5096511
            ],
            [
              150.9386367,
              59.5098333
            ],
            [
              150.9388285,
              59.5100687
            ],
            [
              150.9388812,
              59.5102143
            ],
            [
              150.9387823,
              59.5103344
            ],
            [
              150.9383917,
              59.5105754
            ],
            [
              150.9383102,
              59.510745
            ],
            [
              150.9383171,
              59.510943
            ],
            [
              150.9383328,
              59.5112011
            ],
            [
              150.9382477,
              59.5113872
            ],
            [
              150.9382895,
              59.5116615
            ],
            [
              150.9384272,
              59.5119724
            ],
            [
              150.938648,
              59.5123723
            ],
            [
              150.9389121,
              59.5128373
            ],
            [
              150.939249,
              59.5131097
            ],
            [
              150.9394995,
              59.5134487
            ],
            [
              150.9395492,
              59.5136362
            ],
            [
              150.9395379,
              59.5139199
            ],
            [
              150.9397616,
              59.5143509
            ],
            [
              150.9399487,
              59.5146219
            ],
            [
              150.9401272,
              59.5148325
            ],
            [
              150.9404825,
              59.515311
            ],
            [
              150.9407809,
              59.5156612
            ],
            [
              150.9409081,
              59.5158295
            ],
            [
              150.9411394,
              59.5161169
            ],
            [
              150.9416262,
              59.5167004
            ],
            [
              150.9417826,
              59.5168673
            ],
            [
              150.9420445,
              59.517126
            ],
            [
              150.9422834,
              59.5173704
            ],
            [
              150.9426233,
              59.5176943
            ],
            [
              150.9427377,
              59.517836
            ],
            [
              150.9428519,
              59.5180113
            ],
            [
              150.9430438,
              59.5182227
            ],
            [
              150.9433824,
              59.518407
            ],
            [
              150.9434583,
              59.5185211
            ],
            [
              150.9435125,
              59.518659
            ],
            [
              150.9437168,
              59.5189684
            ],
            [
              150.9437717,
              59.5190352
            ],
            [
              150.9438595,
              59.519127
            ],
            [
              150.9439747,
              59.5192634
            ],
            [
              150.9441166,
              59.5193613
            ],
            [
              150.9441364,
              59.5194791
            ],
            [
              150.9442899,
              59.5195892
            ],
            [
              150.9443752,
              59.519712
            ],
            [
              150.9445098,
              59.5198749
            ],
            [
              150.9444521,
              59.5200052
            ],
            [
              150.9445821,
              59.5201913
            ],
            [
              150.9445909,
              59.5202833
            ],
            [
              150.9446896,
              59.5204392
            ],
            [
              150.9447609,
              59.5204726
            ],
            [
              150.9447939,
              59.5205255
            ],
            [
              150.9447774,
              59.5206089
            ],
            [
              150.9446622,
              59.5206841
            ],
            [
              150.9445218,
              59.5207528
            ],
            [
              150.9443712,
              59.5208603
            ],
            [
              150.9442654,
              59.52097
            ],
            [
              150.9441303,
              59.5211627
            ],
            [
              150.9440692,
              59.5213007
            ],
            [
              150.94403,
              59.5214502
            ],
            [
              150.9435808,
              59.5215614
            ],
            [
              150.9429655,
              59.5217008
            ],
            [
              150.9423154,
              59.5217756
            ],
            [
              150.9416526,
              59.5217816
            ],
            [
              150.9412553,
              59.5217353
            ],
            [
              150.9405782,
              59.5216898
            ],
            [
              150.939711,
              59.5215669
            ],
            [
              150.9387877,
              59.5214535
            ],
            [
              150.9377689,
              59.5213689
            ],
            [
              150.9367075,
              59.5212593
            ],
            [
              150.9355873,
              59.5211416
            ],
            [
              150.9344887,
              59.5209887
            ],
            [
              150.9336572,
              59.5209358
            ],
            [
              150.9332842,
              59.5209418
            ],
            [
              150.9330535,
              59.5209695
            ],
            [
              150.9326574,
              59.520968
            ],
            [
              150.9321557,
              59.5209387
            ],
            [
              150.9306675,
              59.5208694
            ],
            [
              150.9297153,
              59.5208565
            ],
            [
              150.9292486,
              59.5208777
            ],
            [
              150.9288147,
              59.5209566
            ],
            [
              150.9281021,
              59.5211091
            ],
            [
              150.9273842,
              59.5212749
            ],
            [
              150.9266166,
              59.5215125
            ],
            [
              150.9258922,
              59.521803
            ],
            [
              150.924927,
              59.5222736
            ],
            [
              150.9239223,
              59.522778
            ],
            [
              150.9227265,
              59.5234597
            ],
            [
              150.9220858,
              59.5237068
            ],
            [
              150.9215106,
              59.5238585
            ],
            [
              150.9206229,
              59.5239362
            ],
            [
              150.9198479,
              59.5240812
            ],
            [
              150.9193596,
              59.524255
            ],
            [
              150.9182295,
              59.5246778
            ],
            [
              150.9168638,
              59.5250165
            ],
            [
              150.9158382,
              59.5253197
            ],
            [
              150.9152471,
              59.5256109
            ],
            [
              150.9148344,
              59.5257073
            ],
            [
              150.9144091,
              59.5258066
            ],
            [
              150.9137825,
              59.526126
            ],
            [
              150.9132563,
              59.5264642
            ],
            [
              150.9123922,
              59.5271753
            ],
            [
              150.9109314,
              59.5281874
            ],
            [
              150.910364,
              59.5284106
            ],
            [
              150.9101259,
              59.528559
            ],
            [
              150.9091083,
              59.5293637
            ],
            [
              150.9084788,
              59.529786
            ],
            [
              150.9078733,
              59.5300291
            ],
            [
              150.9070514,
              59.5305369
            ],
            [
              150.9060118,
              59.5309679
            ],
            [
              150.904502,
              59.5315385
            ],
            [
              150.9038199,
              59.5316886
            ],
            [
              150.9030914,
              59.5317614
            ],
            [
              150.9023491,
              59.5318581
            ],
            [
              150.9018989,
              59.5320478
            ],
            [
              150.9015735,
              59.532434
            ],
            [
              150.9012562,
              59.5328418
            ],
            [
              150.9009224,
              59.5335539
            ],
            [
              150.9006633,
              59.5341546
            ],
            [
              150.9002398,
              59.5347793
            ],
            [
              150.8997052,
              59.5351172
            ],
            [
              150.8987203,
              59.5355336
            ],
            [
              150.8976971,
              59.5359447
            ],
            [
              150.8972372,
              59.5362278
            ],
            [
              150.8959745,
              59.5389021
            ],
            [
              150.8952246,
              59.5393032
            ],
            [
              150.894899,
              59.5394328
            ],
            [
              150.8945133,
              59.5394884
            ],
            [
              150.8944809,
              59.5395015
            ],
            [
              150.8940246,
              59.5396857
            ],
            [
              150.8935307,
              59.5399259
            ]
          ],
          [
            [
              150.8880209,
              59.595701
            ],
            [
              150.8868762,
              59.5954039
            ],
            [
              150.8855847,
              59.5949582
            ],
            [
              150.8849096,
              59.5942526
            ],
            [
              150.8749885,
              59.5959461
            ],
            [
              150.8761773,
              59.5981297
            ],
            [
              150.8748124,
              59.5982188
            ],
            [
              150.8745159,
              59.5981913
            ],
            [
              150.8730513,
              59.5980554
            ],
            [
              150.8720973,
              59.5979737
            ],
            [
              150.8726263,
              59.5982479
            ],
            [
              150.8728141,
              59.5982289
            ],
            [
              150.873329,
              59.5982995
            ],
            [
              150.8741717,
              59.5984445
            ],
            [
              150.8747684,
              59.5984862
            ],
            [
              150.8763241,
              59.5984342
            ],
            [
              150.8784521,
              59.5989318
            ],
            [
              150.8796555,
              59.5987536
            ],
            [
              150.8813139,
              59.5995854
            ],
            [
              150.8823465,
              59.599881
            ],
            [
              150.8859527,
              59.5991612
            ],
            [
              150.8896206,
              59.5981817
            ],
            [
              150.8894367,
              59.5978505
            ],
            [
              150.888387,
              59.5976642
            ],
            [
              150.8882904,
              59.5969149
            ],
            [
              150.8880209,
              59.595701
            ]
          ]
        ]
      },
      "id": "relation/7619051"
    }
  ]
}