{
  "type": "FeatureCollection",
  "generator": "overpass-turbo",
  "copyright": "The data included in this document is from www.openstreetmap.org. The data is made available under ODbL.",
  "timestamp": "2026-06-04T19:14:00Z",
  "features": [
    {
      "type": "Feature",
      "properties": {
        "@id": "relation/1785054",
        "addr:city": "Хабаровск",
        "admin_level": "9",
        "boundary": "administrative",
        "name": "Железнодорожный район",
        "source": "Росреестр",
        "type": "boundary",
        "wikidata": "Q4178970"
      },
      "geometry": {
        "type": "Polygon",
        "coordinates": [
          [
            [
              135.1529925,
              48.5441038
            ],
            [
              135.1524084,
              48.5438346
            ],
            [
              135.1516328,
              48.5434245
            ],
            [
              135.1500106,
              48.54331
            ],
            [
              135.1483607,
              48.5431936
            ],
            [
              135.1467615,
              48.5432532
            ],
            [
              135.1460941,
              48.5436817
            ],
            [
              135.1437617,
              48.5436803
            ],
            [
              135.1437335,
              48.5437091
            ],
            [
              135.1435766,
              48.54368
            ],
            [
              135.1425393,
              48.5436785
            ],
            [
              135.142145,
              48.5436939
            ],
            [
              135.141158,
              48.5437293
            ],
            [
              135.1399416,
              48.5437289
            ],
            [
              135.1376751,
              48.5437241
            ],
            [
              135.1354381,
              48.5437141
            ],
            [
              135.1316857,
              48.5436918
            ],
            [
              135.1298001,
              48.543683
            ],
            [
              135.1292369,
              48.543683
            ],
            [
              135.1278293,
              48.5436829
            ],
            [
              135.1278285,
              48.5436902
            ],
            [
              135.1277904,
              48.5437066
            ],
            [
              135.1276378,
              48.5438854
            ],
            [
              135.1276229,
              48.5439773
            ],
            [
              135.1276336,
              48.5440314
            ],
            [
              135.1276698,
              48.544055
            ],
            [
              135.127767,
              48.5440013
            ],
            [
              135.1277992,
              48.5439981
            ],
            [
              135.127864,
              48.5440205
            ],
            [
              135.1279332,
              48.5440754
            ],
            [
              135.1279798,
              48.5441702
            ],
            [
              135.1280037,
              48.5443324
            ],
            [
              135.1279856,
              48.5443746
            ],
            [
              135.1279367,
              48.5443901
            ],
            [
              135.127826,
              48.5443804
            ],
            [
              135.1278237,
              48.5442977
            ],
            [
              135.127771,
              48.5442666
            ],
            [
              135.1276866,
              48.5442672
            ],
            [
              135.1275229,
              48.5443133
            ],
            [
              135.1274132,
              48.5442738
            ],
            [
              135.1273102,
              48.5442677
            ],
            [
              135.1272466,
              48.5442866
            ],
            [
              135.1272294,
              48.5443306
            ],
            [
              135.1272215,
              48.5444015
            ],
            [
              135.1271806,
              48.5445221
            ],
            [
              135.1270909,
              48.5445614
            ],
            [
              135.1268928,
              48.5445313
            ],
            [
              135.1268166,
              48.544583
            ],
            [
              135.1266918,
              48.5445946
            ],
            [
              135.126624,
              48.5446159
            ],
            [
              135.1265793,
              48.5446447
            ],
            [
              135.1266,
              48.5446836
            ],
            [
              135.1266689,
              48.5447233
            ],
            [
              135.1266861,
              48.5447459
            ],
            [
              135.1266298,
              48.5447937
            ],
            [
              135.1264912,
              48.5449244
            ],
            [
              135.1263346,
              48.5450726
            ],
            [
              135.1261801,
              48.5452178
            ],
            [
              135.1258507,
              48.5455316
            ],
            [
              135.1256482,
              48.5456573
            ],
            [
              135.1256638,
              48.5458222
            ],
            [
              135.1254537,
              48.5458995
            ],
            [
              135.1252124,
              48.5457192
            ],
            [
              135.1248156,
              48.5459252
            ],
            [
              135.1248934,
              48.5460798
            ],
            [
              135.1246678,
              48.5462137
            ],
            [
              135.1245043,
              48.5461261
            ],
            [
              135.1238741,
              48.546564
            ],
            [
              135.1235628,
              48.5463373
            ],
            [
              135.1232126,
              48.5463631
            ],
            [
              135.122917,
              48.5461158
            ],
            [
              135.1225279,
              48.5463064
            ],
            [
              135.1227069,
              48.5466361
            ],
            [
              135.1224345,
              48.5467031
            ],
            [
              135.1219443,
              48.5463734
            ],
            [
              135.1211273,
              48.546157
            ],
            [
              135.1200923,
              48.546224
            ],
            [
              135.1198978,
              48.5459767
            ],
            [
              135.1197033,
              48.5460025
            ],
            [
              135.1197811,
              48.5461879
            ],
            [
              135.119641,
              48.5461982
            ],
            [
              135.1191352,
              48.5458119
            ],
            [
              135.1185205,
              48.5459304
            ],
            [
              135.1186139,
              48.5462085
            ],
            [
              135.1181781,
              48.5461982
            ],
            [
              135.1177268,
              48.5455955
            ],
            [
              135.1165518,
              48.5457295
            ],
            [
              135.1158904,
              48.5459458
            ],
            [
              135.1157659,
              48.5461879
            ],
            [
              135.1155403,
              48.5463476
            ],
            [
              135.1151823,
              48.5463167
            ],
            [
              135.1151745,
              48.5465588
            ],
            [
              135.1147077,
              48.5465588
            ],
            [
              135.1143264,
              48.5467906
            ],
            [
              135.113984,
              48.5466413
            ],
            [
              135.1137895,
              48.546667
            ],
            [
              135.113735,
              48.5469194
            ],
            [
              135.1134704,
              48.5469452
            ],
            [
              135.1128382,
              48.5466519
            ],
            [
              135.1124822,
              48.5464867
            ],
            [
              135.1121243,
              48.5467546
            ],
            [
              135.1116418,
              48.5466516
            ],
            [
              135.1114706,
              48.546461
            ],
            [
              135.1109882,
              48.5464558
            ],
            [
              135.1109726,
              48.5467443
            ],
            [
              135.1103423,
              48.5467391
            ],
            [
              135.1102645,
              48.5468679
            ],
            [
              135.1105291,
              48.5470482
            ],
            [
              135.1104435,
              48.54745
            ],
            [
              135.1101011,
              48.5475582
            ],
            [
              135.1102568,
              48.5477282
            ],
            [
              135.1097899,
              48.5480063
            ],
            [
              135.1090584,
              48.547723
            ],
            [
              135.1087472,
              48.5482433
            ],
            [
              135.1081791,
              48.54813
            ],
            [
              135.1082258,
              48.5484648
            ],
            [
              135.1078445,
              48.5484545
            ],
            [
              135.1074866,
              48.5488099
            ],
            [
              135.10758,
              48.5489953
            ],
            [
              135.1063583,
              48.549325
            ],
            [
              135.106226,
              48.5494898
            ],
            [
              135.1059148,
              48.5494486
            ],
            [
              135.1056969,
              48.5495311
            ],
            [
              135.1055257,
              48.5497268
            ],
            [
              135.1051755,
              48.5496444
            ],
            [
              135.1048487,
              48.5497835
            ],
            [
              135.1047087,
              48.5495568
            ],
            [
              135.1043741,
              48.5495414
            ],
            [
              135.1030435,
              48.5512103
            ],
            [
              135.1026155,
              48.551473
            ],
            [
              135.1023431,
              48.5515348
            ],
            [
              135.1021019,
              48.5516893
            ],
            [
              135.1016039,
              48.5516738
            ],
            [
              135.1015417,
              48.551782
            ],
            [
              135.1017751,
              48.5519468
            ],
            [
              135.1017206,
              48.5521735
            ],
            [
              135.1007713,
              48.5524928
            ],
            [
              135.1002111,
              48.5528431
            ],
            [
              135.0996275,
              48.5529152
            ],
            [
              135.0994407,
              48.5530542
            ],
            [
              135.0991839,
              48.5530336
            ],
            [
              135.0984291,
              48.5531933
            ],
            [
              135.0980167,
              48.5534663
            ],
            [
              135.0975265,
              48.5534457
            ],
            [
              135.0973864,
              48.5535178
            ],
            [
              135.0970752,
              48.5535332
            ],
            [
              135.0969429,
              48.5533839
            ],
            [
              135.0968029,
              48.5533839
            ],
            [
              135.0964216,
              48.5536981
            ],
            [
              135.0955734,
              48.5535538
            ],
            [
              135.0951065,
              48.5536672
            ],
            [
              135.0945774,
              48.5540071
            ],
            [
              135.0946085,
              48.5541616
            ],
            [
              135.0942661,
              48.554141
            ],
            [
              135.0941728,
              48.553971
            ],
            [
              135.0935191,
              48.554105
            ],
            [
              135.0936281,
              48.5542595
            ],
            [
              135.0932935,
              48.554553
            ],
            [
              135.0927799,
              48.5542852
            ],
            [
              135.0915271,
              48.5550166
            ],
            [
              135.0911536,
              48.5551299
            ],
            [
              135.0908268,
              48.5554029
            ],
            [
              135.0904066,
              48.5553514
            ],
            [
              135.0903366,
              48.5555934
            ],
            [
              135.0891525,
              48.5561726
            ],
            [
              135.0851853,
              48.5541719
            ],
            [
              135.082314,
              48.5525546
            ],
            [
              135.080003,
              48.5516584
            ],
            [
              135.077762,
              48.5510918
            ],
            [
              135.0738168,
              48.549325
            ],
            [
              135.0640978,
              48.548193
            ],
            [
              135.0654678,
              48.543164
            ],
            [
              135.0683495,
              48.5325847
            ],
            [
              135.062056,
              48.5327866
            ],
            [
              135.0610475,
              48.5320034
            ],
            [
              135.0617634,
              48.5296248
            ],
            [
              135.0609417,
              48.5271802
            ],
            [
              135.0607113,
              48.525832
            ],
            [
              135.0578899,
              48.5259772
            ],
            [
              135.056764,
              48.5263556
            ],
            [
              135.0565648,
              48.5263699
            ],
            [
              135.055751,
              48.5263095
            ],
            [
              135.0557294,
              48.526397
            ],
            [
              135.0554773,
              48.5263747
            ],
            [
              135.0554701,
              48.5262793
            ],
            [
              135.0546947,
              48.5262141
            ],
            [
              135.0526495,
              48.5254987
            ],
            [
              135.0519442,
              48.5248089
            ],
            [
              135.0519425,
              48.5244666
            ],
            [
              135.05188,
              48.5243314
            ],
            [
              135.0519257,
              48.5241995
            ],
            [
              135.0520145,
              48.5241152
            ],
            [
              135.050982,
              48.5238757
            ],
            [
              135.0501599,
              48.5237706
            ],
            [
              135.0507439,
              48.5220712
            ],
            [
              135.0507937,
              48.5219145
            ],
            [
              135.0507377,
              48.5217743
            ],
            [
              135.051466,
              48.5205662
            ],
            [
              135.0546595,
              48.5187438
            ],
            [
              135.0564149,
              48.5179026
            ],
            [
              135.0584194,
              48.5170697
            ],
            [
              135.0572055,
              48.515713
            ],
            [
              135.0578156,
              48.5151563
            ],
            [
              135.0581019,
              48.5146326
            ],
            [
              135.0591415,
              48.5142161
            ],
            [
              135.0576973,
              48.5129502
            ],
            [
              135.0579837,
              48.512777
            ],
            [
              135.0570827,
              48.5119015
            ],
            [
              135.056787,
              48.5120878
            ],
            [
              135.0565984,
              48.5119468
            ],
            [
              135.0582628,
              48.5107572
            ],
            [
              135.0603928,
              48.5094159
            ],
            [
              135.0611584,
              48.508818
            ],
            [
              135.062005,
              48.5080715
            ],
            [
              135.0623723,
              48.5074364
            ],
            [
              135.062387,
              48.5068882
            ],
            [
              135.0622812,
              48.5065275
            ],
            [
              135.0620491,
              48.5061451
            ],
            [
              135.0618743,
              48.5062124
            ],
            [
              135.0615568,
              48.5058485
            ],
            [
              135.0615925,
              48.5058305
            ],
            [
              135.0592482,
              48.5036511
            ],
            [
              135.0601495,
              48.5043713
            ],
            [
              135.0593418,
              48.5033256
            ],
            [
              135.0591061,
              48.5028283
            ],
            [
              135.0589767,
              48.5023276
            ],
            [
              135.0589985,
              48.5019624
            ],
            [
              135.0590922,
              48.5015385
            ],
            [
              135.0592491,
              48.5011656
            ],
            [
              135.0594652,
              48.5007876
            ],
            [
              135.0598586,
              48.5003801
            ],
            [
              135.060269,
              48.5001296
            ],
            [
              135.0607535,
              48.4999334
            ],
            [
              135.0614551,
              48.4996846
            ],
            [
              135.0632127,
              48.4992986
            ],
            [
              135.062918,
              48.4986746
            ],
            [
              135.0632687,
              48.4985808
            ],
            [
              135.0628952,
              48.4979497
            ],
            [
              135.0621918,
              48.4981477
            ],
            [
              135.0611709,
              48.4964976
            ],
            [
              135.0613261,
              48.4964544
            ],
            [
              135.0597033,
              48.4932311
            ],
            [
              135.0600193,
              48.4931562
            ],
            [
              135.0601002,
              48.4930696
            ],
            [
              135.0603929,
              48.4930045
            ],
            [
              135.0605671,
              48.4930325
            ],
            [
              135.0635675,
              48.4923683
            ],
            [
              135.0643828,
              48.4942171
            ],
            [
              135.0672101,
              48.4936013
            ],
            [
              135.0681928,
              48.4933996
            ],
            [
              135.0684418,
              48.493379
            ],
            [
              135.0696058,
              48.4931397
            ],
            [
              135.0703726,
              48.4929932
            ],
            [
              135.0744489,
              48.491898
            ],
            [
              135.0745423,
              48.4917412
            ],
            [
              135.075416,
              48.4914877
            ],
            [
              135.0760923,
              48.4915638
            ],
            [
              135.0762403,
              48.491522
            ],
            [
              135.0774108,
              48.4911912
            ],
            [
              135.077507,
              48.4913267
            ],
            [
              135.0775552,
              48.4913946
            ],
            [
              135.0776357,
              48.4913723
            ],
            [
              135.0788266,
              48.491042
            ],
            [
              135.078962,
              48.4910045
            ],
            [
              135.0789167,
              48.4909332
            ],
            [
              135.0787425,
              48.4906728
            ],
            [
              135.0786907,
              48.4905769
            ],
            [
              135.0808458,
              48.4890201
            ],
            [
              135.0806678,
              48.4889027
            ],
            [
              135.0810973,
              48.4885809
            ],
            [
              135.0813301,
              48.4887182
            ],
            [
              135.0814975,
              48.4885921
            ],
            [
              135.0817747,
              48.4887575
            ],
            [
              135.0820481,
              48.4885672
            ],
            [
              135.0823867,
              48.4887746
            ],
            [
              135.0829804,
              48.4883554
            ],
            [
              135.0851719,
              48.4897174
            ],
            [
              135.0941529,
              48.4952984
            ],
            [
              135.0953005,
              48.4949621
            ],
            [
              135.0960898,
              48.4946144
            ],
            [
              135.0971236,
              48.4939459
            ],
            [
              135.097839,
              48.4932685
            ],
            [
              135.0988092,
              48.4921042
            ],
            [
              135.1018205,
              48.4881726
            ],
            [
              135.1016987,
              48.4877447
            ],
            [
              135.1034381,
              48.4854811
            ],
            [
              135.1037022,
              48.4854758
            ],
            [
              135.1038353,
              48.4854363
            ],
            [
              135.1041113,
              48.4851152
            ],
            [
              135.106178,
              48.482534
            ],
            [
              135.1066579,
              48.4818537
            ],
            [
              135.1075013,
              48.4809906
            ],
            [
              135.110097,
              48.4790511
            ],
            [
              135.1122423,
              48.4790984
            ],
            [
              135.1134383,
              48.4765523
            ],
            [
              135.1135565,
              48.476408
            ],
            [
              135.1141072,
              48.4758112
            ],
            [
              135.1151999,
              48.4747586
            ],
            [
              135.1161278,
              48.4733235
            ],
            [
              135.1163007,
              48.472987
            ],
            [
              135.1140465,
              48.4729023
            ],
            [
              135.1137851,
              48.4733958
            ],
            [
              135.1133057,
              48.4732885
            ],
            [
              135.1110853,
              48.4720488
            ],
            [
              135.1092189,
              48.4712638
            ],
            [
              135.1093596,
              48.4704882
            ],
            [
              135.1095172,
              48.4689172
            ],
            [
              135.1107708,
              48.4689606
            ],
            [
              135.1115577,
              48.4690431
            ],
            [
              135.112024,
              48.4665555
            ],
            [
              135.112432,
              48.4661828
            ],
            [
              135.1151603,
              48.4631476
            ],
            [
              135.1154321,
              48.4631094
            ],
            [
              135.115883,
              48.4631137
            ],
            [
              135.1162206,
              48.4628904
            ],
            [
              135.1162574,
              48.4625737
            ],
            [
              135.1160781,
              48.462435
            ],
            [
              135.1159187,
              48.4622104
            ],
            [
              135.1159337,
              48.4619198
            ],
            [
              135.116088,
              48.461725
            ],
            [
              135.1163251,
              48.4616393
            ],
            [
              135.1165773,
              48.4616407
            ],
            [
              135.1166608,
              48.4614476
            ],
            [
              135.1179543,
              48.4615043
            ],
            [
              135.1176817,
              48.4600936
            ],
            [
              135.1180701,
              48.4593142
            ],
            [
              135.1183988,
              48.457009
            ],
            [
              135.1186179,
              48.4548721
            ],
            [
              135.1204768,
              48.4480668
            ],
            [
              135.1198131,
              48.4476781
            ],
            [
              135.119105,
              48.4473878
            ],
            [
              135.1183359,
              48.4469302
            ],
            [
              135.1182968,
              48.4466828
            ],
            [
              135.1162187,
              48.4454114
            ],
            [
              135.1159933,
              48.4452735
            ],
            [
              135.1166376,
              48.4446683
            ],
            [
              135.1168884,
              48.4437021
            ],
            [
              135.1167599,
              48.4436757
            ],
            [
              135.1180517,
              48.4403239
            ],
            [
              135.1208978,
              48.4395369
            ],
            [
              135.121346,
              48.4393255
            ],
            [
              135.1215711,
              48.4390128
            ],
            [
              135.1217055,
              48.4387485
            ],
            [
              135.1218649,
              48.4381076
            ],
            [
              135.1220774,
              48.436824
            ],
            [
              135.1233454,
              48.4317553
            ],
            [
              135.1237004,
              48.4306565
            ],
            [
              135.1237016,
              48.4302136
            ],
            [
              135.1232782,
              48.4299441
            ],
            [
              135.1231973,
              48.4298357
            ],
            [
              135.1224218,
              48.429727
            ],
            [
              135.1221886,
              48.4298273
            ],
            [
              135.1212773,
              48.4297744
            ],
            [
              135.1213189,
              48.4289149
            ],
            [
              135.121287,
              48.4284681
            ],
            [
              135.1212175,
              48.4280726
            ],
            [
              135.1208825,
              48.4275027
            ],
            [
              135.1205185,
              48.4269931
            ],
            [
              135.1217957,
              48.4225764
            ],
            [
              135.1220144,
              48.4224412
            ],
            [
              135.1225842,
              48.4221873
            ],
            [
              135.1230676,
              48.4220065
            ],
            [
              135.1235395,
              48.4219041
            ],
            [
              135.1240843,
              48.4218388
            ],
            [
              135.1246742,
              48.421828
            ],
            [
              135.1257475,
              48.4219168
            ],
            [
              135.1262533,
              48.4219427
            ],
            [
              135.126718,
              48.421934
            ],
            [
              135.1272726,
              48.421847
            ],
            [
              135.1277361,
              48.4217175
            ],
            [
              135.1282059,
              48.421518
            ],
            [
              135.1286132,
              48.4212669
            ],
            [
              135.1290067,
              48.4208724
            ],
            [
              135.1294633,
              48.4193089
            ],
            [
              135.1302202,
              48.4161151
            ],
            [
              135.1303652,
              48.4156445
            ],
            [
              135.1313452,
              48.4119124
            ],
            [
              135.1325079,
              48.4081817
            ],
            [
              135.1329122,
              48.4071024
            ],
            [
              135.1331834,
              48.4065449
            ],
            [
              135.133386,
              48.4063079
            ],
            [
              135.1334772,
              48.4060883
            ],
            [
              135.133612,
              48.4054053
            ],
            [
              135.1344586,
              48.4016198
            ],
            [
              135.1405109,
              48.4019834
            ],
            [
              135.1668927,
              48.403682
            ],
            [
              135.1710793,
              48.4039271
            ],
            [
              135.1709948,
              48.4041695
            ],
            [
              135.1707935,
              48.4041534
            ],
            [
              135.1706193,
              48.4046846
            ],
            [
              135.1703475,
              48.405379
            ],
            [
              135.1702452,
              48.4056844
            ],
            [
              135.170145,
              48.4059918
            ],
            [
              135.1698965,
              48.4067652
            ],
            [
              135.1696718,
              48.4074681
            ],
            [
              135.1696715,
              48.4074954
            ],
            [
              135.1695241,
              48.4076315
            ],
            [
              135.1692889,
              48.4081788
            ],
            [
              135.1689683,
              48.4089245
            ],
            [
              135.1686871,
              48.4095871
            ],
            [
              135.1684655,
              48.4101495
            ],
            [
              135.1683247,
              48.4105149
            ],
            [
              135.1682365,
              48.4107446
            ],
            [
              135.1677668,
              48.4119855
            ],
            [
              135.167575,
              48.4125
            ],
            [
              135.1672761,
              48.4132397
            ],
            [
              135.1671673,
              48.4136181
            ],
            [
              135.1669866,
              48.4140147
            ],
            [
              135.1669984,
              48.414786
            ],
            [
              135.1670064,
              48.4152542
            ],
            [
              135.1669958,
              48.4157175
            ],
            [
              135.1668951,
              48.4164015
            ],
            [
              135.1668884,
              48.4164825
            ],
            [
              135.1668014,
              48.4172368
            ],
            [
              135.1667457,
              48.4173677
            ],
            [
              135.1668146,
              48.4174803
            ],
            [
              135.1668455,
              48.4176263
            ],
            [
              135.1669236,
              48.4177417
            ],
            [
              135.1669629,
              48.4177458
            ],
            [
              135.1680619,
              48.4182414
            ],
            [
              135.1691734,
              48.4187407
            ],
            [
              135.1690993,
              48.419248
            ],
            [
              135.1689985,
              48.4199403
            ],
            [
              135.1689303,
              48.420426
            ],
            [
              135.1688234,
              48.4212181
            ],
            [
              135.1687242,
              48.4220155
            ],
            [
              135.16866,
              48.4225242
            ],
            [
              135.1685091,
              48.4233942
            ],
            [
              135.1701352,
              48.4230395
            ],
            [
              135.1709104,
              48.4228615
            ],
            [
              135.1717391,
              48.4226719
            ],
            [
              135.172108,
              48.4230831
            ],
            [
              135.1724799,
              48.4235006
            ],
            [
              135.1728023,
              48.4240091
            ],
            [
              135.1724419,
              48.4264418
            ],
            [
              135.1720794,
              48.4288588
            ],
            [
              135.1718683,
              48.4288768
            ],
            [
              135.1717231,
              48.4297843
            ],
            [
              135.171648,
              48.4302408
            ],
            [
              135.1715764,
              48.4306902
            ],
            [
              135.1713797,
              48.4307909
            ],
            [
              135.1694016,
              48.4306448
            ],
            [
              135.1674137,
              48.430498
            ],
            [
              135.1673919,
              48.4308337
            ],
            [
              135.1673746,
              48.4311053
            ],
            [
              135.167355,
              48.4314019
            ],
            [
              135.1673356,
              48.4317108
            ],
            [
              135.1673126,
              48.4320599
            ],
            [
              135.1671086,
              48.4320629
            ],
            [
              135.1671061,
              48.4320909
            ],
            [
              135.1673103,
              48.4320877
            ],
            [
              135.1672706,
              48.4324801
            ],
            [
              135.1674886,
              48.4324793
            ],
            [
              135.1674701,
              48.4326665
            ],
            [
              135.1674634,
              48.4327388
            ],
            [
              135.1674523,
              48.4328565
            ],
            [
              135.1674363,
              48.4330164
            ],
            [
              135.1674211,
              48.4331797
            ],
            [
              135.167385,
              48.4335404
            ],
            [
              135.1673733,
              48.4336664
            ],
            [
              135.1673437,
              48.4339185
            ],
            [
              135.1672813,
              48.4343492
            ],
            [
              135.167217,
              48.4347522
            ],
            [
              135.1671714,
              48.4351224
            ],
            [
              135.1671637,
              48.4351995
            ],
            [
              135.1671519,
              48.4356963
            ],
            [
              135.1671492,
              48.4358707
            ],
            [
              135.167197,
              48.4365959
            ],
            [
              135.1672017,
              48.436713
            ],
            [
              135.1671671,
              48.4371502
            ],
            [
              135.1671477,
              48.4373922
            ],
            [
              135.1671051,
              48.4376475
            ],
            [
              135.1671424,
              48.4388109
            ],
            [
              135.1667818,
              48.4400336
            ],
            [
              135.1664713,
              48.4417606
            ],
            [
              135.1662166,
              48.4433183
            ],
            [
              135.1660877,
              48.4435452
            ],
            [
              135.1658742,
              48.443685
            ],
            [
              135.1659002,
              48.4437991
            ],
            [
              135.1664285,
              48.4442114
            ],
            [
              135.1666313,
              48.4443212
            ],
            [
              135.1678363,
              48.4452949
            ],
            [
              135.1690322,
              48.4462562
            ],
            [
              135.1706105,
              48.4475073
            ],
            [
              135.1711377,
              48.4479416
            ],
            [
              135.1719189,
              48.4485785
            ],
            [
              135.172466,
              48.4490171
            ],
            [
              135.1730952,
              48.4495194
            ],
            [
              135.1736724,
              48.4497542
            ],
            [
              135.173618,
              48.4498137
            ],
            [
              135.1738736,
              48.4499166
            ],
            [
              135.1739281,
              48.4498572
            ],
            [
              135.1745322,
              48.450102
            ],
            [
              135.175914,
              48.4501239
            ],
            [
              135.175921,
              48.4500362
            ],
            [
              135.1761289,
              48.4500422
            ],
            [
              135.1761286,
              48.4501281
            ],
            [
              135.1767656,
              48.4501383
            ],
            [
              135.1777084,
              48.4501527
            ],
            [
              135.1788054,
              48.4501708
            ],
            [
              135.1797536,
              48.4501866
            ],
            [
              135.1799434,
              48.4501856
            ],
            [
              135.1803263,
              48.450547
            ],
            [
              135.1805631,
              48.4507517
            ],
            [
              135.1807916,
              48.450584
            ],
            [
              135.1809753,
              48.4504759
            ],
            [
              135.1811363,
              48.4504056
            ],
            [
              135.1812476,
              48.4503851
            ],
            [
              135.1813777,
              48.4503767
            ],
            [
              135.1814903,
              48.4503789
            ],
            [
              135.1816425,
              48.4504069
            ],
            [
              135.1818236,
              48.4504568
            ],
            [
              135.1819376,
              48.4504781
            ],
            [
              135.1820744,
              48.4504941
            ],
            [
              135.1822487,
              48.4505106
            ],
            [
              135.1824834,
              48.4505186
            ],
            [
              135.182863,
              48.4505088
            ],
            [
              135.1830514,
              48.4505159
            ],
            [
              135.1831882,
              48.4505306
            ],
            [
              135.1836998,
              48.4505528
            ],
            [
              135.1839841,
              48.4505715
            ],
            [
              135.1841504,
              48.4505804
            ],
            [
              135.184312,
              48.4505715
            ],
            [
              135.1844193,
              48.4505604
            ],
            [
              135.1845279,
              48.4505373
            ],
            [
              135.1850771,
              48.4503518
            ],
            [
              135.1855653,
              48.450157
            ],
            [
              135.186785,
              48.4496584
            ],
            [
              135.1874636,
              48.4493907
            ],
            [
              135.188102,
              48.4491523
            ],
            [
              135.1886934,
              48.4489361
            ],
            [
              135.1948075,
              48.4475342
            ],
            [
              135.1949067,
              48.4475146
            ],
            [
              135.195061,
              48.4475137
            ],
            [
              135.1951441,
              48.4475128
            ],
            [
              135.1951937,
              48.4475048
            ],
            [
              135.195246,
              48.4474915
            ],
            [
              135.1953024,
              48.4474666
            ],
            [
              135.1953788,
              48.4474274
            ],
            [
              135.1954566,
              48.4473972
            ],
            [
              135.1954901,
              48.4473892
            ],
            [
              135.1955786,
              48.4474016
            ],
            [
              135.1956175,
              48.4474328
            ],
            [
              135.195702,
              48.4475466
            ],
            [
              135.195757,
              48.4475982
            ],
            [
              135.1957999,
              48.4476258
            ],
            [
              135.1958576,
              48.4476489
            ],
            [
              135.195932,
              48.4476632
            ],
            [
              135.1960272,
              48.4476738
            ],
            [
              135.1960936,
              48.4476698
            ],
            [
              135.1961466,
              48.4476605
            ],
            [
              135.1961935,
              48.4476458
            ],
            [
              135.1962264,
              48.4476303
            ],
            [
              135.1962432,
              48.4475978
            ],
            [
              135.1962572,
              48.447556
            ],
            [
              135.1962525,
              48.4475111
            ],
            [
              135.1962237,
              48.4474608
            ],
            [
              135.1961976,
              48.4474239
            ],
            [
              135.1961613,
              48.4473812
            ],
            [
              135.196097,
              48.4473345
            ],
            [
              135.1960748,
              48.4473073
            ],
            [
              135.1960876,
              48.44727
            ],
            [
              135.1961365,
              48.4472242
            ],
            [
              135.1961754,
              48.4472073
            ],
            [
              135.1962324,
              48.4472037
            ],
            [
              135.1962807,
              48.4472059
            ],
            [
              135.1963256,
              48.4472366
            ],
            [
              135.1963947,
              48.4473398
            ],
            [
              135.1964611,
              48.4474617
            ],
            [
              135.1965134,
              48.4474928
            ],
            [
              135.1966488,
              48.4475231
            ],
            [
              135.1967856,
              48.4475008
            ],
            [
              135.1969814,
              48.4474047
            ],
            [
              135.1972041,
              48.4473153
            ],
            [
              135.1972892,
              48.4472455
            ],
            [
              135.1972932,
              48.4471864
            ],
            [
              135.1972537,
              48.4471196
            ],
            [
              135.1971873,
              48.4470721
            ],
            [
              135.1971424,
              48.4470316
            ],
            [
              135.1971176,
              48.4469319
            ],
            [
              135.1971303,
              48.4468706
            ],
            [
              135.1971631,
              48.4468127
            ],
            [
              135.1972671,
              48.4466744
            ],
            [
              135.1973127,
              48.446637
            ],
            [
              135.1973717,
              48.4466175
            ],
            [
              135.1983594,
              48.4466375
            ],
            [
              135.198572,
              48.4466651
            ],
            [
              135.1987242,
              48.4467465
            ],
            [
              135.1988704,
              48.4468666
            ],
            [
              135.1989736,
              48.4469279
            ],
            [
              135.1990648,
              48.4469208
            ],
            [
              135.1991721,
              48.4468781
            ],
            [
              135.1992834,
              48.4466829
            ],
            [
              135.1993874,
              48.4466059
            ],
            [
              135.1994155,
              48.4465512
            ],
            [
              135.1993941,
              48.4465072
            ],
            [
              135.1993056,
              48.4464622
            ],
            [
              135.1992144,
              48.4463955
            ],
            [
              135.1991875,
              48.4463092
            ],
            [
              135.1992157,
              48.4462265
            ],
            [
              135.199378,
              48.4461109
            ],
            [
              135.1995349,
              48.4460295
            ],
            [
              135.1996905,
              48.4459823
            ],
            [
              135.1999513,
              48.4459174
            ],
            [
              135.2000465,
              48.4459232
            ],
            [
              135.2000874,
              48.4459383
            ],
            [
              135.2001122,
              48.4459761
            ],
            [
              135.2001444,
              48.4461158
            ],
            [
              135.2001545,
              48.4462354
            ],
            [
              135.2002115,
              48.4462928
            ],
            [
              135.2002933,
              48.4463186
            ],
            [
              135.2003409,
              48.4463221
            ],
            [
              135.2003838,
              48.4463088
            ],
            [
              135.2004421,
              48.446263
            ],
            [
              135.2005514,
              48.4461522
            ],
            [
              135.2006447,
              48.4461069
            ],
            [
              135.2007486,
              48.4461011
            ],
            [
              135.2009933,
              48.446154
            ],
            [
              135.201049,
              48.4461504
            ],
            [
              135.2011,
              48.4461251
            ],
            [
              135.2012294,
              48.445969
            ],
            [
              135.2014265,
              48.445699
            ],
            [
              135.201454,
              48.44563
            ],
            [
              135.2014627,
              48.4455526
            ],
            [
              135.2013809,
              48.4453151
            ],
            [
              135.2014205,
              48.4452511
            ],
            [
              135.2014795,
              48.4452097
            ],
            [
              135.2015774,
              48.4451786
            ],
            [
              135.2018449,
              48.4451848
            ],
            [
              135.2020374,
              48.4451759
            ],
            [
              135.2021355,
              48.4451626
            ],
            [
              135.2022439,
              48.4451479
            ],
            [
              135.2023418,
              48.445147
            ],
            [
              135.202431,
              48.4451688
            ],
            [
              135.2024967,
              48.4452195
            ],
            [
              135.2025866,
              48.4452444
            ],
            [
              135.2026872,
              48.4452515
            ],
            [
              135.2027743,
              48.4452911
            ],
            [
              135.2028333,
              48.4453609
            ],
            [
              135.2028427,
              48.4454108
            ],
            [
              135.2027234,
              48.4455091
            ],
            [
              135.2026838,
              48.4455629
            ],
            [
              135.2027059,
              48.4456162
            ],
            [
              135.2028421,
              48.4456883
            ],
            [
              135.2030459,
              48.4457435
            ],
            [
              135.2031324,
              48.4457328
            ],
            [
              135.2032283,
              48.445638
            ],
            [
              135.2033215,
              48.4455811
            ],
            [
              135.2034355,
              48.4455735
            ],
            [
              135.2035502,
              48.4456162
            ],
            [
              135.2036018,
              48.4456665
            ],
            [
              135.2035817,
              48.4457799
            ],
            [
              135.2035736,
              48.4458618
            ],
            [
              135.2036031,
              48.4459129
            ],
            [
              135.2036722,
              48.4459414
            ],
            [
              135.2042167,
              48.4460695
            ],
            [
              135.2043327,
              48.4461189
            ],
            [
              135.2043857,
              48.4461682
            ],
            [
              135.2044024,
              48.4462843
            ],
            [
              135.2044165,
              48.4463457
            ],
            [
              135.2044802,
              48.4463835
            ],
            [
              135.2045486,
              48.4463844
            ],
            [
              135.2046465,
              48.4463413
            ],
            [
              135.2047337,
              48.4463141
            ],
            [
              135.2047873,
              48.4463221
            ],
            [
              135.2048276,
              48.446339
            ],
            [
              135.2048927,
              48.4463961
            ],
            [
              135.2049523,
              48.4464485
            ],
            [
              135.2049999,
              48.4464587
            ],
            [
              135.2050334,
              48.4464458
            ],
            [
              135.2050669,
              48.4464187
            ],
            [
              135.2051293,
              48.4463835
            ],
            [
              135.2051863,
              48.4463782
            ],
            [
              135.2052359,
              48.4463871
            ],
            [
              135.2052802,
              48.4464124
            ],
            [
              135.2052943,
              48.4464329
            ],
            [
              135.2053533,
              48.4466015
            ],
            [
              135.2053942,
              48.4466895
            ],
            [
              135.2054351,
              48.4467438
            ],
            [
              135.2054968,
              48.4467949
            ],
            [
              135.2055819,
              48.4468461
            ],
            [
              135.2057482,
              48.4469462
            ],
            [
              135.205873,
              48.4470076
            ],
            [
              135.2064999,
              48.4471988
            ],
            [
              135.2068017,
              48.4473158
            ],
            [
              135.2070974,
              48.4474621
            ],
            [
              135.2073723,
              48.447628
            ],
            [
              135.2076097,
              48.447773
            ],
            [
              135.2077639,
              48.447834
            ],
            [
              135.2078967,
              48.4478651
            ],
            [
              135.2080536,
              48.4478793
            ],
            [
              135.2082299,
              48.4478664
            ],
            [
              135.2083553,
              48.4478322
            ],
            [
              135.2084311,
              48.4477948
            ],
            [
              135.2085096,
              48.4477245
            ],
            [
              135.2085605,
              48.4476409
            ],
            [
              135.2087235,
              48.4474799
            ],
            [
              135.2088643,
              48.4473941
            ],
            [
              135.2089655,
              48.4473807
            ],
            [
              135.2090085,
              48.4473812
            ],
            [
              135.2090507,
              48.4473941
            ],
            [
              135.2091647,
              48.4474866
            ],
            [
              135.2093417,
              48.4476565
            ],
            [
              135.2094235,
              48.4476899
            ],
            [
              135.2095757,
              48.4476267
            ],
            [
              135.209683,
              48.447596
            ],
            [
              135.2097447,
              48.4476111
            ],
            [
              135.2097756,
              48.4476387
            ],
            [
              135.2098091,
              48.4476859
            ],
            [
              135.2098252,
              48.4477432
            ],
            [
              135.2098413,
              48.4478896
            ],
            [
              135.209801,
              48.4479879
            ],
            [
              135.2096301,
              48.4480537
            ],
            [
              135.2095187,
              48.448124
            ],
            [
              135.2095127,
              48.4481529
            ],
            [
              135.2095368,
              48.4481925
            ],
            [
              135.2095482,
              48.4482058
            ],
            [
              135.2095871,
              48.448236
            ],
            [
              135.20973,
              48.4482338
            ],
            [
              135.2105279,
              48.4481182
            ],
            [
              135.2106097,
              48.4480475
            ],
            [
              135.2106084,
              48.4479643
            ],
            [
              135.2105373,
              48.4478864
            ],
            [
              135.2105105,
              48.4477944
            ],
            [
              135.2105487,
              48.4477455
            ],
            [
              135.2109101,
              48.4476263
            ],
            [
              135.2110201,
              48.4475564
            ],
            [
              135.2110332,
              48.447501
            ],
            [
              135.2109953,
              48.4473878
            ],
            [
              135.2110074,
              48.4473125
            ],
            [
              135.2111462,
              48.4472006
            ],
            [
              135.2111485,
              48.4471408
            ],
            [
              135.21111,
              48.4469815
            ],
            [
              135.211111,
              48.4469415
            ],
            [
              135.2111267,
              48.4469146
            ],
            [
              135.2111616,
              48.4468852
            ],
            [
              135.2112246,
              48.4468514
            ],
            [
              135.2113768,
              48.4468368
            ],
            [
              135.2114308,
              48.446839
            ],
            [
              135.2114761,
              48.4468514
            ],
            [
              135.2115814,
              48.4469079
            ],
            [
              135.2116813,
              48.4469706
            ],
            [
              135.2118006,
              48.447032
            ],
            [
              135.2118248,
              48.4470374
            ],
            [
              135.2118804,
              48.4470405
            ],
            [
              135.2119133,
              48.447028
            ],
            [
              135.2119294,
              48.4470071
            ],
            [
              135.2119461,
              48.4469711
            ],
            [
              135.2119502,
              48.446923
            ],
            [
              135.2119341,
              48.4467518
            ],
            [
              135.2119441,
              48.4467202
            ],
            [
              135.2119723,
              48.4466895
            ],
            [
              135.2120353,
              48.4466802
            ],
            [
              135.212093,
              48.4466846
            ],
            [
              135.2125181,
              48.4467376
            ],
            [
              135.2127448,
              48.4467776
            ],
            [
              135.2128728,
              48.4468319
            ],
            [
              135.2129365,
              48.446835
            ],
            [
              135.2130204,
              48.4468288
            ],
            [
              135.2130693,
              48.4468021
            ],
            [
              135.2132068,
              48.4467038
            ],
            [
              135.2132913,
              48.4466655
            ],
            [
              135.2133349,
              48.4466499
            ],
            [
              135.2134033,
              48.4466491
            ],
            [
              135.2134703,
              48.4466531
            ],
            [
              135.2135333,
              48.4466838
            ],
            [
              135.2139772,
              48.4470636
            ],
            [
              135.2140034,
              48.4470787
            ],
            [
              135.2140336,
              48.4470805
            ],
            [
              135.2140751,
              48.4470698
            ],
            [
              135.2141026,
              48.447056
            ],
            [
              135.2141623,
              48.4470129
            ],
            [
              135.2141858,
              48.4469996
            ],
            [
              135.2142113,
              48.4469889
            ],
            [
              135.2142461,
              48.4469871
            ],
            [
              135.2143092,
              48.4469951
            ],
            [
              135.2143293,
              48.44702
            ],
            [
              135.2143615,
              48.4471339
            ],
            [
              135.2143705,
              48.447445
            ],
            [
              135.2143802,
              48.4474744
            ],
            [
              135.2144037,
              48.4475117
            ],
            [
              135.2144376,
              48.4475642
            ],
            [
              135.2144362,
              48.4475844
            ],
            [
              135.2144104,
              48.4476045
            ],
            [
              135.2143729,
              48.4476249
            ],
            [
              135.2142481,
              48.447673
            ],
            [
              135.2144355,
              48.447778
            ],
            [
              135.2140352,
              48.4481234
            ],
            [
              135.2133617,
              48.4486621
            ],
            [
              135.2130237,
              48.4489414
            ],
            [
              135.2127516,
              48.4491435
            ],
            [
              135.2126001,
              48.4492391
            ],
            [
              135.2123947,
              48.4493373
            ],
            [
              135.2121176,
              48.4494614
            ],
            [
              135.2111274,
              48.4498861
            ],
            [
              135.2099918,
              48.4503517
            ],
            [
              135.2100401,
              48.4504367
            ],
            [
              135.210075,
              48.4505111
            ],
            [
              135.2100981,
              48.4505985
            ],
            [
              135.2101068,
              48.4506671
            ],
            [
              135.2100954,
              48.4507565
            ],
            [
              135.2100626,
              48.4508263
            ],
            [
              135.2100246,
              48.4508673
            ],
            [
              135.2098332,
              48.4509829
            ],
            [
              135.2096193,
              48.4511123
            ],
            [
              135.2095373,
              48.4511727
            ],
            [
              135.2094774,
              48.4512248
            ],
            [
              135.2094549,
              48.4512562
            ],
            [
              135.2094487,
              48.4513153
            ],
            [
              135.2098362,
              48.4514969
            ],
            [
              135.2106405,
              48.4518805
            ],
            [
              135.2118221,
              48.4523901
            ],
            [
              135.2130287,
              48.4528998
            ],
            [
              135.213502,
              48.4524423
            ],
            [
              135.2141516,
              48.4518146
            ],
            [
              135.2148156,
              48.4511855
            ],
            [
              135.2157197,
              48.4515262
            ],
            [
              135.216667,
              48.4518806
            ],
            [
              135.2173398,
              48.4521341
            ],
            [
              135.2183319,
              48.4525067
            ],
            [
              135.2188101,
              48.4527041
            ],
            [
              135.2192012,
              48.4528664
            ],
            [
              135.2196265,
              48.4530336
            ],
            [
              135.2201301,
              48.4532323
            ],
            [
              135.2207405,
              48.4534495
            ],
            [
              135.2211823,
              48.4536572
            ],
            [
              135.2211437,
              48.4546941
            ],
            [
              135.2211016,
              48.4553487
            ],
            [
              135.2210064,
              48.4555729
            ],
            [
              135.2208416,
              48.4560945
            ],
            [
              135.2205492,
              48.4569768
            ],
            [
              135.2202357,
              48.4578739
            ],
            [
              135.2201182,
              48.4581705
            ],
            [
              135.2199583,
              48.4585319
            ],
            [
              135.2199342,
              48.45869
            ],
            [
              135.2199397,
              48.458807
            ],
            [
              135.2199267,
              48.4589088
            ],
            [
              135.2199364,
              48.4589745
            ],
            [
              135.2199692,
              48.4590128
            ],
            [
              135.2200321,
              48.4590686
            ],
            [
              135.2200552,
              48.4591156
            ],
            [
              135.2200714,
              48.4591737
            ],
            [
              135.2200409,
              48.4593365
            ],
            [
              135.2200144,
              48.4593982
            ],
            [
              135.2199457,
              48.4594721
            ],
            [
              135.2198351,
              48.4596796
            ],
            [
              135.2197869,
              48.4597019
            ],
            [
              135.2195938,
              48.4597135
            ],
            [
              135.2195227,
              48.4597331
            ],
            [
              135.219461,
              48.4597731
            ],
            [
              135.2194436,
              48.4598273
            ],
            [
              135.2194441,
              48.4599473
            ],
            [
              135.2194253,
              48.4600224
            ],
            [
              135.2192418,
              48.4602802
            ],
            [
              135.2192221,
              48.4603728
            ],
            [
              135.2192619,
              48.460444
            ],
            [
              135.2194652,
              48.4607033
            ],
            [
              135.2194599,
              48.4608749
            ],
            [
              135.219695,
              48.4609475
            ],
            [
              135.2200638,
              48.4610573
            ],
            [
              135.2200542,
              48.4610908
            ],
            [
              135.2199459,
              48.4612174
            ],
            [
              135.219784,
              48.4612968
            ],
            [
              135.2197433,
              48.461342
            ],
            [
              135.2197305,
              48.4613841
            ],
            [
              135.219726,
              48.4616149
            ],
            [
              135.2197029,
              48.4617215
            ],
            [
              135.2196702,
              48.4617646
            ],
            [
              135.2196021,
              48.461806
            ],
            [
              135.2195653,
              48.4618571
            ],
            [
              135.2195463,
              48.4619427
            ],
            [
              135.2195388,
              48.4620386
            ],
            [
              135.2195509,
              48.4620884
            ],
            [
              135.2196508,
              48.4621467
            ],
            [
              135.2196893,
              48.4621907
            ],
            [
              135.219687,
              48.4622348
            ],
            [
              135.2196747,
              48.4622812
            ],
            [
              135.2195565,
              48.462428
            ],
            [
              135.2195114,
              48.4624643
            ],
            [
              135.2194333,
              48.462495
            ],
            [
              135.2193903,
              48.4625086
            ],
            [
              135.2192988,
              48.4625352
            ],
            [
              135.2192447,
              48.4625614
            ],
            [
              135.2192102,
              48.4625931
            ],
            [
              135.2191608,
              48.4626742
            ],
            [
              135.2190862,
              48.4627788
            ],
            [
              135.2190426,
              48.4628258
            ],
            [
              135.2189704,
              48.4628645
            ],
            [
              135.2189264,
              48.4629131
            ],
            [
              135.2188469,
              48.4630452
            ],
            [
              135.2187567,
              48.4631357
            ],
            [
              135.2186147,
              48.4632628
            ],
            [
              135.2181247,
              48.4638548
            ],
            [
              135.2180263,
              48.4639372
            ],
            [
              135.2178339,
              48.4641853
            ],
            [
              135.2176851,
              48.4643802
            ],
            [
              135.2174631,
              48.4646721
            ],
            [
              135.2173629,
              48.4647354
            ],
            [
              135.2173061,
              48.4648216
            ],
            [
              135.2172733,
              48.4649977
            ],
            [
              135.2172146,
              48.4652873
            ],
            [
              135.2172699,
              48.4653652
            ],
            [
              135.2172163,
              48.4654672
            ],
            [
              135.2171121,
              48.4655686
            ],
            [
              135.2171767,
              48.4656133
            ],
            [
              135.21714,
              48.4656995
            ],
            [
              135.2171674,
              48.4658087
            ],
            [
              135.2171372,
              48.4658833
            ],
            [
              135.217201,
              48.4659508
            ],
            [
              135.2171684,
              48.4660065
            ],
            [
              135.2170691,
              48.4660433
            ],
            [
              135.2170523,
              48.4660813
            ],
            [
              135.2170792,
              48.4661675
            ],
            [
              135.2170417,
              48.4662169
            ],
            [
              135.2170588,
              48.4662719
            ],
            [
              135.2170374,
              48.4663234
            ],
            [
              135.2169642,
              48.4663784
            ],
            [
              135.2168726,
              48.4663968
            ],
            [
              135.2166598,
              48.4665075
            ],
            [
              135.2165893,
              48.4665785
            ],
            [
              135.2165862,
              48.466629
            ],
            [
              135.2166099,
              48.4667111
            ],
            [
              135.2166054,
              48.466762
            ],
            [
              135.2165455,
              48.4668367
            ],
            [
              135.2165249,
              48.4669683
            ],
            [
              135.2164168,
              48.4671214
            ],
            [
              135.2163745,
              48.4672266
            ],
            [
              135.2162839,
              48.4672774
            ],
            [
              135.2162564,
              48.4673308
            ],
            [
              135.2161577,
              48.4673851
            ],
            [
              135.2161389,
              48.4674529
            ],
            [
              135.2161056,
              48.4674849
            ],
            [
              135.2160673,
              48.4675841
            ],
            [
              135.2161398,
              48.4676924
            ],
            [
              135.216103,
              48.4677819
            ],
            [
              135.2160233,
              48.4678279
            ],
            [
              135.2159155,
              48.4679907
            ],
            [
              135.2158268,
              48.4680481
            ],
            [
              135.2158424,
              48.4681185
            ],
            [
              135.2157662,
              48.4681775
            ],
            [
              135.2157333,
              48.4682689
            ],
            [
              135.2157893,
              48.4682915
            ],
            [
              135.2157732,
              48.4683361
            ],
            [
              135.2157607,
              48.4684098
            ],
            [
              135.2156978,
              48.4684174
            ],
            [
              135.2156939,
              48.4685146
            ],
            [
              135.2156133,
              48.468538
            ],
            [
              135.2155451,
              48.4685969
            ],
            [
              135.2154285,
              48.4686063
            ],
            [
              135.2152831,
              48.4686804
            ],
            [
              135.2152648,
              48.4687262
            ],
            [
              135.2152865,
              48.4687631
            ],
            [
              135.215315,
              48.4687888
            ],
            [
              135.215273,
              48.4688288
            ],
            [
              135.2151879,
              48.4688747
            ],
            [
              135.2151264,
              48.468964
            ],
            [
              135.2149403,
              48.469062
            ],
            [
              135.214879,
              48.4691564
            ],
            [
              135.2147819,
              48.4691931
            ],
            [
              135.2147296,
              48.4692322
            ],
            [
              135.2147665,
              48.4692664
            ],
            [
              135.2147511,
              48.4692843
            ],
            [
              135.2145425,
              48.4693251
            ],
            [
              135.2144532,
              48.4693704
            ],
            [
              135.214409,
              48.4694121
            ],
            [
              135.2143863,
              48.4694478
            ],
            [
              135.2143762,
              48.4695145
            ],
            [
              135.2142069,
              48.469607
            ],
            [
              135.2140793,
              48.4696744
            ],
            [
              135.2129417,
              48.4702933
            ],
            [
              135.2092485,
              48.4702937
            ],
            [
              135.2050004,
              48.4703037
            ],
            [
              135.2040522,
              48.4702694
            ],
            [
              135.2020082,
              48.46851
            ],
            [
              135.2014637,
              48.468039
            ],
            [
              135.1990682,
              48.4671452
            ],
            [
              135.196684,
              48.4662503
            ],
            [
              135.195018,
              48.4669781
            ],
            [
              135.193429,
              48.4676666
            ],
            [
              135.1886606,
              48.4697432
            ],
            [
              135.1859737,
              48.4724773
            ],
            [
              135.1843625,
              48.4728054
            ],
            [
              135.1824134,
              48.4746337
            ],
            [
              135.180305,
              48.4766254
            ],
            [
              135.1799414,
              48.4754223
            ],
            [
              135.1798385,
              48.4754445
            ],
            [
              135.1796865,
              48.4754772
            ],
            [
              135.1790066,
              48.4755099
            ],
            [
              135.1789182,
              48.4755011
            ],
            [
              135.1786338,
              48.4755334
            ],
            [
              135.1786217,
              48.4755148
            ],
            [
              135.1784043,
              48.4755887
            ],
            [
              135.1785069,
              48.4758795
            ],
            [
              135.1778342,
              48.4761837
            ],
            [
              135.1769614,
              48.4764847
            ],
            [
              135.1760983,
              48.4767738
            ],
            [
              135.1764879,
              48.478116
            ],
            [
              135.1765906,
              48.478129
            ],
            [
              135.1769504,
              48.4779234
            ],
            [
              135.1771185,
              48.4783603
            ],
            [
              135.176679,
              48.478397
            ],
            [
              135.1764534,
              48.4784357
            ],
            [
              135.1763483,
              48.4781717
            ],
            [
              135.1763637,
              48.4780656
            ],
            [
              135.1761152,
              48.4772182
            ],
            [
              135.1759938,
              48.476795
            ],
            [
              135.1758653,
              48.476337
            ],
            [
              135.1755942,
              48.476262
            ],
            [
              135.1755587,
              48.4762587
            ],
            [
              135.1754778,
              48.4761369
            ],
            [
              135.1750137,
              48.4753555
            ],
            [
              135.1747295,
              48.474876
            ],
            [
              135.1744472,
              48.4744407
            ],
            [
              135.1741357,
              48.4739815
            ],
            [
              135.1739654,
              48.473733
            ],
            [
              135.1739389,
              48.4735503
            ],
            [
              135.173844,
              48.4734141
            ],
            [
              135.1737238,
              48.4734524
            ],
            [
              135.1737646,
              48.4735131
            ],
            [
              135.1726151,
              48.4739684
            ],
            [
              135.172651,
              48.4740423
            ],
            [
              135.1722359,
              48.4742034
            ],
            [
              135.172171,
              48.4741357
            ],
            [
              135.1712049,
              48.4745011
            ],
            [
              135.1712146,
              48.4746372
            ],
            [
              135.1708533,
              48.4747875
            ],
            [
              135.1709153,
              48.4748542
            ],
            [
              135.1707903,
              48.4749044
            ],
            [
              135.1707576,
              48.4749143
            ],
            [
              135.1706993,
              48.4748483
            ],
            [
              135.1703688,
              48.474988
            ],
            [
              135.1697159,
              48.4752339
            ],
            [
              135.169644,
              48.4751724
            ],
            [
              135.1693356,
              48.4752737
            ],
            [
              135.1693989,
              48.4753574
            ],
            [
              135.168651,
              48.4756619
            ],
            [
              135.1684721,
              48.4762296
            ],
            [
              135.1683434,
              48.4762182
            ],
            [
              135.168333,
              48.4762369
            ],
            [
              135.1685336,
              48.4764554
            ],
            [
              135.16837,
              48.4770248
            ],
            [
              135.1682232,
              48.4773949
            ],
            [
              135.1681584,
              48.4779738
            ],
            [
              135.1681106,
              48.477972
            ],
            [
              135.1680793,
              48.4778183
            ],
            [
              135.1680444,
              48.4776921
            ],
            [
              135.168013,
              48.4775995
            ],
            [
              135.1679733,
              48.4776049
            ],
            [
              135.1679081,
              48.4776636
            ],
            [
              135.1679207,
              48.4778099
            ],
            [
              135.1679377,
              48.4778316
            ],
            [
              135.1680316,
              48.4778383
            ],
            [
              135.168003,
              48.4781806
            ],
            [
              135.1679552,
              48.4787767
            ],
            [
              135.1678634,
              48.4787758
            ],
            [
              135.1678359,
              48.4788145
            ],
            [
              135.1678136,
              48.4788873
            ],
            [
              135.1678083,
              48.4789722
            ],
            [
              135.1678219,
              48.479002
            ],
            [
              135.16794,
              48.4790113
            ],
            [
              135.1679233,
              48.4792465
            ],
            [
              135.167893,
              48.4796288
            ],
            [
              135.1678674,
              48.4799652
            ],
            [
              135.1677766,
              48.4799666
            ],
            [
              135.1677362,
              48.4800146
            ],
            [
              135.1677274,
              48.4801134
            ],
            [
              135.1677509,
              48.4801854
            ],
            [
              135.1678593,
              48.4802014
            ],
            [
              135.1678053,
              48.4808756
            ],
            [
              135.1679767,
              48.480878
            ],
            [
              135.1678964,
              48.4818522
            ],
            [
              135.1661701,
              48.4837637
            ],
            [
              135.1647077,
              48.4848508
            ],
            [
              135.1640062,
              48.4853747
            ],
            [
              135.1627866,
              48.4863089
            ],
            [
              135.1603631,
              48.4882219
            ],
            [
              135.1602526,
              48.4889545
            ],
            [
              135.1599497,
              48.4910067
            ],
            [
              135.1598428,
              48.4920861
            ],
            [
              135.1597081,
              48.4932993
            ],
            [
              135.1595798,
              48.4944279
            ],
            [
              135.159417,
              48.4948953
            ],
            [
              135.1590858,
              48.495814
            ],
            [
              135.158969,
              48.4961389
            ],
            [
              135.15879,
              48.4966322
            ],
            [
              135.1582329,
              48.4977131
            ],
            [
              135.157899,
              48.4983641
            ],
            [
              135.1577549,
              48.498641
            ],
            [
              135.1577421,
              48.4990417
            ],
            [
              135.157707,
              48.5005706
            ],
            [
              135.1576521,
              48.5013295
            ],
            [
              135.1576074,
              48.5019338
            ],
            [
              135.1574698,
              48.5041099
            ],
            [
              135.1574363,
              48.5047968
            ],
            [
              135.1574054,
              48.5052308
            ],
            [
              135.1573263,
              48.5063049
            ],
            [
              135.157966,
              48.5064784
            ],
            [
              135.1582338,
              48.5063365
            ],
            [
              135.1584595,
              48.5062567
            ],
            [
              135.1587284,
              48.5061895
            ],
            [
              135.1589531,
              48.5061758
            ],
            [
              135.1595072,
              48.5062138
            ],
            [
              135.1599694,
              48.5063339
            ],
            [
              135.161227,
              48.5068931
            ],
            [
              135.1615703,
              48.5069163
            ],
            [
              135.1627519,
              48.5066994
            ],
            [
              135.1627624,
              48.507357
            ],
            [
              135.1628719,
              48.5079804
            ],
            [
              135.163018,
              48.5083891
            ],
            [
              135.1630854,
              48.5085178
            ],
            [
              135.1632939,
              48.5089002
            ],
            [
              135.1638857,
              48.5097778
            ],
            [
              135.1644461,
              48.5106005
            ],
            [
              135.1647114,
              48.5110913
            ],
            [
              135.1647633,
              48.5112169
            ],
            [
              135.1662301,
              48.5115865
            ],
            [
              135.1667678,
              48.5107443
            ],
            [
              135.1655451,
              48.5098633
            ],
            [
              135.1654457,
              48.5097735
            ],
            [
              135.1651746,
              48.5094328
            ],
            [
              135.1649941,
              48.5092109
            ],
            [
              135.1647495,
              48.5088885
            ],
            [
              135.1646995,
              48.5088262
            ],
            [
              135.1647943,
              48.5086981
            ],
            [
              135.1655995,
              48.5090673
            ],
            [
              135.1658171,
              48.5091739
            ],
            [
              135.1663616,
              48.5096259
            ],
            [
              135.1668246,
              48.5100074
            ],
            [
              135.166976,
              48.5101334
            ],
            [
              135.1671517,
              48.5102597
            ],
            [
              135.1677118,
              48.5104344
            ],
            [
              135.1681522,
              48.5105734
            ],
            [
              135.168208,
              48.5105907
            ],
            [
              135.1682741,
              48.5106059
            ],
            [
              135.1683234,
              48.5105943
            ],
            [
              135.1687478,
              48.5103904
            ],
            [
              135.1690953,
              48.51092
            ],
            [
              135.1692146,
              48.5109679
            ],
            [
              135.1696332,
              48.5111274
            ],
            [
              135.1699557,
              48.5112517
            ],
            [
              135.1703313,
              48.5113948
            ],
            [
              135.1705074,
              48.5114579
            ],
            [
              135.1706947,
              48.5115448
            ],
            [
              135.1707648,
              48.5116023
            ],
            [
              135.1711871,
              48.5118806
            ],
            [
              135.1713703,
              48.5119578
            ],
            [
              135.1715266,
              48.5119914
            ],
            [
              135.1716319,
              48.5120171
            ],
            [
              135.1716996,
              48.512054
            ],
            [
              135.1719202,
              48.5120984
            ],
            [
              135.1720539,
              48.5120993
            ],
            [
              135.172156,
              48.5121268
            ],
            [
              135.172334,
              48.5122059
            ],
            [
              135.1729585,
              48.5124802
            ],
            [
              135.1730125,
              48.5125298
            ],
            [
              135.1732209,
              48.5126497
            ],
            [
              135.1734524,
              48.5127812
            ],
            [
              135.1739404,
              48.513106
            ],
            [
              135.1747627,
              48.5137354
            ],
            [
              135.1759717,
              48.5146535
            ],
            [
              135.1771212,
              48.5155289
            ],
            [
              135.1771598,
              48.5155373
            ],
            [
              135.1775019,
              48.5153713
            ],
            [
              135.1775669,
              48.5153568
            ],
            [
              135.1782703,
              48.5159407
            ],
            [
              135.1789419,
              48.5164898
            ],
            [
              135.1787062,
              48.5166337
            ],
            [
              135.1786942,
              48.5166705
            ],
            [
              135.1793994,
              48.5172243
            ],
            [
              135.1798973,
              48.5176008
            ],
            [
              135.182151,
              48.5191986
            ],
            [
              135.1821766,
              48.5192086
            ],
            [
              135.1822017,
              48.5192173
            ],
            [
              135.18295,
              48.5198814
            ],
            [
              135.1835516,
              48.5204161
            ],
            [
              135.1842036,
              48.5209941
            ],
            [
              135.1843897,
              48.521148
            ],
            [
              135.1848708,
              48.5208008
            ],
            [
              135.1851213,
              48.5206073
            ],
            [
              135.1852629,
              48.5207151
            ],
            [
              135.185295,
              48.5207644
            ],
            [
              135.1856307,
              48.521075
            ],
            [
              135.1863089,
              48.5216544
            ],
            [
              135.1866963,
              48.521918
            ],
            [
              135.1867084,
              48.5219405
            ],
            [
              135.1867852,
              48.5219904
            ],
            [
              135.1868106,
              48.5220246
            ],
            [
              135.186571,
              48.5225395
            ],
            [
              135.1879464,
              48.5235401
            ],
            [
              135.1886089,
              48.5240215
            ],
            [
              135.1897836,
              48.5248701
            ],
            [
              135.1904073,
              48.52521
            ],
            [
              135.1909733,
              48.5255152
            ],
            [
              135.1928383,
              48.5269562
            ],
            [
              135.1935145,
              48.5268304
            ],
            [
              135.1939624,
              48.5270715
            ],
            [
              135.1942533,
              48.5272326
            ],
            [
              135.1953019,
              48.527804
            ],
            [
              135.1953272,
              48.527839
            ],
            [
              135.1953439,
              48.5286158
            ],
            [
              135.1960206,
              48.5291583
            ],
            [
              135.1967427,
              48.529736
            ],
            [
              135.1973113,
              48.530189
            ],
            [
              135.197605,
              48.5304226
            ],
            [
              135.1977271,
              48.5305109
            ],
            [
              135.1979744,
              48.5307044
            ],
            [
              135.198402,
              48.5306474
            ],
            [
              135.1985057,
              48.5306685
            ],
            [
              135.1985446,
              48.5306919
            ],
            [
              135.1988664,
              48.5309295
            ],
            [
              135.1988932,
              48.5309652
            ],
            [
              135.1990097,
              48.5313144
            ],
            [
              135.1993324,
              48.5314847
            ],
            [
              135.1997733,
              48.5317144
            ],
            [
              135.1998207,
              48.5322563
            ],
            [
              135.2001396,
              48.5324927
            ],
            [
              135.2001466,
              48.532781
            ],
            [
              135.2001678,
              48.5328138
            ],
            [
              135.2010865,
              48.5334918
            ],
            [
              135.2016616,
              48.5339201
            ],
            [
              135.2022933,
              48.5343796
            ],
            [
              135.2025162,
              48.5345459
            ],
            [
              135.2026525,
              48.5346577
            ],
            [
              135.2026704,
              48.5346915
            ],
            [
              135.2032511,
              48.5351204
            ],
            [
              135.2033597,
              48.5351373
            ],
            [
              135.2041372,
              48.5356881
            ],
            [
              135.204728,
              48.5361059
            ],
            [
              135.204967,
              48.536273
            ],
            [
              135.2050676,
              48.5363481
            ],
            [
              135.2051935,
              48.536434
            ],
            [
              135.205329,
              48.536531
            ],
            [
              135.2058181,
              48.5366389
            ],
            [
              135.2062423,
              48.5367488
            ],
            [
              135.2066659,
              48.5368676
            ],
            [
              135.2070588,
              48.5369764
            ],
            [
              135.2072526,
              48.5370284
            ],
            [
              135.2079617,
              48.5375415
            ],
            [
              135.2085036,
              48.5379317
            ],
            [
              135.2090894,
              48.5383537
            ],
            [
              135.2096003,
              48.5387353
            ],
            [
              135.2098063,
              48.5388892
            ],
            [
              135.2098984,
              48.5389457
            ],
            [
              135.2099345,
              48.5390214
            ],
            [
              135.2099674,
              48.5390906
            ],
            [
              135.2099881,
              48.539134
            ],
            [
              135.2100305,
              48.539223
            ],
            [
              135.2100968,
              48.5393623
            ],
            [
              135.2101818,
              48.5395407
            ],
            [
              135.2102306,
              48.5396431
            ],
            [
              135.2102938,
              48.5396968
            ],
            [
              135.2104405,
              48.5397938
            ],
            [
              135.2107468,
              48.5400156
            ],
            [
              135.2109289,
              48.5401498
            ],
            [
              135.211482,
              48.5405448
            ],
            [
              135.2125228,
              48.54129
            ],
            [
              135.2131445,
              48.5417595
            ],
            [
              135.2137334,
              48.5422005
            ],
            [
              135.2137524,
              48.5422296
            ],
            [
              135.2139484,
              48.5423755
            ],
            [
              135.2140886,
              48.5424799
            ],
            [
              135.2143545,
              48.542679
            ],
            [
              135.2145503,
              48.5428214
            ],
            [
              135.2141241,
              48.5432242
            ],
            [
              135.2140796,
              48.5433022
            ],
            [
              135.2140945,
              48.5433376
            ],
            [
              135.2143781,
              48.5435585
            ],
            [
              135.214706,
              48.5438082
            ],
            [
              135.215595,
              48.5444898
            ],
            [
              135.2156334,
              48.5445261
            ],
            [
              135.2156212,
              48.5445989
            ],
            [
              135.2149505,
              48.5450176
            ],
            [
              135.2149033,
              48.5451191
            ],
            [
              135.2153255,
              48.5454472
            ],
            [
              135.2153124,
              48.5455184
            ],
            [
              135.2152902,
              48.5455563
            ],
            [
              135.2150809,
              48.545673
            ],
            [
              135.2150763,
              48.5457188
            ],
            [
              135.2153088,
              48.5458442
            ],
            [
              135.2152634,
              48.5458768
            ],
            [
              135.2151752,
              48.5458746
            ],
            [
              135.2149549,
              48.5457464
            ],
            [
              135.2147484,
              48.5458626
            ],
            [
              135.2146947,
              48.5458711
            ],
            [
              135.2146309,
              48.545861
            ],
            [
              135.2145162,
              48.5457737
            ],
            [
              135.2143197,
              48.5456241
            ],
            [
              135.2136298,
              48.5460203
            ],
            [
              135.2133254,
              48.5458148
            ],
            [
              135.2128453,
              48.5457943
            ],
            [
              135.2119119,
              48.5463518
            ],
            [
              135.2112052,
              48.5467678
            ],
            [
              135.2104942,
              48.5471868
            ],
            [
              135.2101738,
              48.5473742
            ],
            [
              135.2101402,
              48.547366
            ],
            [
              135.2087939,
              48.5468078
            ],
            [
              135.2082936,
              48.5466009
            ],
            [
              135.2080167,
              48.546485
            ],
            [
              135.2077629,
              48.5463795
            ],
            [
              135.2065379,
              48.5458706
            ],
            [
              135.2061167,
              48.5456893
            ],
            [
              135.2059376,
              48.5456472
            ],
            [
              135.2054966,
              48.5455437
            ],
            [
              135.2048594,
              48.5452503
            ],
            [
              135.2043198,
              48.545001
            ],
            [
              135.2040763,
              48.5448885
            ],
            [
              135.2036876,
              48.5447071
            ],
            [
              135.2033127,
              48.5445283
            ],
            [
              135.2029721,
              48.5443684
            ],
            [
              135.2026271,
              48.5442051
            ],
            [
              135.2019214,
              48.5438764
            ],
            [
              135.2014568,
              48.543531
            ],
            [
              135.2012285,
              48.5433587
            ],
            [
              135.2009861,
              48.5431817
            ],
            [
              135.2000711,
              48.5425012
            ],
            [
              135.1995604,
              48.5429121
            ],
            [
              135.1985706,
              48.5437105
            ],
            [
              135.1981401,
              48.5440567
            ],
            [
              135.1977223,
              48.544395
            ],
            [
              135.1932585,
              48.5417394
            ],
            [
              135.1916232,
              48.5407675
            ],
            [
              135.1902075,
              48.5399253
            ],
            [
              135.1888036,
              48.5390896
            ],
            [
              135.1869563,
              48.5395392
            ],
            [
              135.1862062,
              48.5397222
            ],
            [
              135.1859478,
              48.5392851
            ],
            [
              135.1849075,
              48.5384327
            ],
            [
              135.1841229,
              48.5378715
            ],
            [
              135.1835655,
              48.5374705
            ],
            [
              135.1830533,
              48.5371032
            ],
            [
              135.182977,
              48.5370273
            ],
            [
              135.1826863,
              48.5365905
            ],
            [
              135.182291,
              48.5358886
            ],
            [
              135.1819798,
              48.5353318
            ],
            [
              135.1819018,
              48.5351882
            ],
            [
              135.1818524,
              48.5351413
            ],
            [
              135.181786,
              48.5350947
            ],
            [
              135.1816759,
              48.5350426
            ],
            [
              135.181556,
              48.5350032
            ],
            [
              135.1814387,
              48.5349797
            ],
            [
              135.1812769,
              48.5349625
            ],
            [
              135.1809405,
              48.5349535
            ],
            [
              135.1804858,
              48.534949
            ],
            [
              135.1800679,
              48.5349353
            ],
            [
              135.1797699,
              48.5349077
            ],
            [
              135.1795082,
              48.5348611
            ],
            [
              135.1793861,
              48.5348274
            ],
            [
              135.1792594,
              48.5347766
            ],
            [
              135.1790248,
              48.5354149
            ],
            [
              135.1788095,
              48.5359951
            ],
            [
              135.1785908,
              48.5365938
            ],
            [
              135.1778331,
              48.5367979
            ],
            [
              135.1771334,
              48.5370205
            ],
            [
              135.176429,
              48.5373644
            ],
            [
              135.1757722,
              48.5376199
            ],
            [
              135.1758783,
              48.5377724
            ],
            [
              135.174654,
              48.537818
            ],
            [
              135.1746574,
              48.5378883
            ],
            [
              135.1737133,
              48.5379274
            ],
            [
              135.1736818,
              48.5379484
            ],
            [
              135.1734786,
              48.5379487
            ],
            [
              135.1734853,
              48.5381333
            ],
            [
              135.17227,
              48.5381556
            ],
            [
              135.1719524,
              48.5381614
            ],
            [
              135.1716122,
              48.5381503
            ],
            [
              135.1714445,
              48.5388194
            ],
            [
              135.1714166,
              48.5388143
            ],
            [
              135.1713995,
              48.5388562
            ],
            [
              135.1714191,
              48.538859
            ],
            [
              135.1702424,
              48.5400892
            ],
            [
              135.1702052,
              48.540127
            ],
            [
              135.1701948,
              48.5401246
            ],
            [
              135.1699743,
              48.5403465
            ],
            [
              135.1698953,
              48.540426
            ],
            [
              135.1697593,
              48.5405625
            ],
            [
              135.1696454,
              48.5406776
            ],
            [
              135.1695274,
              48.5407963
            ],
            [
              135.1694227,
              48.5409025
            ],
            [
              135.1691418,
              48.5411845
            ],
            [
              135.169022,
              48.5413053
            ],
            [
              135.1688908,
              48.5414381
            ],
            [
              135.1687783,
              48.54155
            ],
            [
              135.1685466,
              48.5417835
            ],
            [
              135.1683321,
              48.5419998
            ],
            [
              135.1683511,
              48.5420012
            ],
            [
              135.168259,
              48.5420922
            ],
            [
              135.1680737,
              48.5422708
            ],
            [
              135.168034,
              48.5423089
            ],
            [
              135.1679379,
              48.5423941
            ],
            [
              135.1678504,
              48.5424716
            ],
            [
              135.1677726,
              48.5425492
            ],
            [
              135.1677022,
              48.5426207
            ],
            [
              135.1676789,
              48.5426171
            ],
            [
              135.1674891,
              48.5427995
            ],
            [
              135.1674622,
              48.5428107
            ],
            [
              135.1672557,
              48.543008
            ],
            [
              135.1671275,
              48.5431294
            ],
            [
              135.1669685,
              48.543281
            ],
            [
              135.1667804,
              48.5434589
            ],
            [
              135.1664163,
              48.5438078
            ],
            [
              135.1662686,
              48.543947
            ],
            [
              135.1661974,
              48.544017
            ],
            [
              135.1661531,
              48.5440569
            ],
            [
              135.1661162,
              48.5440935
            ],
            [
              135.1660767,
              48.544132
            ],
            [
              135.16596,
              48.5442428
            ],
            [
              135.1658484,
              48.544352
            ],
            [
              135.165845,
              48.5443764
            ],
            [
              135.1657972,
              48.5447425
            ],
            [
              135.1657757,
              48.5449101
            ],
            [
              135.1657673,
              48.5452771
            ],
            [
              135.1657549,
              48.5458493
            ],
            [
              135.1657413,
              48.5465411
            ],
            [
              135.164876,
              48.5465508
            ],
            [
              135.1642967,
              48.5465572
            ],
            [
              135.1628308,
              48.5465731
            ],
            [
              135.1626532,
              48.5464683
            ],
            [
              135.1624993,
              48.5464923
            ],
            [
              135.1624577,
              48.5465112
            ],
            [
              135.1624185,
              48.5465418
            ],
            [
              135.1622441,
              48.5466768
            ],
            [
              135.162199,
              48.5467116
            ],
            [
              135.1621576,
              48.5467598
            ],
            [
              135.1621546,
              48.5467822
            ],
            [
              135.1621534,
              48.5468216
            ],
            [
              135.1621436,
              48.5468674
            ],
            [
              135.1621006,
              48.5469132
            ],
            [
              135.1620968,
              48.5470112
            ],
            [
              135.1620689,
              48.5470487
            ],
            [
              135.162042,
              48.5471167
            ],
            [
              135.1619422,
              48.5471891
            ],
            [
              135.1618686,
              48.5472165
            ],
            [
              135.1618143,
              48.5472614
            ],
            [
              135.161771,
              48.5472887
            ],
            [
              135.1615213,
              48.5473866
            ],
            [
              135.1614341,
              48.5474572
            ],
            [
              135.161338,
              48.5475039
            ],
            [
              135.1612182,
              48.5475792
            ],
            [
              135.1611228,
              48.5476468
            ],
            [
              135.1610412,
              48.5476676
            ],
            [
              135.1609969,
              48.5476955
            ],
            [
              135.1609392,
              48.5477089
            ],
            [
              135.1608708,
              48.5477173
            ],
            [
              135.1608185,
              48.5477493
            ],
            [
              135.1607823,
              48.5477635
            ],
            [
              135.1607267,
              48.5477355
            ],
            [
              135.1606724,
              48.5477346
            ],
            [
              135.1606234,
              48.5477217
            ],
            [
              135.1605852,
              48.5476654
            ],
            [
              135.1605439,
              48.5476085
            ],
            [
              135.1604155,
              48.5475349
            ],
            [
              135.1602309,
              48.5474105
            ],
            [
              135.1601987,
              48.5474199
            ],
            [
              135.1601208,
              48.5475188
            ],
            [
              135.1600702,
              48.5475464
            ],
            [
              135.1599589,
              48.5475411
            ],
            [
              135.1598959,
              48.5475562
            ],
            [
              135.1598503,
              48.5475468
            ],
            [
              135.1598204,
              48.5475244
            ],
            [
              135.1598288,
              48.5474465
            ],
            [
              135.1598114,
              48.5474234
            ],
            [
              135.1597618,
              48.5474181
            ],
            [
              135.1596692,
              48.5474317
            ],
            [
              135.1595834,
              48.5474332
            ],
            [
              135.1595512,
              48.5474137
            ],
            [
              135.1595096,
              48.5473533
            ],
            [
              135.1594841,
              48.5473364
            ],
            [
              135.1594171,
              48.5473347
            ],
            [
              135.1593433,
              48.5473258
            ],
            [
              135.1592307,
              48.5472654
            ],
            [
              135.1591797,
              48.5472494
            ],
            [
              135.1591314,
              48.5472255
            ],
            [
              135.15909,
              48.5472294
            ],
            [
              135.1589692,
              48.5472698
            ],
            [
              135.1588874,
              48.5472787
            ],
            [
              135.1587546,
              48.5472636
            ],
            [
              135.1586689,
              48.5472718
            ],
            [
              135.1586027,
              48.547308
            ],
            [
              135.1585534,
              48.5473702
            ],
            [
              135.1585333,
              48.5474119
            ],
            [
              135.1584595,
              48.5474563
            ],
            [
              135.158422,
              48.5475113
            ],
            [
              135.1583791,
              48.5475406
            ],
            [
              135.1583228,
              48.5475655
            ],
            [
              135.1582892,
              48.547609
            ],
            [
              135.1582865,
              48.5476587
            ],
            [
              135.1582544,
              48.5476773
            ],
            [
              135.158176,
              48.5476906
            ],
            [
              135.1581223,
              48.5477284
            ],
            [
              135.1581169,
              48.547787
            ],
            [
              135.1581088,
              48.5478096
            ],
            [
              135.158019,
              48.5478607
            ],
            [
              135.1579607,
              48.5478727
            ],
            [
              135.1578541,
              48.5478599
            ],
            [
              135.1578035,
              48.5478799
            ],
            [
              135.1577736,
              48.5479055
            ],
            [
              135.1577313,
              48.547953
            ],
            [
              135.1576305,
              48.5480286
            ],
            [
              135.1575449,
              48.5480529
            ],
            [
              135.1574537,
              48.548044
            ],
            [
              135.1573813,
              48.5480538
            ],
            [
              135.1573152,
              48.5480712
            ],
            [
              135.1572894,
              48.5480871
            ],
            [
              135.1572727,
              48.5481315
            ],
            [
              135.1572458,
              48.5481603
            ],
            [
              135.1571799,
              48.5481733
            ],
            [
              135.1571647,
              48.5481883
            ],
            [
              135.1571781,
              48.5482291
            ],
            [
              135.1571701,
              48.5482788
            ],
            [
              135.1570688,
              48.5483587
            ],
            [
              135.1570773,
              48.54839
            ],
            [
              135.1571228,
              48.5484031
            ],
            [
              135.1571765,
              48.5484271
            ],
            [
              135.157195,
              48.5484613
            ],
            [
              135.1571949,
              48.5485363
            ],
            [
              135.1571627,
              48.5485828
            ],
            [
              135.1570465,
              48.5486308
            ],
            [
              135.1569518,
              48.5486392
            ],
            [
              135.1568519,
              48.5486642
            ],
            [
              135.1567002,
              48.5487698
            ],
            [
              135.1566343,
              48.5487674
            ],
            [
              135.1565647,
              48.5487261
            ],
            [
              135.1564841,
              48.5487053
            ],
            [
              135.1563541,
              48.5486935
            ],
            [
              135.1562274,
              48.5486607
            ],
            [
              135.1560834,
              48.5485748
            ],
            [
              135.1559624,
              48.5485751
            ],
            [
              135.1558066,
              48.5486466
            ],
            [
              135.1553404,
              48.5485987
            ],
            [
              135.1550282,
              48.5482944
            ],
            [
              135.1546723,
              48.5478451
            ],
            [
              135.1544242,
              48.5473977
            ],
            [
              135.1543947,
              48.5472095
            ],
            [
              135.1543504,
              48.5471598
            ],
            [
              135.1541921,
              48.5467158
            ],
            [
              135.1542137,
              48.5466752
            ],
            [
              135.1542793,
              48.5465862
            ],
            [
              135.1544188,
              48.5464264
            ],
            [
              135.1546269,
              48.5462569
            ],
            [
              135.1549083,
              48.5460695
            ],
            [
              135.1551752,
              48.5459292
            ],
            [
              135.1553164,
              48.545853
            ],
            [
              135.1553324,
              48.5457984
            ],
            [
              135.1551685,
              48.5455785
            ],
            [
              135.1550545,
              48.5454223
            ],
            [
              135.1549652,
              48.5452754
            ],
            [
              135.1546012,
              48.5450192
            ],
            [
              135.1544651,
              48.5449219
            ],
            [
              135.1543182,
              48.5448123
            ],
            [
              135.1541481,
              48.5446861
            ],
            [
              135.1538807,
              48.5445233
            ],
            [
              135.153581,
              48.5443866
            ],
            [
              135.1529925,
              48.5441038
            ]
          ]
        ]
      },
      "id": "relation/1785054"
    },
    {
      "type": "Feature",
      "properties": {
        "@id": "relation/1785055",
        "addr:city": "Хабаровск",
        "admin_level": "9",
        "boundary": "administrative",
        "name": "Индустриальный район",
        "source": "Росреестр",
        "type": "boundary",
        "wikidata": "Q4200937"
      },
      "geometry": {
        "type": "Polygon",
        "coordinates": [
          [
            [
              135.0149686,
              48.3750329
            ],
            [
              135.0143668,
              48.3745253
            ],
            [
              135.0127516,
              48.3739671
            ],
            [
              135.0120852,
              48.3737042
            ],
            [
              135.0113751,
              48.3735155
            ],
            [
              135.0101495,
              48.3731569
            ],
            [
              135.0091624,
              48.3727649
            ],
            [
              135.0073607,
              48.3719645
            ],
            [
              135.0054445,
              48.3711514
            ],
            [
              135.0031337,
              48.3705384
            ],
            [
              135.0018001,
              48.370302
            ],
            [
              135.0003933,
              48.3702526
            ],
            [
              134.9987872,
              48.3704052
            ],
            [
              134.9969286,
              48.3704091
            ],
            [
              134.9960792,
              48.3703173
            ],
            [
              134.9953099,
              48.3702342
            ],
            [
              134.9932237,
              48.3700088
            ],
            [
              134.99552,
              48.3672785
            ],
            [
              134.9969164,
              48.365618
            ],
            [
              134.9978453,
              48.3645452
            ],
            [
              134.9997961,
              48.3622444
            ],
            [
              135.0007725,
              48.3610825
            ],
            [
              135.0014055,
              48.3603446
            ],
            [
              135.0015168,
              48.3602163
            ],
            [
              135.0018577,
              48.3599352
            ],
            [
              135.0022504,
              48.359548
            ],
            [
              135.0023228,
              48.3594883
            ],
            [
              135.0024301,
              48.3594455
            ],
            [
              135.002532,
              48.3594153
            ],
            [
              135.0026319,
              48.3593854
            ],
            [
              135.0027895,
              48.3593199
            ],
            [
              135.00287,
              48.3592753
            ],
            [
              135.0030309,
              48.3590454
            ],
            [
              135.0030483,
              48.3589973
            ],
            [
              135.0030577,
              48.3589465
            ],
            [
              135.003043,
              48.3589073
            ],
            [
              135.0030108,
              48.358869
            ],
            [
              135.0029182,
              48.3587852
            ],
            [
              135.002768,
              48.3586738
            ],
            [
              135.0027291,
              48.3586408
            ],
            [
              135.0026809,
              48.3585847
            ],
            [
              135.0026822,
              48.3585366
            ],
            [
              135.002764,
              48.3584145
            ],
            [
              135.0027667,
              48.3583789
            ],
            [
              135.0027573,
              48.3583085
            ],
            [
              135.0026473,
              48.3581668
            ],
            [
              135.0025991,
              48.358124
            ],
            [
              135.0023711,
              48.3579921
            ],
            [
              135.002182,
              48.3578914
            ],
            [
              135.0021719,
              48.3578778
            ],
            [
              135.0021739,
              48.3578651
            ],
            [
              135.0021927,
              48.3578473
            ],
            [
              135.0022289,
              48.3578322
            ],
            [
              135.0022812,
              48.3578139
            ],
            [
              135.0023208,
              48.3577978
            ],
            [
              135.0023654,
              48.3577691
            ],
            [
              135.0024301,
              48.3576775
            ],
            [
              135.0024623,
              48.3576606
            ],
            [
              135.0025112,
              48.3576432
            ],
            [
              135.0026668,
              48.3575759
            ],
            [
              135.0027238,
              48.3575363
            ],
            [
              135.0027372,
              48.3575154
            ],
            [
              135.0027332,
              48.357449
            ],
            [
              135.0027218,
              48.3573848
            ],
            [
              135.0026943,
              48.3573224
            ],
            [
              135.0026634,
              48.3572663
            ],
            [
              135.0026198,
              48.3572199
            ],
            [
              135.0025582,
              48.3571638
            ],
            [
              135.0024797,
              48.3571206
            ],
            [
              135.0023744,
              48.3570956
            ],
            [
              135.0023094,
              48.3570234
            ],
            [
              135.002304,
              48.3570038
            ],
            [
              135.002308,
              48.3569878
            ],
            [
              135.0023208,
              48.3569793
            ],
            [
              135.0024495,
              48.3569539
            ],
            [
              135.0026131,
              48.3569513
            ],
            [
              135.0028626,
              48.3569379
            ],
            [
              135.0030497,
              48.3569219
            ],
            [
              135.0030923,
              48.3569105
            ],
            [
              135.0031204,
              48.3568978
            ],
            [
              135.0031442,
              48.3568793
            ],
            [
              135.0031526,
              48.3568263
            ],
            [
              135.0031798,
              48.3567721
            ],
            [
              135.003224,
              48.3567287
            ],
            [
              135.0034017,
              48.356593
            ],
            [
              135.0035291,
              48.3565253
            ],
            [
              135.0036263,
              48.3564977
            ],
            [
              135.0037175,
              48.3564776
            ],
            [
              135.0038141,
              48.3564718
            ],
            [
              135.0038999,
              48.3564709
            ],
            [
              135.0040059,
              48.3564616
            ],
            [
              135.0040837,
              48.3564348
            ],
            [
              135.0041608,
              48.356401
            ],
            [
              135.0042593,
              48.3563315
            ],
            [
              135.0043378,
              48.3562584
            ],
            [
              135.0044766,
              48.3560695
            ],
            [
              135.0046349,
              48.355742
            ],
            [
              135.0047606,
              48.3555385
            ],
            [
              135.004852,
              48.3554905
            ],
            [
              135.0052223,
              48.3555645
            ],
            [
              135.005431,
              48.355603
            ],
            [
              135.0057355,
              48.3556616
            ],
            [
              135.0057883,
              48.3556706
            ],
            [
              135.0062753,
              48.3557833
            ],
            [
              135.0064535,
              48.355812
            ],
            [
              135.006561,
              48.3558459
            ],
            [
              135.0067558,
              48.3559469
            ],
            [
              135.0069033,
              48.3559652
            ],
            [
              135.0070723,
              48.3559709
            ],
            [
              135.0072111,
              48.3558329
            ],
            [
              135.0073211,
              48.3557357
            ],
            [
              135.00747,
              48.3556493
            ],
            [
              135.0075665,
              48.3555798
            ],
            [
              135.0076671,
              48.355488
            ],
            [
              135.0077449,
              48.3553873
            ],
            [
              135.0078443,
              48.3553401
            ],
            [
              135.0080811,
              48.3552811
            ],
            [
              135.0084064,
              48.3552341
            ],
            [
              135.0088808,
              48.3551538
            ],
            [
              135.0090779,
              48.3551377
            ],
            [
              135.0092184,
              48.3551328
            ],
            [
              135.0093156,
              48.3551583
            ],
            [
              135.0093609,
              48.3551643
            ],
            [
              135.0096358,
              48.3551583
            ],
            [
              135.0097632,
              48.3551728
            ],
            [
              135.010018,
              48.3551431
            ],
            [
              135.0101978,
              48.3551698
            ],
            [
              135.010279,
              48.3551683
            ],
            [
              135.0105144,
              48.3551256
            ],
            [
              135.0107504,
              48.3550931
            ],
            [
              135.0108183,
              48.3550761
            ],
            [
              135.0108891,
              48.3550485
            ],
            [
              135.0111645,
              48.3549534
            ],
            [
              135.0115201,
              48.3548624
            ],
            [
              135.0116701,
              48.3548332
            ],
            [
              135.0119291,
              48.354775
            ],
            [
              135.0120632,
              48.3547109
            ],
            [
              135.012168,
              48.3546987
            ],
            [
              135.0122644,
              48.3546993
            ],
            [
              135.0123837,
              48.3547341
            ],
            [
              135.0124776,
              48.3547474
            ],
            [
              135.0126439,
              48.3547394
            ],
            [
              135.0127472,
              48.3547465
            ],
            [
              135.0127807,
              48.3547376
            ],
            [
              135.0128836,
              48.354643
            ],
            [
              135.01293,
              48.3546142
            ],
            [
              135.012965,
              48.3546047
            ],
            [
              135.0130092,
              48.354601
            ],
            [
              135.013216,
              48.3546211
            ],
            [
              135.0132633,
              48.3546148
            ],
            [
              135.0133034,
              48.3546021
            ],
            [
              135.0134935,
              48.3544932
            ],
            [
              135.0137379,
              48.3543906
            ],
            [
              135.0138529,
              48.3543523
            ],
            [
              135.0141296,
              48.3542233
            ],
            [
              135.0142103,
              48.354219
            ],
            [
              135.0142674,
              48.3542239
            ],
            [
              135.0143311,
              48.3542402
            ],
            [
              135.0143767,
              48.3542408
            ],
            [
              135.0144313,
              48.3542299
            ],
            [
              135.0144846,
              48.3542278
            ],
            [
              135.0145483,
              48.3542292
            ],
            [
              135.0145926,
              48.354223
            ],
            [
              135.0147357,
              48.3541381
            ],
            [
              135.0148928,
              48.3540415
            ],
            [
              135.015002,
              48.3539831
            ],
            [
              135.015076,
              48.353928
            ],
            [
              135.0151391,
              48.3538865
            ],
            [
              135.0152054,
              48.3538589
            ],
            [
              135.0152611,
              48.3538451
            ],
            [
              135.0153127,
              48.3538409
            ],
            [
              135.0153738,
              48.3538456
            ],
            [
              135.0154475,
              48.3538513
            ],
            [
              135.0156246,
              48.3538698
            ],
            [
              135.0157888,
              48.3538829
            ],
            [
              135.0158572,
              48.3538803
            ],
            [
              135.0159223,
              48.35387
            ],
            [
              135.0159987,
              48.3538458
            ],
            [
              135.0163239,
              48.3536673
            ],
            [
              135.0164165,
              48.3536263
            ],
            [
              135.0165211,
              48.3535906
            ],
            [
              135.0165533,
              48.3535198
            ],
            [
              135.0166465,
              48.3534453
            ],
            [
              135.0164554,
              48.3533451
            ],
            [
              135.0162401,
              48.3532303
            ],
            [
              135.0163232,
              48.3529189
            ],
            [
              135.0172658,
              48.3526903
            ],
            [
              135.0178946,
              48.3525367
            ],
            [
              135.0189029,
              48.3523224
            ],
            [
              135.0198966,
              48.3521108
            ],
            [
              135.0204303,
              48.3524654
            ],
            [
              135.0206666,
              48.3523634
            ],
            [
              135.0209602,
              48.3523772
            ],
            [
              135.0210081,
              48.3523603
            ],
            [
              135.0211612,
              48.3522713
            ],
            [
              135.021364,
              48.352162
            ],
            [
              135.0214908,
              48.3521065
            ],
            [
              135.0217286,
              48.3520502
            ],
            [
              135.0217889,
              48.352023
            ],
            [
              135.0218584,
              48.3519769
            ],
            [
              135.0219049,
              48.3519588
            ],
            [
              135.0219419,
              48.3519586
            ],
            [
              135.0222918,
              48.3520448
            ],
            [
              135.0223904,
              48.3520631
            ],
            [
              135.0224655,
              48.3520683
            ],
            [
              135.0225262,
              48.3520646
            ],
            [
              135.0225886,
              48.35205
            ],
            [
              135.0226491,
              48.352032
            ],
            [
              135.0226985,
              48.3520044
            ],
            [
              135.022801,
              48.3519806
            ],
            [
              135.0229009,
              48.3519703
            ],
            [
              135.0229386,
              48.3519612
            ],
            [
              135.022976,
              48.3519498
            ],
            [
              135.0231625,
              48.3518605
            ],
            [
              135.0232294,
              48.3518352
            ],
            [
              135.0232778,
              48.3518247
            ],
            [
              135.0233164,
              48.3518226
            ],
            [
              135.0236343,
              48.3518229
            ],
            [
              135.0237,
              48.3518202
            ],
            [
              135.023761,
              48.3518082
            ],
            [
              135.0238482,
              48.3517846
            ],
            [
              135.0238998,
              48.3517565
            ],
            [
              135.0239504,
              48.3517108
            ],
            [
              135.0239982,
              48.3516541
            ],
            [
              135.0241463,
              48.3515011
            ],
            [
              135.024253,
              48.3514073
            ],
            [
              135.0243259,
              48.3513582
            ],
            [
              135.024407,
              48.3513007
            ],
            [
              135.0245476,
              48.3511923
            ],
            [
              135.0247831,
              48.3510032
            ],
            [
              135.0253774,
              48.3508058
            ],
            [
              135.0255283,
              48.3506984
            ],
            [
              135.0256404,
              48.3505953
            ],
            [
              135.0260011,
              48.3501776
            ],
            [
              135.0260205,
              48.3500979
            ],
            [
              135.0261274,
              48.3499464
            ],
            [
              135.0261837,
              48.3499085
            ],
            [
              135.0262709,
              48.3498474
            ],
            [
              135.0264123,
              48.349784
            ],
            [
              135.0266696,
              48.3497543
            ],
            [
              135.0270903,
              48.3500123
            ],
            [
              135.027693,
              48.3503801
            ],
            [
              135.0279095,
              48.3497823
            ],
            [
              135.0281255,
              48.3491816
            ],
            [
              135.0282745,
              48.3487782
            ],
            [
              135.0286084,
              48.3479579
            ],
            [
              135.0289208,
              48.3471904
            ],
            [
              135.0291364,
              48.3468182
            ],
            [
              135.0297242,
              48.34589
            ],
            [
              135.0300233,
              48.3454292
            ],
            [
              135.0301132,
              48.3452946
            ],
            [
              135.0303381,
              48.3449624
            ],
            [
              135.0304264,
              48.3448407
            ],
            [
              135.0307086,
              48.3444237
            ],
            [
              135.0309809,
              48.344028
            ],
            [
              135.0310175,
              48.3439669
            ],
            [
              135.0313618,
              48.3432589
            ],
            [
              135.0315253,
              48.3429592
            ],
            [
              135.031774,
              48.34257
            ],
            [
              135.0340453,
              48.3424083
            ],
            [
              135.0367066,
              48.342247
            ],
            [
              135.0381786,
              48.3423236
            ],
            [
              135.0384199,
              48.3423766
            ],
            [
              135.0388759,
              48.3427922
            ],
            [
              135.0397342,
              48.3436456
            ],
            [
              135.0402191,
              48.3441278
            ],
            [
              135.0405712,
              48.3444751
            ],
            [
              135.0408058,
              48.3450014
            ],
            [
              135.0410524,
              48.3455427
            ],
            [
              135.041538,
              48.3464159
            ],
            [
              135.0416493,
              48.3465906
            ],
            [
              135.041708,
              48.346653
            ],
            [
              135.0417674,
              48.3466994
            ],
            [
              135.041822,
              48.3467359
            ],
            [
              135.0419055,
              48.3467769
            ],
            [
              135.0420592,
              48.346818
            ],
            [
              135.0422428,
              48.3468763
            ],
            [
              135.042399,
              48.3469164
            ],
            [
              135.0425135,
              48.3469553
            ],
            [
              135.0425996,
              48.3470522
            ],
            [
              135.0427113,
              48.347221
            ],
            [
              135.0428451,
              48.3474765
            ],
            [
              135.043032,
              48.3477449
            ],
            [
              135.0431085,
              48.3478607
            ],
            [
              135.0432072,
              48.3480167
            ],
            [
              135.0435001,
              48.3482342
            ],
            [
              135.0435555,
              48.3483039
            ],
            [
              135.0436474,
              48.3484246
            ],
            [
              135.0438757,
              48.3485594
            ],
            [
              135.0439328,
              48.3486652
            ],
            [
              135.0440229,
              48.3487832
            ],
            [
              135.0441927,
              48.3489245
            ],
            [
              135.0442746,
              48.3489847
            ],
            [
              135.0444491,
              48.3491281
            ],
            [
              135.0446031,
              48.3491937
            ],
            [
              135.0446983,
              48.3492641
            ],
            [
              135.0447974,
              48.3494302
            ],
            [
              135.0448936,
              48.3494875
            ],
            [
              135.0449797,
              48.3495783
            ],
            [
              135.0450642,
              48.349713
            ],
            [
              135.0451794,
              48.3497584
            ],
            [
              135.0452279,
              48.3497913
            ],
            [
              135.0452233,
              48.3498401
            ],
            [
              135.0451939,
              48.349892
            ],
            [
              135.0452267,
              48.3499419
            ],
            [
              135.045318,
              48.3499858
            ],
            [
              135.0454755,
              48.3500119
            ],
            [
              135.0455935,
              48.3500235
            ],
            [
              135.0457189,
              48.3500408
            ],
            [
              135.0458403,
              48.3500734
            ],
            [
              135.0459239,
              48.350124
            ],
            [
              135.0459934,
              48.3502157
            ],
            [
              135.0460408,
              48.3502971
            ],
            [
              135.0460978,
              48.3503817
            ],
            [
              135.0463397,
              48.3507083
            ],
            [
              135.0465083,
              48.3508519
            ],
            [
              135.0466262,
              48.3509321
            ],
            [
              135.0468045,
              48.3510248
            ],
            [
              135.0470071,
              48.3511558
            ],
            [
              135.0471573,
              48.3512645
            ],
            [
              135.0471901,
              48.3513149
            ],
            [
              135.0472344,
              48.3513621
            ],
            [
              135.0472665,
              48.3513805
            ],
            [
              135.0473017,
              48.3513948
            ],
            [
              135.0473511,
              48.3513997
            ],
            [
              135.0474253,
              48.3514141
            ],
            [
              135.0474756,
              48.3514376
            ],
            [
              135.0476123,
              48.3515519
            ],
            [
              135.0478533,
              48.3516259
            ],
            [
              135.0479656,
              48.3516677
            ],
            [
              135.0480706,
              48.3517325
            ],
            [
              135.0481061,
              48.351789
            ],
            [
              135.0481322,
              48.3518528
            ],
            [
              135.0481613,
              48.3518862
            ],
            [
              135.048267,
              48.3519071
            ],
            [
              135.0483076,
              48.3519251
            ],
            [
              135.048358,
              48.3520164
            ],
            [
              135.0483902,
              48.3520611
            ],
            [
              135.0484285,
              48.3520781
            ],
            [
              135.0484744,
              48.3520846
            ],
            [
              135.048566,
              48.3520754
            ],
            [
              135.0486529,
              48.3520706
            ],
            [
              135.0487207,
              48.3520734
            ],
            [
              135.0487992,
              48.3520816
            ],
            [
              135.0488444,
              48.352113
            ],
            [
              135.0489236,
              48.3521967
            ],
            [
              135.0489479,
              48.3522735
            ],
            [
              135.0489354,
              48.3525674
            ],
            [
              135.0489529,
              48.3526079
            ],
            [
              135.0489865,
              48.3526421
            ],
            [
              135.0490501,
              48.3526649
            ],
            [
              135.0491823,
              48.3527003
            ],
            [
              135.0492668,
              48.3527163
            ],
            [
              135.0493392,
              48.3527226
            ],
            [
              135.0494197,
              48.3527373
            ],
            [
              135.0494633,
              48.3527596
            ],
            [
              135.0494727,
              48.3527983
            ],
            [
              135.0494318,
              48.3529204
            ],
            [
              135.0494358,
              48.3530087
            ],
            [
              135.049454,
              48.3530906
            ],
            [
              135.0494892,
              48.3531241
            ],
            [
              135.0496276,
              48.3531928
            ],
            [
              135.0497255,
              48.3531744
            ],
            [
              135.049814,
              48.353088
            ],
            [
              135.0498609,
              48.3530764
            ],
            [
              135.0499529,
              48.3530822
            ],
            [
              135.0502079,
              48.3531643
            ],
            [
              135.0508305,
              48.3531922
            ],
            [
              135.0513214,
              48.3532128
            ],
            [
              135.0521988,
              48.353252
            ],
            [
              135.0524265,
              48.3531744
            ],
            [
              135.0527367,
              48.3531053
            ],
            [
              135.0531586,
              48.3531534
            ],
            [
              135.0535986,
              48.3531361
            ],
            [
              135.054181,
              48.3531174
            ],
            [
              135.0546703,
              48.3529401
            ],
            [
              135.0553061,
              48.3528233
            ],
            [
              135.0558101,
              48.3528061
            ],
            [
              135.0562564,
              48.352882
            ],
            [
              135.0566509,
              48.3527467
            ],
            [
              135.0572007,
              48.3525683
            ],
            [
              135.0574186,
              48.3523929
            ],
            [
              135.0576801,
              48.3522847
            ],
            [
              135.0583005,
              48.3519945
            ],
            [
              135.0585359,
              48.3518622
            ],
            [
              135.0587739,
              48.3517939
            ],
            [
              135.058959,
              48.3517226
            ],
            [
              135.0591309,
              48.351646
            ],
            [
              135.0593653,
              48.3516077
            ],
            [
              135.0597134,
              48.351571
            ],
            [
              135.0597697,
              48.3517552
            ],
            [
              135.0597728,
              48.3519019
            ],
            [
              135.0591151,
              48.3524228
            ],
            [
              135.0593701,
              48.3526518
            ],
            [
              135.0596136,
              48.3525756
            ],
            [
              135.0597958,
              48.3528055
            ],
            [
              135.0597561,
              48.3528524
            ],
            [
              135.0596429,
              48.3528919
            ],
            [
              135.0597046,
              48.3529454
            ],
            [
              135.0597502,
              48.3529784
            ],
            [
              135.0597931,
              48.3530015
            ],
            [
              135.0598495,
              48.3530247
            ],
            [
              135.0599509,
              48.3530271
            ],
            [
              135.0604052,
              48.3528774
            ],
            [
              135.060605,
              48.3528134
            ],
            [
              135.0617161,
              48.3524785
            ],
            [
              135.0616936,
              48.3523132
            ],
            [
              135.061571,
              48.3514133
            ],
            [
              135.0628953,
              48.3511956
            ],
            [
              135.0637145,
              48.3512065
            ],
            [
              135.0637656,
              48.3507727
            ],
            [
              135.0638515,
              48.350093
            ],
            [
              135.0636166,
              48.349671
            ],
            [
              135.0633674,
              48.3492185
            ],
            [
              135.0634495,
              48.3482539
            ],
            [
              135.0634545,
              48.3481713
            ],
            [
              135.0637802,
              48.3471997
            ],
            [
              135.063945,
              48.3472429
            ],
            [
              135.0641531,
              48.3472888
            ],
            [
              135.0642311,
              48.3471526
            ],
            [
              135.0645727,
              48.3472351
            ],
            [
              135.0647138,
              48.3470307
            ],
            [
              135.0660159,
              48.347002
            ],
            [
              135.0674455,
              48.3469712
            ],
            [
              135.0674991,
              48.3470909
            ],
            [
              135.0677298,
              48.3470452
            ],
            [
              135.0679487,
              48.3470068
            ],
            [
              135.0679336,
              48.3469593
            ],
            [
              135.068116,
              48.3469563
            ],
            [
              135.0681213,
              48.3469767
            ],
            [
              135.0682253,
              48.3469529
            ],
            [
              135.0684433,
              48.3469481
            ],
            [
              135.0684232,
              48.3470889
            ],
            [
              135.0691889,
              48.347022
            ],
            [
              135.0692652,
              48.3469441
            ],
            [
              135.0708505,
              48.3469161
            ],
            [
              135.0710008,
              48.3469025
            ],
            [
              135.071682,
              48.3470211
            ],
            [
              135.0727335,
              48.3473188
            ],
            [
              135.0732109,
              48.3471905
            ],
            [
              135.0731141,
              48.3470381
            ],
            [
              135.0730687,
              48.3468999
            ],
            [
              135.0730753,
              48.3467122
            ],
            [
              135.07326,
              48.3464209
            ],
            [
              135.0736669,
              48.34621
            ],
            [
              135.0741684,
              48.3460745
            ],
            [
              135.0744343,
              48.346057
            ],
            [
              135.0739673,
              48.345053
            ],
            [
              135.0737607,
              48.3445343
            ],
            [
              135.0735695,
              48.3440571
            ],
            [
              135.0731787,
              48.3430795
            ],
            [
              135.0727682,
              48.3422223
            ],
            [
              135.0728229,
              48.3422388
            ],
            [
              135.0728203,
              48.342203
            ],
            [
              135.0729925,
              48.3421941
            ],
            [
              135.0730014,
              48.3422108
            ],
            [
              135.0731007,
              48.3421939
            ],
            [
              135.0732406,
              48.3422079
            ],
            [
              135.0739722,
              48.3423984
            ],
            [
              135.0744103,
              48.3424958
            ],
            [
              135.0744821,
              48.3425098
            ],
            [
              135.0745523,
              48.3425122
            ],
            [
              135.074728,
              48.3424979
            ],
            [
              135.0747353,
              48.3425113
            ],
            [
              135.0748272,
              48.3424899
            ],
            [
              135.0748516,
              48.3424869
            ],
            [
              135.074882,
              48.3424974
            ],
            [
              135.07491,
              48.3425154
            ],
            [
              135.0749197,
              48.3425331
            ],
            [
              135.0749296,
              48.3426226
            ],
            [
              135.0749494,
              48.3426462
            ],
            [
              135.0749704,
              48.3426619
            ],
            [
              135.0749999,
              48.3426717
            ],
            [
              135.0750589,
              48.3426753
            ],
            [
              135.0751193,
              48.342674
            ],
            [
              135.0752018,
              48.3426396
            ],
            [
              135.0752427,
              48.3426329
            ],
            [
              135.0752998,
              48.3426394
            ],
            [
              135.0753709,
              48.3426696
            ],
            [
              135.075462,
              48.3426978
            ],
            [
              135.0755063,
              48.3427213
            ],
            [
              135.0755513,
              48.3427595
            ],
            [
              135.0756027,
              48.342781
            ],
            [
              135.0756464,
              48.3428065
            ],
            [
              135.0756775,
              48.342828
            ],
            [
              135.0757499,
              48.3428597
            ],
            [
              135.0757691,
              48.3428771
            ],
            [
              135.0757751,
              48.3429008
            ],
            [
              135.0757657,
              48.343016
            ],
            [
              135.0757842,
              48.3430314
            ],
            [
              135.075823,
              48.3430445
            ],
            [
              135.0758537,
              48.3430423
            ],
            [
              135.0759299,
              48.3430255
            ],
            [
              135.0759933,
              48.3430267
            ],
            [
              135.0761521,
              48.3430646
            ],
            [
              135.0761955,
              48.3430676
            ],
            [
              135.0762311,
              48.3430608
            ],
            [
              135.0762751,
              48.3430597
            ],
            [
              135.0763294,
              48.3430633
            ],
            [
              135.0764593,
              48.3431285
            ],
            [
              135.0764738,
              48.3431553
            ],
            [
              135.0764651,
              48.3431834
            ],
            [
              135.076471,
              48.3432074
            ],
            [
              135.0765429,
              48.3432506
            ],
            [
              135.0765646,
              48.343275
            ],
            [
              135.0765966,
              48.3432978
            ],
            [
              135.0766359,
              48.3433137
            ],
            [
              135.0766831,
              48.3433201
            ],
            [
              135.07673,
              48.3433318
            ],
            [
              135.0767555,
              48.3433471
            ],
            [
              135.0768633,
              48.3434491
            ],
            [
              135.0769384,
              48.3435392
            ],
            [
              135.0769707,
              48.3435712
            ],
            [
              135.0770056,
              48.3435889
            ],
            [
              135.0770493,
              48.3435964
            ],
            [
              135.0771233,
              48.3435999
            ],
            [
              135.0771603,
              48.343609
            ],
            [
              135.077185,
              48.343626
            ],
            [
              135.0772295,
              48.3437115
            ],
            [
              135.0772547,
              48.3437334
            ],
            [
              135.0772838,
              48.3437525
            ],
            [
              135.0774161,
              48.3438126
            ],
            [
              135.0774344,
              48.3438283
            ],
            [
              135.0774511,
              48.3438504
            ],
            [
              135.0774813,
              48.3438985
            ],
            [
              135.0775111,
              48.343956
            ],
            [
              135.077539,
              48.3439954
            ],
            [
              135.0775722,
              48.344025
            ],
            [
              135.0776189,
              48.3440456
            ],
            [
              135.0776697,
              48.3440576
            ],
            [
              135.0777189,
              48.3440585
            ],
            [
              135.0777589,
              48.3440542
            ],
            [
              135.0777961,
              48.3440422
            ],
            [
              135.0778663,
              48.343998
            ],
            [
              135.0779034,
              48.3439752
            ],
            [
              135.0779624,
              48.3439416
            ],
            [
              135.0779989,
              48.3439295
            ],
            [
              135.0780307,
              48.3439265
            ],
            [
              135.0780564,
              48.3439371
            ],
            [
              135.0780784,
              48.3439563
            ],
            [
              135.0781124,
              48.344082
            ],
            [
              135.0781418,
              48.3441451
            ],
            [
              135.0781794,
              48.3441871
            ],
            [
              135.0782203,
              48.3442045
            ],
            [
              135.0782652,
              48.3442109
            ],
            [
              135.0783131,
              48.3442034
            ],
            [
              135.0783735,
              48.3441817
            ],
            [
              135.0784723,
              48.3441126
            ],
            [
              135.0785037,
              48.3440905
            ],
            [
              135.0785336,
              48.344075
            ],
            [
              135.0785598,
              48.3440761
            ],
            [
              135.0785846,
              48.344093
            ],
            [
              135.078621,
              48.3441119
            ],
            [
              135.0786692,
              48.344127
            ],
            [
              135.0787287,
              48.3441326
            ],
            [
              135.0789003,
              48.3441328
            ],
            [
              135.0789753,
              48.3441444
            ],
            [
              135.079011,
              48.3441616
            ],
            [
              135.079047,
              48.3441867
            ],
            [
              135.0790903,
              48.344227
            ],
            [
              135.0791334,
              48.3442863
            ],
            [
              135.0791979,
              48.3443704
            ],
            [
              135.0792293,
              48.3443737
            ],
            [
              135.0792483,
              48.3443574
            ],
            [
              135.0792539,
              48.344312
            ],
            [
              135.0792525,
              48.344259
            ],
            [
              135.0792421,
              48.3442064
            ],
            [
              135.0792254,
              48.3441479
            ],
            [
              135.0792059,
              48.3440885
            ],
            [
              135.0791852,
              48.344051
            ],
            [
              135.0791455,
              48.3439441
            ],
            [
              135.079116,
              48.3438317
            ],
            [
              135.0790838,
              48.3437444
            ],
            [
              135.0790795,
              48.3436846
            ],
            [
              135.0790859,
              48.3436393
            ],
            [
              135.0791268,
              48.3435751
            ],
            [
              135.079239,
              48.3434455
            ],
            [
              135.0794625,
              48.3431923
            ],
            [
              135.0796153,
              48.3430029
            ],
            [
              135.0796685,
              48.3429291
            ],
            [
              135.0797129,
              48.342798
            ],
            [
              135.0797723,
              48.342591
            ],
            [
              135.0797568,
              48.342288
            ],
            [
              135.0797783,
              48.3421574
            ],
            [
              135.079783,
              48.3420928
            ],
            [
              135.0797803,
              48.3420415
            ],
            [
              135.0797816,
              48.3419902
            ],
            [
              135.0798066,
              48.3419395
            ],
            [
              135.0799345,
              48.3418075
            ],
            [
              135.0800153,
              48.3417628
            ],
            [
              135.0800844,
              48.3417441
            ],
            [
              135.0801435,
              48.3417377
            ],
            [
              135.0802381,
              48.341754
            ],
            [
              135.0804541,
              48.3418556
            ],
            [
              135.0805261,
              48.3418627
            ],
            [
              135.0805964,
              48.3418512
            ],
            [
              135.0806393,
              48.3418173
            ],
            [
              135.0806896,
              48.3417683
            ],
            [
              135.0807652,
              48.3416377
            ],
            [
              135.0807969,
              48.3415111
            ],
            [
              135.0808096,
              48.3413957
            ],
            [
              135.0808056,
              48.341311
            ],
            [
              135.0807971,
              48.3412405
            ],
            [
              135.0807785,
              48.3412074
            ],
            [
              135.0806031,
              48.3410984
            ],
            [
              135.0805461,
              48.3410627
            ],
            [
              135.0804888,
              48.3410359
            ],
            [
              135.0804602,
              48.3410079
            ],
            [
              135.0804428,
              48.3409803
            ],
            [
              135.0804388,
              48.3409424
            ],
            [
              135.0804549,
              48.3408947
            ],
            [
              135.0804783,
              48.3408738
            ],
            [
              135.0805032,
              48.3408573
            ],
            [
              135.0805856,
              48.3408399
            ],
            [
              135.0806921,
              48.3408292
            ],
            [
              135.081159,
              48.3408733
            ],
            [
              135.0813398,
              48.3409477
            ],
            [
              135.0817108,
              48.3410026
            ],
            [
              135.0828673,
              48.341176
            ],
            [
              135.0832767,
              48.3408657
            ],
            [
              135.0834958,
              48.3407321
            ],
            [
              135.0842082,
              48.340287
            ],
            [
              135.0845144,
              48.3401735
            ],
            [
              135.0845082,
              48.3401648
            ],
            [
              135.0845325,
              48.3401565
            ],
            [
              135.0845397,
              48.340164
            ],
            [
              135.0853695,
              48.3398521
            ],
            [
              135.0855357,
              48.3398004
            ],
            [
              135.0858261,
              48.3397092
            ],
            [
              135.0862088,
              48.3395891
            ],
            [
              135.0864169,
              48.3395243
            ],
            [
              135.0866712,
              48.3394451
            ],
            [
              135.0871043,
              48.3393175
            ],
            [
              135.0870974,
              48.3393079
            ],
            [
              135.0871208,
              48.3392999
            ],
            [
              135.0871306,
              48.3393099
            ],
            [
              135.0876751,
              48.3391497
            ],
            [
              135.0883498,
              48.3389493
            ],
            [
              135.0892631,
              48.3386758
            ],
            [
              135.090027,
              48.3384495
            ],
            [
              135.0903931,
              48.3383389
            ],
            [
              135.0910185,
              48.3381321
            ],
            [
              135.0916104,
              48.3379056
            ],
            [
              135.0926596,
              48.337435
            ],
            [
              135.0928809,
              48.3373294
            ],
            [
              135.0933114,
              48.3371051
            ],
            [
              135.0938706,
              48.3367744
            ],
            [
              135.0947817,
              48.336161
            ],
            [
              135.0960673,
              48.3352733
            ],
            [
              135.0964656,
              48.3349993
            ],
            [
              135.0970745,
              48.3345857
            ],
            [
              135.0976463,
              48.3341862
            ],
            [
              135.0985811,
              48.3335496
            ],
            [
              135.0996128,
              48.3329422
            ],
            [
              135.1001321,
              48.3326937
            ],
            [
              135.1008198,
              48.3323579
            ],
            [
              135.1017228,
              48.3319948
            ],
            [
              135.1030612,
              48.3314402
            ],
            [
              135.1042499,
              48.3309181
            ],
            [
              135.1050734,
              48.3304751
            ],
            [
              135.1058049,
              48.3299922
            ],
            [
              135.1070638,
              48.3291134
            ],
            [
              135.1082522,
              48.3282809
            ],
            [
              135.1095247,
              48.3276849
            ],
            [
              135.1096158,
              48.327736
            ],
            [
              135.1102928,
              48.3272861
            ],
            [
              135.1110678,
              48.3267961
            ],
            [
              135.1177409,
              48.3295197
            ],
            [
              135.1244259,
              48.3322406
            ],
            [
              135.0957883,
              48.3441553
            ],
            [
              135.097555,
              48.3447364
            ],
            [
              135.0967581,
              48.3450659
            ],
            [
              135.0967138,
              48.3450551
            ],
            [
              135.0947799,
              48.3445191
            ],
            [
              135.0934379,
              48.3450065
            ],
            [
              135.0939085,
              48.3454246
            ],
            [
              135.0940152,
              48.3455373
            ],
            [
              135.094418,
              48.3458805
            ],
            [
              135.0946219,
              48.3460205
            ],
            [
              135.094765,
              48.3461164
            ],
            [
              135.0948752,
              48.3462028
            ],
            [
              135.0949623,
              48.346286
            ],
            [
              135.0950205,
              48.3463533
            ],
            [
              135.0950912,
              48.3464416
            ],
            [
              135.095231,
              48.3465492
            ],
            [
              135.0953626,
              48.3466343
            ],
            [
              135.0956339,
              48.3468414
            ],
            [
              135.0957148,
              48.3469057
            ],
            [
              135.0958568,
              48.3470586
            ],
            [
              135.0959158,
              48.3471263
            ],
            [
              135.0960177,
              48.347203
            ],
            [
              135.0960993,
              48.3472917
            ],
            [
              135.096121,
              48.3474231
            ],
            [
              135.0961225,
              48.3475815
            ],
            [
              135.0960469,
              48.347584
            ],
            [
              135.09568,
              48.34766
            ],
            [
              135.0960012,
              48.3480081
            ],
            [
              135.0963366,
              48.3483706
            ],
            [
              135.0966335,
              48.3486922
            ],
            [
              135.0969234,
              48.3490088
            ],
            [
              135.0972549,
              48.3493658
            ],
            [
              135.0976539,
              48.3497886
            ],
            [
              135.0980901,
              48.3502362
            ],
            [
              135.0983378,
              48.3505391
            ],
            [
              135.0987589,
              48.3510729
            ],
            [
              135.0992044,
              48.3516223
            ],
            [
              135.0994429,
              48.3515087
            ],
            [
              135.0997303,
              48.3513814
            ],
            [
              135.0998721,
              48.3517378
            ],
            [
              135.0999445,
              48.3519401
            ],
            [
              135.1000169,
              48.352092
            ],
            [
              135.1003274,
              48.3524633
            ],
            [
              135.1008028,
              48.3530354
            ],
            [
              135.1011206,
              48.3534026
            ],
            [
              135.1012614,
              48.3535594
            ],
            [
              135.1014401,
              48.3537669
            ],
            [
              135.1014673,
              48.3539253
            ],
            [
              135.1014946,
              48.3539646
            ],
            [
              135.1015499,
              48.3540225
            ],
            [
              135.101629,
              48.3540872
            ],
            [
              135.1016818,
              48.3541212
            ],
            [
              135.1017617,
              48.3541909
            ],
            [
              135.1018924,
              48.3543174
            ],
            [
              135.1019414,
              48.354386
            ],
            [
              135.1021038,
              48.3545925
            ],
            [
              135.1023251,
              48.3548237
            ],
            [
              135.1025663,
              48.3550701
            ],
            [
              135.1030035,
              48.355496
            ],
            [
              135.1032351,
              48.3557211
            ],
            [
              135.1033387,
              48.3558214
            ],
            [
              135.1039448,
              48.3565577
            ],
            [
              135.1043138,
              48.3570083
            ],
            [
              135.1046975,
              48.3574763
            ],
            [
              135.1049834,
              48.357817
            ],
            [
              135.1054484,
              48.3583949
            ],
            [
              135.1059398,
              48.3589873
            ],
            [
              135.1060156,
              48.3590501
            ],
            [
              135.1064361,
              48.3595372
            ],
            [
              135.1070554,
              48.3602483
            ],
            [
              135.107159,
              48.3603931
            ],
            [
              135.1082307,
              48.3616907
            ],
            [
              135.1089214,
              48.3625263
            ],
            [
              135.1092491,
              48.362927
            ],
            [
              135.1094918,
              48.3632219
            ],
            [
              135.1097507,
              48.3635345
            ],
            [
              135.1099443,
              48.3638647
            ],
            [
              135.1100435,
              48.3643963
            ],
            [
              135.1095487,
              48.3651833
            ],
            [
              135.1093335,
              48.3652757
            ],
            [
              135.1089641,
              48.3653513
            ],
            [
              135.1085258,
              48.3652182
            ],
            [
              135.1084861,
              48.3651776
            ],
            [
              135.1080756,
              48.3649313
            ],
            [
              135.1076972,
              48.3646998
            ],
            [
              135.1077175,
              48.3646643
            ],
            [
              135.1076396,
              48.3646635
            ],
            [
              135.1070397,
              48.3646384
            ],
            [
              135.1069926,
              48.3650076
            ],
            [
              135.1069665,
              48.365224
            ],
            [
              135.1069263,
              48.3654949
            ],
            [
              135.1068449,
              48.365538
            ],
            [
              135.1067806,
              48.3655261
            ],
            [
              135.1067691,
              48.365555
            ],
            [
              135.1066144,
              48.3655483
            ],
            [
              135.1065214,
              48.365552
            ],
            [
              135.106416,
              48.3655791
            ],
            [
              135.1062638,
              48.3656004
            ],
            [
              135.1061744,
              48.3656347
            ],
            [
              135.1061382,
              48.3656304
            ],
            [
              135.1060411,
              48.3655439
            ],
            [
              135.1059581,
              48.3655123
            ],
            [
              135.1058259,
              48.3654875
            ],
            [
              135.1057233,
              48.3654822
            ],
            [
              135.1055939,
              48.3654802
            ],
            [
              135.1054651,
              48.3654574
            ],
            [
              135.1053451,
              48.3654392
            ],
            [
              135.1052116,
              48.3654339
            ],
            [
              135.1050461,
              48.3654219
            ],
            [
              135.1049469,
              48.3654256
            ],
            [
              135.1049019,
              48.3654392
            ],
            [
              135.1048356,
              48.3654737
            ],
            [
              135.1047584,
              48.3654905
            ],
            [
              135.1043285,
              48.3654779
            ],
            [
              135.104238,
              48.3654971
            ],
            [
              135.1041441,
              48.365531
            ],
            [
              135.1039564,
              48.3654971
            ],
            [
              135.10366,
              48.3654744
            ],
            [
              135.103541,
              48.3654751
            ],
            [
              135.1034034,
              48.3655327
            ],
            [
              135.1032748,
              48.3655522
            ],
            [
              135.1031924,
              48.3655467
            ],
            [
              135.1031282,
              48.3655577
            ],
            [
              135.1030391,
              48.3656013
            ],
            [
              135.1029675,
              48.3656743
            ],
            [
              135.1030604,
              48.3657445
            ],
            [
              135.1033186,
              48.3659417
            ],
            [
              135.1035605,
              48.3661259
            ],
            [
              135.1038903,
              48.3663769
            ],
            [
              135.1040348,
              48.3665334
            ],
            [
              135.104112,
              48.3666553
            ],
            [
              135.1041874,
              48.3668713
            ],
            [
              135.1043054,
              48.3672656
            ],
            [
              135.1044895,
              48.3678417
            ],
            [
              135.1045847,
              48.3680769
            ],
            [
              135.1045887,
              48.368289
            ],
            [
              135.104637,
              48.3684876
            ],
            [
              135.1047074,
              48.3685914
            ],
            [
              135.104745,
              48.368632
            ],
            [
              135.1047973,
              48.3686966
            ],
            [
              135.104835,
              48.3687503
            ],
            [
              135.1047736,
              48.3687796
            ],
            [
              135.1040952,
              48.3690044
            ],
            [
              135.103761,
              48.3691181
            ],
            [
              135.1036324,
              48.3691691
            ],
            [
              135.1031803,
              48.3695873
            ],
            [
              135.1042075,
              48.3701123
            ],
            [
              135.1046213,
              48.3703231
            ],
            [
              135.1050434,
              48.3706704
            ],
            [
              135.1053505,
              48.3709234
            ],
            [
              135.1058225,
              48.3712383
            ],
            [
              135.1064998,
              48.3715871
            ],
            [
              135.107299,
              48.3719059
            ],
            [
              135.1091029,
              48.3723355
            ],
            [
              135.1109389,
              48.37277
            ],
            [
              135.1135838,
              48.3732862
            ],
            [
              135.1139768,
              48.3733597
            ],
            [
              135.1143507,
              48.3734304
            ],
            [
              135.1147774,
              48.3735098
            ],
            [
              135.1150633,
              48.3735643
            ],
            [
              135.1155269,
              48.3736505
            ],
            [
              135.1161142,
              48.3737616
            ],
            [
              135.1185054,
              48.3742437
            ],
            [
              135.1208167,
              48.3747228
            ],
            [
              135.1233591,
              48.3753392
            ],
            [
              135.1240388,
              48.3756334
            ],
            [
              135.124759,
              48.3759874
            ],
            [
              135.1257456,
              48.3766504
            ],
            [
              135.1259483,
              48.3767894
            ],
            [
              135.1262693,
              48.377134
            ],
            [
              135.1274686,
              48.3784
            ],
            [
              135.1282389,
              48.3792057
            ],
            [
              135.1289536,
              48.3799311
            ],
            [
              135.1294452,
              48.3804297
            ],
            [
              135.1299627,
              48.3809562
            ],
            [
              135.1302201,
              48.3812144
            ],
            [
              135.1305684,
              48.3815668
            ],
            [
              135.1311191,
              48.3821512
            ],
            [
              135.1317788,
              48.3828516
            ],
            [
              135.1324148,
              48.3835247
            ],
            [
              135.1328064,
              48.3839416
            ],
            [
              135.1332031,
              48.3843619
            ],
            [
              135.1336169,
              48.3847899
            ],
            [
              135.1345275,
              48.3857308
            ],
            [
              135.1349956,
              48.3862108
            ],
            [
              135.1354598,
              48.3866866
            ],
            [
              135.1356876,
              48.3870587
            ],
            [
              135.1360558,
              48.3876525
            ],
            [
              135.1363528,
              48.3881399
            ],
            [
              135.1363555,
              48.3882005
            ],
            [
              135.1364318,
              48.3884319
            ],
            [
              135.1367636,
              48.3894617
            ],
            [
              135.1370072,
              48.3902034
            ],
            [
              135.1372911,
              48.3910242
            ],
            [
              135.1374267,
              48.391704
            ],
            [
              135.1375249,
              48.3917017
            ],
            [
              135.1375772,
              48.3917859
            ],
            [
              135.1377542,
              48.3920005
            ],
            [
              135.1379479,
              48.3922088
            ],
            [
              135.1381619,
              48.3923469
            ],
            [
              135.1382746,
              48.392411
            ],
            [
              135.1384054,
              48.3924761
            ],
            [
              135.1387292,
              48.3926185
            ],
            [
              135.1390261,
              48.392758
            ],
            [
              135.1391718,
              48.3928581
            ],
            [
              135.1392522,
              48.3929409
            ],
            [
              135.1393595,
              48.3930513
            ],
            [
              135.1397645,
              48.3928323
            ],
            [
              135.140045,
              48.3926772
            ],
            [
              135.140478,
              48.3927201
            ],
            [
              135.1411141,
              48.392798
            ],
            [
              135.1421061,
              48.3929373
            ],
            [
              135.1423663,
              48.3929694
            ],
            [
              135.1450858,
              48.3932399
            ],
            [
              135.1467381,
              48.3927553
            ],
            [
              135.1462946,
              48.392724
            ],
            [
              135.1491137,
              48.3915132
            ],
            [
              135.1491618,
              48.3913978
            ],
            [
              135.1490067,
              48.3912178
            ],
            [
              135.1509637,
              48.3905602
            ],
            [
              135.1509923,
              48.3905587
            ],
            [
              135.1510191,
              48.3905213
            ],
            [
              135.1518184,
              48.3904146
            ],
            [
              135.1521067,
              48.3903264
            ],
            [
              135.1530198,
              48.3904304
            ],
            [
              135.1538421,
              48.3905267
            ],
            [
              135.1547714,
              48.3906328
            ],
            [
              135.1556805,
              48.3905275
            ],
            [
              135.1566287,
              48.3906007
            ],
            [
              135.1572992,
              48.3906548
            ],
            [
              135.1585843,
              48.3907537
            ],
            [
              135.1592816,
              48.390809
            ],
            [
              135.1599885,
              48.3908632
            ],
            [
              135.1608299,
              48.3906754
            ],
            [
              135.1616951,
              48.390482
            ],
            [
              135.1627953,
              48.3902363
            ],
            [
              135.1629468,
              48.3902025
            ],
            [
              135.1633452,
              48.3901134
            ],
            [
              135.1639279,
              48.3899866
            ],
            [
              135.1640263,
              48.3894163
            ],
            [
              135.1642666,
              48.3894075
            ],
            [
              135.1667245,
              48.3892792
            ],
            [
              135.1674903,
              48.3893398
            ],
            [
              135.1678835,
              48.389848
            ],
            [
              135.168354,
              48.3904513
            ],
            [
              135.1674554,
              48.3910456
            ],
            [
              135.1669586,
              48.3920954
            ],
            [
              135.167081,
              48.3923987
            ],
            [
              135.1668092,
              48.3931934
            ],
            [
              135.166537,
              48.3934031
            ],
            [
              135.1664029,
              48.394008
            ],
            [
              135.1666793,
              48.3940516
            ],
            [
              135.16663,
              48.3942478
            ],
            [
              135.1670975,
              48.3943015
            ],
            [
              135.1673235,
              48.3943281
            ],
            [
              135.1676548,
              48.3943662
            ],
            [
              135.1679528,
              48.3944008
            ],
            [
              135.1678664,
              48.3947273
            ],
            [
              135.1677252,
              48.3952589
            ],
            [
              135.1675855,
              48.3957755
            ],
            [
              135.1668829,
              48.3956996
            ],
            [
              135.1668163,
              48.3959281
            ],
            [
              135.1667337,
              48.3962052
            ],
            [
              135.1665612,
              48.3967902
            ],
            [
              135.1664983,
              48.3970047
            ],
            [
              135.1670165,
              48.3970427
            ],
            [
              135.1674581,
              48.3970744
            ],
            [
              135.1689671,
              48.3971849
            ],
            [
              135.1695907,
              48.3972304
            ],
            [
              135.1704886,
              48.3972939
            ],
            [
              135.1707637,
              48.3974077
            ],
            [
              135.1711374,
              48.3975613
            ],
            [
              135.1714925,
              48.3977079
            ],
            [
              135.1718357,
              48.3978503
            ],
            [
              135.172458,
              48.398111
            ],
            [
              135.172812,
              48.398257
            ],
            [
              135.1731057,
              48.3975839
            ],
            [
              135.1732384,
              48.3975935
            ],
            [
              135.1727664,
              48.3988893
            ],
            [
              135.17252,
              48.399576
            ],
            [
              135.1724712,
              48.3996886
            ],
            [
              135.1710793,
              48.4039271
            ],
            [
              135.1668927,
              48.403682
            ],
            [
              135.1405109,
              48.4019834
            ],
            [
              135.1344586,
              48.4016198
            ],
            [
              135.133612,
              48.4054053
            ],
            [
              135.1334772,
              48.4060883
            ],
            [
              135.133386,
              48.4063079
            ],
            [
              135.1331834,
              48.4065449
            ],
            [
              135.1329122,
              48.4071024
            ],
            [
              135.1325079,
              48.4081817
            ],
            [
              135.1313452,
              48.4119124
            ],
            [
              135.1303652,
              48.4156445
            ],
            [
              135.1302202,
              48.4161151
            ],
            [
              135.1294633,
              48.4193089
            ],
            [
              135.1290067,
              48.4208724
            ],
            [
              135.1286132,
              48.4212669
            ],
            [
              135.1282059,
              48.421518
            ],
            [
              135.1277361,
              48.4217175
            ],
            [
              135.1272726,
              48.421847
            ],
            [
              135.126718,
              48.421934
            ],
            [
              135.1262533,
              48.4219427
            ],
            [
              135.1257475,
              48.4219168
            ],
            [
              135.1246742,
              48.421828
            ],
            [
              135.1240843,
              48.4218388
            ],
            [
              135.1235395,
              48.4219041
            ],
            [
              135.1230676,
              48.4220065
            ],
            [
              135.1225842,
              48.4221873
            ],
            [
              135.1220144,
              48.4224412
            ],
            [
              135.1217957,
              48.4225764
            ],
            [
              135.1205185,
              48.4269931
            ],
            [
              135.1208825,
              48.4275027
            ],
            [
              135.1212175,
              48.4280726
            ],
            [
              135.121287,
              48.4284681
            ],
            [
              135.1213189,
              48.4289149
            ],
            [
              135.1212773,
              48.4297744
            ],
            [
              135.1221886,
              48.4298273
            ],
            [
              135.1224218,
              48.429727
            ],
            [
              135.1231973,
              48.4298357
            ],
            [
              135.1232782,
              48.4299441
            ],
            [
              135.1237016,
              48.4302136
            ],
            [
              135.1237004,
              48.4306565
            ],
            [
              135.1233454,
              48.4317553
            ],
            [
              135.1220774,
              48.436824
            ],
            [
              135.1218649,
              48.4381076
            ],
            [
              135.1217055,
              48.4387485
            ],
            [
              135.1215711,
              48.4390128
            ],
            [
              135.121346,
              48.4393255
            ],
            [
              135.1208978,
              48.4395369
            ],
            [
              135.1180517,
              48.4403239
            ],
            [
              135.1167599,
              48.4436757
            ],
            [
              135.1168884,
              48.4437021
            ],
            [
              135.1166376,
              48.4446683
            ],
            [
              135.1159933,
              48.4452735
            ],
            [
              135.1162187,
              48.4454114
            ],
            [
              135.1182968,
              48.4466828
            ],
            [
              135.1183359,
              48.4469302
            ],
            [
              135.119105,
              48.4473878
            ],
            [
              135.1198131,
              48.4476781
            ],
            [
              135.1204768,
              48.4480668
            ],
            [
              135.1186179,
              48.4548721
            ],
            [
              135.1183988,
              48.457009
            ],
            [
              135.1180701,
              48.4593142
            ],
            [
              135.1176817,
              48.4600936
            ],
            [
              135.1179543,
              48.4615043
            ],
            [
              135.1166608,
              48.4614476
            ],
            [
              135.1165773,
              48.4616407
            ],
            [
              135.1163251,
              48.4616393
            ],
            [
              135.116088,
              48.461725
            ],
            [
              135.1159337,
              48.4619198
            ],
            [
              135.1159187,
              48.4622104
            ],
            [
              135.1160781,
              48.462435
            ],
            [
              135.1162574,
              48.4625737
            ],
            [
              135.1162206,
              48.4628904
            ],
            [
              135.115883,
              48.4631137
            ],
            [
              135.1154321,
              48.4631094
            ],
            [
              135.1151603,
              48.4631476
            ],
            [
              135.112432,
              48.4661828
            ],
            [
              135.112024,
              48.4665555
            ],
            [
              135.1115577,
              48.4690431
            ],
            [
              135.1107708,
              48.4689606
            ],
            [
              135.1095172,
              48.4689172
            ],
            [
              135.1086894,
              48.4688775
            ],
            [
              135.1078593,
              48.4687122
            ],
            [
              135.1049856,
              48.4679094
            ],
            [
              135.1043533,
              48.467817
            ],
            [
              135.1009494,
              48.4675674
            ],
            [
              135.1002526,
              48.4674222
            ],
            [
              135.0985035,
              48.4667623
            ],
            [
              135.0975755,
              48.4677753
            ],
            [
              135.0973481,
              48.4689313
            ],
            [
              135.0965385,
              48.4688416
            ],
            [
              135.0962552,
              48.4687258
            ],
            [
              135.0960886,
              48.469018
            ],
            [
              135.0957307,
              48.4694505
            ],
            [
              135.09562,
              48.4700611
            ],
            [
              135.0952196,
              48.4700798
            ],
            [
              135.094963,
              48.4701282
            ],
            [
              135.0948755,
              48.4701878
            ],
            [
              135.0948005,
              48.4702765
            ],
            [
              135.0934351,
              48.4709485
            ],
            [
              135.0927609,
              48.4712348
            ],
            [
              135.0924214,
              48.4714229
            ],
            [
              135.0923237,
              48.4715054
            ],
            [
              135.0919948,
              48.4721397
            ],
            [
              135.0902978,
              48.4732313
            ],
            [
              135.0901445,
              48.473356
            ],
            [
              135.087596,
              48.4752627
            ],
            [
              135.0861717,
              48.4762739
            ],
            [
              135.0758166,
              48.4698165
            ],
            [
              135.0758755,
              48.4697682
            ],
            [
              135.0747188,
              48.4690466
            ],
            [
              135.077379,
              48.467062
            ],
            [
              135.0774426,
              48.4669084
            ],
            [
              135.0774305,
              48.4654861
            ],
            [
              135.0772407,
              48.4651013
            ],
            [
              135.0772767,
              48.465003
            ],
            [
              135.0771837,
              48.4629385
            ],
            [
              135.0764751,
              48.4626687
            ],
            [
              135.0767595,
              48.4623681
            ],
            [
              135.0252947,
              48.4438783
            ],
            [
              135.0020228,
              48.4428575
            ],
            [
              134.9767543,
              48.4488073
            ],
            [
              134.9681435,
              48.4508347
            ],
            [
              134.9235655,
              48.4553851
            ],
            [
              134.9013497,
              48.4509191
            ],
            [
              134.9011024,
              48.4499688
            ],
            [
              134.9008113,
              48.4488273
            ],
            [
              134.9004498,
              48.4476943
            ],
            [
              134.900105,
              48.4466045
            ],
            [
              134.8991704,
              48.4445292
            ],
            [
              134.898232,
              48.4429482
            ],
            [
              134.8978908,
              48.4425966
            ],
            [
              134.9025442,
              48.4392914
            ],
            [
              134.9059312,
              48.4368869
            ],
            [
              134.9078864,
              48.4354988
            ],
            [
              134.9090096,
              48.4347021
            ],
            [
              134.91067,
              48.4335237
            ],
            [
              134.9112015,
              48.4334339
            ],
            [
              134.9118894,
              48.4334683
            ],
            [
              134.9125974,
              48.4335217
            ],
            [
              134.9140615,
              48.4335815
            ],
            [
              134.9162454,
              48.4335014
            ],
            [
              134.917135,
              48.4334947
            ],
            [
              134.9191641,
              48.4333992
            ],
            [
              134.9205905,
              48.4333437
            ],
            [
              134.9230319,
              48.4334718
            ],
            [
              134.9245709,
              48.4336498
            ],
            [
              134.9258208,
              48.4338135
            ],
            [
              134.9264485,
              48.4339274
            ],
            [
              134.9270707,
              48.434084
            ],
            [
              134.927456,
              48.4342885
            ],
            [
              134.927988,
              48.4345681
            ],
            [
              134.9285947,
              48.4348444
            ],
            [
              134.9292675,
              48.4350539
            ],
            [
              134.9296591,
              48.4351357
            ],
            [
              134.9301177,
              48.4352443
            ],
            [
              134.9307243,
              48.4353652
            ],
            [
              134.9314892,
              48.435564
            ],
            [
              134.9320917,
              48.4357647
            ],
            [
              134.9327278,
              48.4359998
            ],
            [
              134.933304,
              48.4361721
            ],
            [
              134.9345215,
              48.4366595
            ],
            [
              134.9350042,
              48.4368233
            ],
            [
              134.9353135,
              48.4369967
            ],
            [
              134.9357241,
              48.4371688
            ],
            [
              134.9360695,
              48.4373495
            ],
            [
              134.9365902,
              48.4375985
            ],
            [
              134.9370507,
              48.4377631
            ],
            [
              134.9375153,
              48.4379038
            ],
            [
              134.9379711,
              48.4380074
            ],
            [
              134.938454,
              48.43809
            ],
            [
              134.9389048,
              48.4381238
            ],
            [
              134.9401351,
              48.4381477
            ],
            [
              134.9407492,
              48.4381464
            ],
            [
              134.9412863,
              48.4381156
            ],
            [
              134.942021,
              48.4380574
            ],
            [
              134.9431237,
              48.4379915
            ],
            [
              134.9437886,
              48.4379188
            ],
            [
              134.9445131,
              48.437894
            ],
            [
              134.9452464,
              48.4378637
            ],
            [
              134.9458382,
              48.4378103
            ],
            [
              134.9466482,
              48.4377053
            ],
            [
              134.9474345,
              48.4375735
            ],
            [
              134.948051,
              48.4374153
            ],
            [
              134.9485796,
              48.4372982
            ],
            [
              134.9495906,
              48.4368992
            ],
            [
              134.9501187,
              48.4366603
            ],
            [
              134.9516559,
              48.4361127
            ],
            [
              134.9524082,
              48.4359248
            ],
            [
              134.9524372,
              48.4356405
            ],
            [
              134.9525034,
              48.4349916
            ],
            [
              134.9525891,
              48.4346941
            ],
            [
              134.9526708,
              48.4345126
            ],
            [
              134.9527862,
              48.4343494
            ],
            [
              134.953154,
              48.4339638
            ],
            [
              134.954706,
              48.432729
            ],
            [
              134.9548852,
              48.4325464
            ],
            [
              134.9553358,
              48.4317705
            ],
            [
              134.9556472,
              48.4312757
            ],
            [
              134.9556738,
              48.4311867
            ],
            [
              134.9556735,
              48.4311132
            ],
            [
              134.9554968,
              48.4307205
            ],
            [
              134.9553788,
              48.4303254
            ],
            [
              134.9553627,
              48.4301616
            ],
            [
              134.9554446,
              48.4299394
            ],
            [
              134.9556761,
              48.4297504
            ],
            [
              134.9566239,
              48.4291873
            ],
            [
              134.9570089,
              48.4289895
            ],
            [
              134.9576269,
              48.4285931
            ],
            [
              134.958147,
              48.4283316
            ],
            [
              134.9589461,
              48.4279191
            ],
            [
              134.9594625,
              48.4275492
            ],
            [
              134.9597661,
              48.4272733
            ],
            [
              134.9599079,
              48.4270877
            ],
            [
              134.9600297,
              48.4268263
            ],
            [
              134.9601397,
              48.4265095
            ],
            [
              134.9602075,
              48.4260588
            ],
            [
              134.9602032,
              48.4256894
            ],
            [
              134.9602336,
              48.4253401
            ],
            [
              134.9603298,
              48.4247787
            ],
            [
              134.9603757,
              48.4246139
            ],
            [
              134.9605528,
              48.4243932
            ],
            [
              134.960711,
              48.4242624
            ],
            [
              134.9609136,
              48.4241573
            ],
            [
              134.9612689,
              48.424023
            ],
            [
              134.9615396,
              48.4239523
            ],
            [
              134.9618288,
              48.4238855
            ],
            [
              134.9621982,
              48.4238127
            ],
            [
              134.9623922,
              48.4237765
            ],
            [
              134.9627893,
              48.4237168
            ],
            [
              134.962939,
              48.4236933
            ],
            [
              134.9635478,
              48.4235859
            ],
            [
              134.9638792,
              48.4235494
            ],
            [
              134.9645881,
              48.4234445
            ],
            [
              134.964969,
              48.423392
            ],
            [
              134.9656463,
              48.4232059
            ],
            [
              134.9659144,
              48.4230389
            ],
            [
              134.9666787,
              48.4224659
            ],
            [
              134.967176,
              48.4221056
            ],
            [
              134.9675704,
              48.421791
            ],
            [
              134.9679422,
              48.42149
            ],
            [
              134.9687907,
              48.4208214
            ],
            [
              134.969038,
              48.4204759
            ],
            [
              134.9693561,
              48.4199693
            ],
            [
              134.9696385,
              48.4196012
            ],
            [
              134.969825,
              48.4192948
            ],
            [
              134.9700424,
              48.4187932
            ],
            [
              134.9701068,
              48.4183998
            ],
            [
              134.9702583,
              48.4181256
            ],
            [
              134.9705947,
              48.4179068
            ],
            [
              134.9714228,
              48.4173241
            ],
            [
              134.9717537,
              48.4170931
            ],
            [
              134.9721251,
              48.4168145
            ],
            [
              134.9724069,
              48.4165955
            ],
            [
              134.9733683,
              48.4158773
            ],
            [
              134.9736232,
              48.415701
            ],
            [
              134.9739155,
              48.4154927
            ],
            [
              134.9744244,
              48.4151751
            ],
            [
              134.9747524,
              48.4146079
            ],
            [
              134.9749377,
              48.4144449
            ],
            [
              134.9752164,
              48.414316
            ],
            [
              134.9756541,
              48.4141328
            ],
            [
              134.9761739,
              48.4139599
            ],
            [
              134.9769196,
              48.4136412
            ],
            [
              134.9774842,
              48.4132606
            ],
            [
              134.9777385,
              48.4130181
            ],
            [
              134.978013,
              48.4127499
            ],
            [
              134.9783669,
              48.4124383
            ],
            [
              134.978669,
              48.412225
            ],
            [
              134.9791702,
              48.4117521
            ],
            [
              134.9796152,
              48.4114087
            ],
            [
              134.9798647,
              48.4112002
            ],
            [
              134.9800095,
              48.4110829
            ],
            [
              134.9802393,
              48.4108863
            ],
            [
              134.9806806,
              48.4105128
            ],
            [
              134.9809785,
              48.4102598
            ],
            [
              134.9811388,
              48.410132
            ],
            [
              134.9813988,
              48.4099251
            ],
            [
              134.9816736,
              48.409716
            ],
            [
              134.9820902,
              48.4093928
            ],
            [
              134.9822088,
              48.409296
            ],
            [
              134.982335,
              48.4091938
            ],
            [
              134.9824449,
              48.4091048
            ],
            [
              134.9825898,
              48.4089855
            ],
            [
              134.9829059,
              48.4087324
            ],
            [
              134.9831869,
              48.4082357
            ],
            [
              134.9833314,
              48.4079493
            ],
            [
              134.9834239,
              48.4077187
            ],
            [
              134.9835554,
              48.4074703
            ],
            [
              134.983635,
              48.4072853
            ],
            [
              134.9839242,
              48.4070759
            ],
            [
              134.9842374,
              48.4068575
            ],
            [
              134.9844133,
              48.4067052
            ],
            [
              134.9846054,
              48.4065088
            ],
            [
              134.9848175,
              48.4063371
            ],
            [
              134.9852138,
              48.4060704
            ],
            [
              134.9854973,
              48.4059399
            ],
            [
              134.9857964,
              48.405842
            ],
            [
              134.9862483,
              48.4056225
            ],
            [
              134.9866464,
              48.4054437
            ],
            [
              134.9869376,
              48.4053532
            ],
            [
              134.9872745,
              48.405259
            ],
            [
              134.9876518,
              48.40518
            ],
            [
              134.9880069,
              48.4050829
            ],
            [
              134.9893287,
              48.4046144
            ],
            [
              134.9898758,
              48.4044472
            ],
            [
              134.9903393,
              48.4042316
            ],
            [
              134.9909636,
              48.4040534
            ],
            [
              134.9916422,
              48.4037818
            ],
            [
              134.9919623,
              48.4036974
            ],
            [
              134.9922645,
              48.4036578
            ],
            [
              134.9925408,
              48.4036658
            ],
            [
              134.9927393,
              48.4037138
            ],
            [
              134.9934849,
              48.4036812
            ],
            [
              134.9943091,
              48.4036844
            ],
            [
              134.9951472,
              48.4037953
            ],
            [
              134.9955653,
              48.4038914
            ],
            [
              134.9963266,
              48.4040347
            ],
            [
              134.9973822,
              48.4042207
            ],
            [
              134.9983541,
              48.4042783
            ],
            [
              134.9991284,
              48.4042622
            ],
            [
              134.9994835,
              48.4042123
            ],
            [
              135.0003257,
              48.4040616
            ],
            [
              135.0013736,
              48.4039103
            ],
            [
              135.0018502,
              48.4038728
            ],
            [
              135.0023232,
              48.4037574
            ],
            [
              135.0031726,
              48.403613
            ],
            [
              135.0041204,
              48.4034788
            ],
            [
              135.0055253,
              48.4033286
            ],
            [
              135.0068289,
              48.4032075
            ],
            [
              135.0076587,
              48.4031965
            ],
            [
              135.008862,
              48.4032912
            ],
            [
              135.0094315,
              48.4034394
            ],
            [
              135.0097069,
              48.4034551
            ],
            [
              135.0109858,
              48.4034121
            ],
            [
              135.0119099,
              48.4035122
            ],
            [
              135.0122577,
              48.4035379
            ],
            [
              135.012604,
              48.4035436
            ],
            [
              135.0129621,
              48.4035977
            ],
            [
              135.0133239,
              48.4036287
            ],
            [
              135.0139175,
              48.4038107
            ],
            [
              135.014264,
              48.4038388
            ],
            [
              135.0146066,
              48.4038823
            ],
            [
              135.0152242,
              48.4039059
            ],
            [
              135.0155286,
              48.4038481
            ],
            [
              135.0158354,
              48.4038106
            ],
            [
              135.0161979,
              48.4038468
            ],
            [
              135.0168331,
              48.4039252
            ],
            [
              135.0175173,
              48.403991
            ],
            [
              135.0191121,
              48.4041442
            ],
            [
              135.0204559,
              48.4042486
            ],
            [
              135.0208695,
              48.4043089
            ],
            [
              135.0217433,
              48.4044425
            ],
            [
              135.0229989,
              48.4046518
            ],
            [
              135.0235875,
              48.4047759
            ],
            [
              135.0242883,
              48.4049206
            ],
            [
              135.0246755,
              48.4050156
            ],
            [
              135.0251915,
              48.4051427
            ],
            [
              135.0257345,
              48.4052811
            ],
            [
              135.0261033,
              48.4053764
            ],
            [
              135.0270135,
              48.4056328
            ],
            [
              135.0277992,
              48.4058912
            ],
            [
              135.0285628,
              48.4061963
            ],
            [
              135.0293219,
              48.4064857
            ],
            [
              135.0298895,
              48.4067397
            ],
            [
              135.0301915,
              48.4069938
            ],
            [
              135.0303519,
              48.407205
            ],
            [
              135.0305343,
              48.407412
            ],
            [
              135.0306044,
              48.4075033
            ],
            [
              135.0307498,
              48.4076925
            ],
            [
              135.0309205,
              48.4080597
            ],
            [
              135.0311474,
              48.408407
            ],
            [
              135.0314502,
              48.408706
            ],
            [
              135.0318132,
              48.4090053
            ],
            [
              135.0323091,
              48.4093084
            ],
            [
              135.0327678,
              48.4095507
            ],
            [
              135.0330437,
              48.4096979
            ],
            [
              135.0333598,
              48.4098691
            ],
            [
              135.0338313,
              48.4101231
            ],
            [
              135.0346085,
              48.4105479
            ],
            [
              135.0350149,
              48.4107624
            ],
            [
              135.0353167,
              48.4109471
            ],
            [
              135.0354843,
              48.4110507
            ],
            [
              135.0360318,
              48.4114183
            ],
            [
              135.0362273,
              48.4115556
            ],
            [
              135.0366899,
              48.4119169
            ],
            [
              135.0373804,
              48.4124367
            ],
            [
              135.0381116,
              48.4129264
            ],
            [
              135.0383863,
              48.4131365
            ],
            [
              135.0385313,
              48.4132389
            ],
            [
              135.0386792,
              48.4133401
            ],
            [
              135.0388451,
              48.4134525
            ],
            [
              135.0390154,
              48.4135674
            ],
            [
              135.039285,
              48.4137285
            ],
            [
              135.0395574,
              48.413721
            ],
            [
              135.039629,
              48.4135183
            ],
            [
              135.039763,
              48.4132711
            ],
            [
              135.0399542,
              48.4130448
            ],
            [
              135.0401567,
              48.4128214
            ],
            [
              135.0403403,
              48.412555
            ],
            [
              135.0404803,
              48.4123163
            ],
            [
              135.0405708,
              48.4120384
            ],
            [
              135.040715,
              48.4117342
            ],
            [
              135.0409231,
              48.4112284
            ],
            [
              135.0409184,
              48.4110749
            ],
            [
              135.0409386,
              48.4109164
            ],
            [
              135.0409211,
              48.4107241
            ],
            [
              135.0407259,
              48.4103179
            ],
            [
              135.0405219,
              48.4100741
            ],
            [
              135.0403981,
              48.409947
            ],
            [
              135.0402649,
              48.4098124
            ],
            [
              135.0400896,
              48.4096069
            ],
            [
              135.0399381,
              48.4093176
            ],
            [
              135.0398442,
              48.4088956
            ],
            [
              135.0398196,
              48.4086941
            ],
            [
              135.0398484,
              48.408503
            ],
            [
              135.0398952,
              48.4083481
            ],
            [
              135.0399555,
              48.4081798
            ],
            [
              135.0400691,
              48.4079861
            ],
            [
              135.0404477,
              48.4076929
            ],
            [
              135.0410371,
              48.4074801
            ],
            [
              135.0417231,
              48.4074805
            ],
            [
              135.041998,
              48.4075041
            ],
            [
              135.0421938,
              48.4075647
            ],
            [
              135.0426552,
              48.4077018
            ],
            [
              135.0427937,
              48.4077791
            ],
            [
              135.0429803,
              48.4078534
            ],
            [
              135.0431429,
              48.407945
            ],
            [
              135.0434406,
              48.4082224
            ],
            [
              135.0435323,
              48.4083766
            ],
            [
              135.0436006,
              48.4085288
            ],
            [
              135.0436597,
              48.4086356
            ],
            [
              135.0437744,
              48.4088582
            ],
            [
              135.0438951,
              48.409171
            ],
            [
              135.0440331,
              48.4093508
            ],
            [
              135.0443643,
              48.4095937
            ],
            [
              135.0445779,
              48.4096629
            ],
            [
              135.0447553,
              48.4097128
            ],
            [
              135.0450933,
              48.4096656
            ],
            [
              135.0453996,
              48.4095885
            ],
            [
              135.0455028,
              48.4094717
            ],
            [
              135.0455778,
              48.4093376
            ],
            [
              135.0456595,
              48.4091718
            ],
            [
              135.0456932,
              48.4090378
            ],
            [
              135.045784,
              48.4087965
            ],
            [
              135.0459141,
              48.4085742
            ],
            [
              135.0460596,
              48.4083428
            ],
            [
              135.0463133,
              48.4081234
            ],
            [
              135.0466718,
              48.4079804
            ],
            [
              135.0471134,
              48.4079105
            ],
            [
              135.0474376,
              48.4079171
            ],
            [
              135.0476642,
              48.4079519
            ],
            [
              135.0478949,
              48.4079635
            ],
            [
              135.0481188,
              48.4079341
            ],
            [
              135.0482648,
              48.4078261
            ],
            [
              135.0483187,
              48.4076884
            ],
            [
              135.0483146,
              48.4075549
            ],
            [
              135.0482323,
              48.4073509
            ],
            [
              135.0479773,
              48.4070623
            ],
            [
              135.0472498,
              48.4064144
            ],
            [
              135.0470754,
              48.4062569
            ],
            [
              135.0466409,
              48.4058536
            ],
            [
              135.046252,
              48.4053799
            ],
            [
              135.0458892,
              48.4051111
            ],
            [
              135.0454632,
              48.4048301
            ],
            [
              135.0451644,
              48.4046525
            ],
            [
              135.0447567,
              48.4044184
            ],
            [
              135.0444982,
              48.4042667
            ],
            [
              135.0439829,
              48.403918
            ],
            [
              135.0433713,
              48.4035761
            ],
            [
              135.0429502,
              48.4033197
            ],
            [
              135.0426713,
              48.4031417
            ],
            [
              135.0424245,
              48.4029725
            ],
            [
              135.0419196,
              48.4026586
            ],
            [
              135.0405764,
              48.4025897
            ],
            [
              135.0390824,
              48.4022549
            ],
            [
              135.0374242,
              48.4016448
            ],
            [
              135.0339837,
              48.3996905
            ],
            [
              135.0329745,
              48.3991934
            ],
            [
              135.0314891,
              48.398469
            ],
            [
              135.029912,
              48.3975465
            ],
            [
              135.0282919,
              48.3964281
            ],
            [
              135.0256942,
              48.3942635
            ],
            [
              135.0213397,
              48.3911492
            ],
            [
              135.0216102,
              48.3908233
            ],
            [
              135.02101,
              48.3903071
            ],
            [
              135.0204257,
              48.3899061
            ],
            [
              135.01976,
              48.3895267
            ],
            [
              135.0187755,
              48.3888087
            ],
            [
              135.0183257,
              48.3884089
            ],
            [
              135.0177884,
              48.3880428
            ],
            [
              135.0170607,
              48.3873722
            ],
            [
              135.0167111,
              48.3868645
            ],
            [
              135.0166056,
              48.3866
            ],
            [
              135.016611,
              48.386246
            ],
            [
              135.0164871,
              48.3855817
            ],
            [
              135.0165428,
              48.3849643
            ],
            [
              135.0168764,
              48.3840955
            ],
            [
              135.0175291,
              48.3833219
            ],
            [
              135.0178797,
              48.3830006
            ],
            [
              135.0182175,
              48.3828272
            ],
            [
              135.0187484,
              48.3825024
            ],
            [
              135.0195106,
              48.3817072
            ],
            [
              135.0197294,
              48.3811727
            ],
            [
              135.0197843,
              48.380761
            ],
            [
              135.0197089,
              48.3803474
            ],
            [
              135.0192904,
              48.3798629
            ],
            [
              135.0188852,
              48.3792099
            ],
            [
              135.0187432,
              48.3783261
            ],
            [
              135.0179525,
              48.3771763
            ],
            [
              135.016817,
              48.3759955
            ],
            [
              135.0161136,
              48.3754768
            ],
            [
              135.0153827,
              48.375019
            ],
            [
              135.0149686,
              48.3750329
            ]
          ]
        ]
      },
      "id": "relation/1785055"
    },
    {
      "type": "Feature",
      "properties": {
        "@id": "relation/1785056",
        "addr:city": "Хабаровск",
        "admin_level": "9",
        "boundary": "administrative",
        "name": "Кировский район",
        "source": "Росреестр",
        "type": "boundary",
        "wikidata": "Q4221688"
      },
      "geometry": {
        "type": "Polygon",
        "coordinates": [
          [
            [
              135.0294346,
              48.5173968
            ],
            [
              134.9834397,
              48.5236045
            ],
            [
              134.9831651,
              48.5232041
            ],
            [
              134.9830484,
              48.5223286
            ],
            [
              134.9828339,
              48.5214829
            ],
            [
              134.9822062,
              48.5207119
            ],
            [
              134.9803877,
              48.5196815
            ],
            [
              134.9775338,
              48.5184876
            ],
            [
              134.9766809,
              48.5181696
            ],
            [
              134.9758254,
              48.5178592
            ],
            [
              134.973235,
              48.5163492
            ],
            [
              134.970261,
              48.5140839
            ],
            [
              134.9679624,
              48.5129778
            ],
            [
              134.967607,
              48.5128216
            ],
            [
              134.9665207,
              48.5123312
            ],
            [
              134.9645383,
              48.5118876
            ],
            [
              134.9619234,
              48.5117431
            ],
            [
              134.9584886,
              48.5118121
            ],
            [
              134.9569006,
              48.5119968
            ],
            [
              134.9558937,
              48.512365
            ],
            [
              134.9553463,
              48.5131323
            ],
            [
              134.9553707,
              48.5135359
            ],
            [
              134.955462,
              48.5142253
            ],
            [
              134.9555621,
              48.5147018
            ],
            [
              134.9557069,
              48.5153908
            ],
            [
              134.9557622,
              48.5157805
            ],
            [
              134.9559115,
              48.5168145
            ],
            [
              134.9559689,
              48.5175034
            ],
            [
              134.9559271,
              48.5177546
            ],
            [
              134.9558994,
              48.5178962
            ],
            [
              134.9556792,
              48.5182211
            ],
            [
              134.9553947,
              48.518452
            ],
            [
              134.9550314,
              48.5186289
            ],
            [
              134.9542636,
              48.5186648
            ],
            [
              134.9536102,
              48.5185846
            ],
            [
              134.9529996,
              48.5183846
            ],
            [
              134.9524882,
              48.5181301
            ],
            [
              134.9519859,
              48.5178253
            ],
            [
              134.9516545,
              48.5176233
            ],
            [
              134.9514386,
              48.5174918
            ],
            [
              134.9510012,
              48.5171541
            ],
            [
              134.9507774,
              48.5169766
            ],
            [
              134.9504583,
              48.5167252
            ],
            [
              134.9497433,
              48.5161721
            ],
            [
              134.949376,
              48.5159861
            ],
            [
              134.9490783,
              48.5158324
            ],
            [
              134.9484327,
              48.51559
            ],
            [
              134.9471609,
              48.5152962
            ],
            [
              134.9456182,
              48.5151901
            ],
            [
              134.9434247,
              48.5151479
            ],
            [
              134.9420561,
              48.5149684
            ],
            [
              134.941334,
              48.5147094
            ],
            [
              134.9406832,
              48.5143476
            ],
            [
              134.9403074,
              48.5141098
            ],
            [
              134.9399453,
              48.513861
            ],
            [
              134.9394116,
              48.5134702
            ],
            [
              134.9388537,
              48.5129229
            ],
            [
              134.9382676,
              48.5122061
            ],
            [
              134.9378991,
              48.5116175
            ],
            [
              134.937652,
              48.5110226
            ],
            [
              134.9374783,
              48.5103802
            ],
            [
              134.9374129,
              48.5097561
            ],
            [
              134.9374402,
              48.5089604
            ],
            [
              134.9375033,
              48.508172
            ],
            [
              134.9376144,
              48.5076614
            ],
            [
              134.9376859,
              48.5073224
            ],
            [
              134.937948,
              48.5063437
            ],
            [
              134.9379989,
              48.5060902
            ],
            [
              134.946443,
              48.5063169
            ],
            [
              134.9465951,
              48.506117
            ],
            [
              134.9465837,
              48.5059107
            ],
            [
              134.9468267,
              48.5058302
            ],
            [
              134.9472419,
              48.5059242
            ],
            [
              134.947728,
              48.5058034
            ],
            [
              134.9479305,
              48.5056491
            ],
            [
              134.948285,
              48.5055753
            ],
            [
              134.9488014,
              48.5056289
            ],
            [
              134.9491052,
              48.5054746
            ],
            [
              134.9498445,
              48.5052666
            ],
            [
              134.950128,
              48.5050519
            ],
            [
              134.9505837,
              48.5047232
            ],
            [
              134.9507457,
              48.5043877
            ],
            [
              134.950928,
              48.5040589
            ],
            [
              134.9509888,
              48.5037234
            ],
            [
              134.9512116,
              48.5033142
            ],
            [
              134.9511508,
              48.5026969
            ],
            [
              134.9508875,
              48.5022943
            ],
            [
              134.9507964,
              48.501999
            ],
            [
              134.950928,
              48.5016367
            ],
            [
              134.9508254,
              48.5014237
            ],
            [
              134.9513843,
              48.5009796
            ],
            [
              134.9516269,
              48.500781
            ],
            [
              134.9516431,
              48.5005959
            ],
            [
              134.951524,
              48.5003005
            ],
            [
              134.9515147,
              48.4999493
            ],
            [
              134.9517483,
              48.4996895
            ],
            [
              134.9521138,
              48.4995299
            ],
            [
              134.9522883,
              48.4993904
            ],
            [
              134.9523827,
              48.4991152
            ],
            [
              134.9525513,
              48.4989078
            ],
            [
              134.9528365,
              48.4988216
            ],
            [
              134.953227,
              48.4984436
            ],
            [
              134.9534873,
              48.498139
            ],
            [
              134.9536451,
              48.497827
            ],
            [
              134.9537725,
              48.4974564
            ],
            [
              134.9538999,
              48.4972178
            ],
            [
              134.9541777,
              48.4970189
            ],
            [
              134.9544565,
              48.4969664
            ],
            [
              134.9548358,
              48.496983
            ],
            [
              134.9551331,
              48.4969122
            ],
            [
              134.9553814,
              48.4967169
            ],
            [
              134.955506,
              48.4965169
            ],
            [
              134.9556844,
              48.4963748
            ],
            [
              134.95601,
              48.4963114
            ],
            [
              134.9567011,
              48.4962728
            ],
            [
              134.957137,
              48.4961829
            ],
            [
              134.9574305,
              48.4959957
            ],
            [
              134.957642,
              48.4958636
            ],
            [
              134.9581472,
              48.4956794
            ],
            [
              134.9584853,
              48.4954819
            ],
            [
              134.9586798,
              48.4952694
            ],
            [
              134.9587855,
              48.4949268
            ],
            [
              134.9589763,
              48.4948009
            ],
            [
              134.9594552,
              48.4946154
            ],
            [
              134.9602467,
              48.4941304
            ],
            [
              134.9611759,
              48.4935219
            ],
            [
              134.9613584,
              48.4932503
            ],
            [
              134.9614759,
              48.4927105
            ],
            [
              134.9617669,
              48.4921964
            ],
            [
              134.9623844,
              48.4915192
            ],
            [
              134.9629163,
              48.4912138
            ],
            [
              134.9631862,
              48.4910588
            ],
            [
              134.9649421,
              48.4905438
            ],
            [
              134.9664105,
              48.4900727
            ],
            [
              134.9675358,
              48.4893484
            ],
            [
              134.9680536,
              48.4888763
            ],
            [
              134.9681893,
              48.4882546
            ],
            [
              134.9686955,
              48.4871457
            ],
            [
              134.969848,
              48.4855615
            ],
            [
              134.9709009,
              48.4840478
            ],
            [
              134.9714441,
              48.4826637
            ],
            [
              134.9718984,
              48.4822037
            ],
            [
              134.972856,
              48.4815664
            ],
            [
              134.9736503,
              48.4800994
            ],
            [
              134.975365,
              48.4779333
            ],
            [
              134.978207,
              48.4763665
            ],
            [
              134.9821319,
              48.4778235
            ],
            [
              134.9860096,
              48.478782
            ],
            [
              134.9902721,
              48.4791015
            ],
            [
              134.9948931,
              48.4779854
            ],
            [
              134.9978321,
              48.4765577
            ],
            [
              134.9999429,
              48.4762851
            ],
            [
              135.0018668,
              48.4760367
            ],
            [
              135.0035549,
              48.4764002
            ],
            [
              135.0055392,
              48.4768274
            ],
            [
              135.0086475,
              48.4782612
            ],
            [
              135.0091387,
              48.4784878
            ],
            [
              135.0094537,
              48.4776276
            ],
            [
              135.0090952,
              48.4768141
            ],
            [
              135.0085641,
              48.4756087
            ],
            [
              135.0086546,
              48.4753288
            ],
            [
              135.0090617,
              48.4752589
            ],
            [
              135.0092275,
              48.4754188
            ],
            [
              135.0095592,
              48.4759385
            ],
            [
              135.010313,
              48.4756087
            ],
            [
              135.0110095,
              48.4751304
            ],
            [
              135.0201779,
              48.4712996
            ],
            [
              135.0214785,
              48.4708472
            ],
            [
              135.0245062,
              48.4703101
            ],
            [
              135.0276619,
              48.4706635
            ],
            [
              135.0352979,
              48.4719201
            ],
            [
              135.0482596,
              48.4741178
            ],
            [
              135.0483454,
              48.4741546
            ],
            [
              135.0493877,
              48.474673
            ],
            [
              135.0494667,
              48.4747125
            ],
            [
              135.0501096,
              48.4749508
            ],
            [
              135.0504581,
              48.4750579
            ],
            [
              135.0512369,
              48.4752974
            ],
            [
              135.0513265,
              48.4752148
            ],
            [
              135.0519491,
              48.4753438
            ],
            [
              135.0519309,
              48.4753705
            ],
            [
              135.0517665,
              48.4756112
            ],
            [
              135.0516452,
              48.4757888
            ],
            [
              135.0516077,
              48.4758438
            ],
            [
              135.0527788,
              48.4761398
            ],
            [
              135.0528956,
              48.4761693
            ],
            [
              135.0529674,
              48.4761875
            ],
            [
              135.0530358,
              48.4762065
            ],
            [
              135.054554,
              48.4766289
            ],
            [
              135.0544636,
              48.4767397
            ],
            [
              135.0545771,
              48.4768078
            ],
            [
              135.0546524,
              48.4768413
            ],
            [
              135.0547371,
              48.476779
            ],
            [
              135.0548432,
              48.4767699
            ],
            [
              135.0562047,
              48.4773799
            ],
            [
              135.057664,
              48.4780325
            ],
            [
              135.0576758,
              48.4780907
            ],
            [
              135.0577735,
              48.4781561
            ],
            [
              135.0579422,
              48.4782134
            ],
            [
              135.0592217,
              48.4789612
            ],
            [
              135.0605912,
              48.4798563
            ],
            [
              135.0615498,
              48.4809728
            ],
            [
              135.0626559,
              48.4819895
            ],
            [
              135.062682,
              48.4820247
            ],
            [
              135.0634808,
              48.4831029
            ],
            [
              135.0633954,
              48.4832138
            ],
            [
              135.0633263,
              48.4833035
            ],
            [
              135.0631669,
              48.4833759
            ],
            [
              135.0643284,
              48.4849018
            ],
            [
              135.0650748,
              48.4858824
            ],
            [
              135.0650925,
              48.4859069
            ],
            [
              135.0651428,
              48.4859763
            ],
            [
              135.065177,
              48.4860294
            ],
            [
              135.0651993,
              48.4860574
            ],
            [
              135.06524,
              48.4861082
            ],
            [
              135.0652646,
              48.4861389
            ],
            [
              135.0653063,
              48.4862018
            ],
            [
              135.0654129,
              48.4863489
            ],
            [
              135.0656949,
              48.4867379
            ],
            [
              135.0663662,
              48.4876639
            ],
            [
              135.066964,
              48.4884884
            ],
            [
              135.0669766,
              48.4885045
            ],
            [
              135.0670116,
              48.4885493
            ],
            [
              135.0679201,
              48.4897129
            ],
            [
              135.0679629,
              48.4897657
            ],
            [
              135.0680223,
              48.489839
            ],
            [
              135.0683276,
              48.4902157
            ],
            [
              135.0688383,
              48.4908457
            ],
            [
              135.0689276,
              48.4909558
            ],
            [
              135.069356,
              48.4914847
            ],
            [
              135.0698455,
              48.4920883
            ],
            [
              135.0699402,
              48.4922052
            ],
            [
              135.0700099,
              48.4922911
            ],
            [
              135.0700299,
              48.4923158
            ],
            [
              135.0703726,
              48.4929932
            ],
            [
              135.0696058,
              48.4931397
            ],
            [
              135.0684418,
              48.493379
            ],
            [
              135.0681928,
              48.4933996
            ],
            [
              135.0672101,
              48.4936013
            ],
            [
              135.0643828,
              48.4942171
            ],
            [
              135.0635675,
              48.4923683
            ],
            [
              135.0605671,
              48.4930325
            ],
            [
              135.0603929,
              48.4930045
            ],
            [
              135.0601002,
              48.4930696
            ],
            [
              135.0600193,
              48.4931562
            ],
            [
              135.0597033,
              48.4932311
            ],
            [
              135.0613261,
              48.4964544
            ],
            [
              135.0611709,
              48.4964976
            ],
            [
              135.0621918,
              48.4981477
            ],
            [
              135.0628952,
              48.4979497
            ],
            [
              135.0632687,
              48.4985808
            ],
            [
              135.062918,
              48.4986746
            ],
            [
              135.0632127,
              48.4992986
            ],
            [
              135.0614551,
              48.4996846
            ],
            [
              135.0607535,
              48.4999334
            ],
            [
              135.060269,
              48.5001296
            ],
            [
              135.0598586,
              48.5003801
            ],
            [
              135.0594652,
              48.5007876
            ],
            [
              135.0592491,
              48.5011656
            ],
            [
              135.0590922,
              48.5015385
            ],
            [
              135.0589985,
              48.5019624
            ],
            [
              135.0589767,
              48.5023276
            ],
            [
              135.0591061,
              48.5028283
            ],
            [
              135.0593418,
              48.5033256
            ],
            [
              135.0601495,
              48.5043713
            ],
            [
              135.0592482,
              48.5036511
            ],
            [
              135.0615925,
              48.5058305
            ],
            [
              135.0615568,
              48.5058485
            ],
            [
              135.0618743,
              48.5062124
            ],
            [
              135.0620491,
              48.5061451
            ],
            [
              135.0622812,
              48.5065275
            ],
            [
              135.062387,
              48.5068882
            ],
            [
              135.0623723,
              48.5074364
            ],
            [
              135.062005,
              48.5080715
            ],
            [
              135.0611584,
              48.508818
            ],
            [
              135.0603928,
              48.5094159
            ],
            [
              135.0582628,
              48.5107572
            ],
            [
              135.0565984,
              48.5119468
            ],
            [
              135.056787,
              48.5120878
            ],
            [
              135.0570827,
              48.5119015
            ],
            [
              135.0579837,
              48.512777
            ],
            [
              135.0576973,
              48.5129502
            ],
            [
              135.0591415,
              48.5142161
            ],
            [
              135.0581019,
              48.5146326
            ],
            [
              135.0578156,
              48.5151563
            ],
            [
              135.0572055,
              48.515713
            ],
            [
              135.0584194,
              48.5170697
            ],
            [
              135.0564149,
              48.5179026
            ],
            [
              135.0546595,
              48.5187438
            ],
            [
              135.051466,
              48.5205662
            ],
            [
              135.0507377,
              48.5217743
            ],
            [
              135.0504513,
              48.5217125
            ],
            [
              135.0448052,
              48.521832
            ],
            [
              135.039863,
              48.5219125
            ],
            [
              135.0384835,
              48.5215628
            ],
            [
              135.0379606,
              48.5210549
            ],
            [
              135.0379606,
              48.5209526
            ],
            [
              135.0375024,
              48.5209625
            ],
            [
              135.0376766,
              48.5203241
            ],
            [
              135.0376767,
              48.519874
            ],
            [
              135.0380851,
              48.5186601
            ],
            [
              135.0342405,
              48.5173769
            ],
            [
              135.0320692,
              48.5164631
            ],
            [
              135.0307047,
              48.5173208
            ],
            [
              135.0294346,
              48.5173968
            ]
          ]
        ]
      },
      "id": "relation/1785056"
    },
    {
      "type": "Feature",
      "properties": {
        "@id": "relation/1785057",
        "addr:city": "Хабаровск",
        "admin_level": "9",
        "boundary": "administrative",
        "name": "Краснофлотский район",
        "source": "Росреестр",
        "type": "boundary",
        "wikidata": "Q4239147"
      },
      "geometry": {
        "type": "Polygon",
        "coordinates": [
          [
            [
              135.0507377,
              48.5217743
            ],
            [
              135.0507937,
              48.5219145
            ],
            [
              135.0507439,
              48.5220712
            ],
            [
              135.0501599,
              48.5237706
            ],
            [
              135.050982,
              48.5238757
            ],
            [
              135.0520145,
              48.5241152
            ],
            [
              135.0519257,
              48.5241995
            ],
            [
              135.05188,
              48.5243314
            ],
            [
              135.0519425,
              48.5244666
            ],
            [
              135.0519442,
              48.5248089
            ],
            [
              135.0526495,
              48.5254987
            ],
            [
              135.0546947,
              48.5262141
            ],
            [
              135.0554701,
              48.5262793
            ],
            [
              135.0554773,
              48.5263747
            ],
            [
              135.0557294,
              48.526397
            ],
            [
              135.055751,
              48.5263095
            ],
            [
              135.0565648,
              48.5263699
            ],
            [
              135.056764,
              48.5263556
            ],
            [
              135.0578899,
              48.5259772
            ],
            [
              135.0607113,
              48.525832
            ],
            [
              135.0609417,
              48.5271802
            ],
            [
              135.0617634,
              48.5296248
            ],
            [
              135.0610475,
              48.5320034
            ],
            [
              135.062056,
              48.5327866
            ],
            [
              135.0683495,
              48.5325847
            ],
            [
              135.0654678,
              48.543164
            ],
            [
              135.0640978,
              48.548193
            ],
            [
              135.0738168,
              48.549325
            ],
            [
              135.077762,
              48.5510918
            ],
            [
              135.080003,
              48.5516584
            ],
            [
              135.082314,
              48.5525546
            ],
            [
              135.0851853,
              48.5541719
            ],
            [
              135.0891525,
              48.5561726
            ],
            [
              135.0903366,
              48.5555934
            ],
            [
              135.0904066,
              48.5553514
            ],
            [
              135.0908268,
              48.5554029
            ],
            [
              135.0911536,
              48.5551299
            ],
            [
              135.0915271,
              48.5550166
            ],
            [
              135.0927799,
              48.5542852
            ],
            [
              135.0932935,
              48.554553
            ],
            [
              135.0936281,
              48.5542595
            ],
            [
              135.0935191,
              48.554105
            ],
            [
              135.0941728,
              48.553971
            ],
            [
              135.0942661,
              48.554141
            ],
            [
              135.0946085,
              48.5541616
            ],
            [
              135.0945774,
              48.5540071
            ],
            [
              135.0951065,
              48.5536672
            ],
            [
              135.0955734,
              48.5535538
            ],
            [
              135.0964216,
              48.5536981
            ],
            [
              135.0968029,
              48.5533839
            ],
            [
              135.0969429,
              48.5533839
            ],
            [
              135.0970752,
              48.5535332
            ],
            [
              135.0973864,
              48.5535178
            ],
            [
              135.0975265,
              48.5534457
            ],
            [
              135.0980167,
              48.5534663
            ],
            [
              135.0984291,
              48.5531933
            ],
            [
              135.0991839,
              48.5530336
            ],
            [
              135.0994407,
              48.5530542
            ],
            [
              135.0996275,
              48.5529152
            ],
            [
              135.1002111,
              48.5528431
            ],
            [
              135.1007713,
              48.5524928
            ],
            [
              135.1017206,
              48.5521735
            ],
            [
              135.1017751,
              48.5519468
            ],
            [
              135.1015417,
              48.551782
            ],
            [
              135.1016039,
              48.5516738
            ],
            [
              135.1021019,
              48.5516893
            ],
            [
              135.1023431,
              48.5515348
            ],
            [
              135.1026155,
              48.551473
            ],
            [
              135.1030435,
              48.5512103
            ],
            [
              135.1043741,
              48.5495414
            ],
            [
              135.1047087,
              48.5495568
            ],
            [
              135.1048487,
              48.5497835
            ],
            [
              135.1051755,
              48.5496444
            ],
            [
              135.1055257,
              48.5497268
            ],
            [
              135.1056969,
              48.5495311
            ],
            [
              135.1059148,
              48.5494486
            ],
            [
              135.106226,
              48.5494898
            ],
            [
              135.1063583,
              48.549325
            ],
            [
              135.10758,
              48.5489953
            ],
            [
              135.1074866,
              48.5488099
            ],
            [
              135.1078445,
              48.5484545
            ],
            [
              135.1082258,
              48.5484648
            ],
            [
              135.1081791,
              48.54813
            ],
            [
              135.1087472,
              48.5482433
            ],
            [
              135.1090584,
              48.547723
            ],
            [
              135.1097899,
              48.5480063
            ],
            [
              135.1102568,
              48.5477282
            ],
            [
              135.1101011,
              48.5475582
            ],
            [
              135.1104435,
              48.54745
            ],
            [
              135.1105291,
              48.5470482
            ],
            [
              135.1102645,
              48.5468679
            ],
            [
              135.1103423,
              48.5467391
            ],
            [
              135.1109726,
              48.5467443
            ],
            [
              135.1109882,
              48.5464558
            ],
            [
              135.1114706,
              48.546461
            ],
            [
              135.1116418,
              48.5466516
            ],
            [
              135.1121243,
              48.5467546
            ],
            [
              135.1124822,
              48.5464867
            ],
            [
              135.1128382,
              48.5466519
            ],
            [
              135.1134704,
              48.5469452
            ],
            [
              135.113735,
              48.5469194
            ],
            [
              135.1137895,
              48.546667
            ],
            [
              135.113984,
              48.5466413
            ],
            [
              135.1143264,
              48.5467906
            ],
            [
              135.1147077,
              48.5465588
            ],
            [
              135.1151745,
              48.5465588
            ],
            [
              135.1151823,
              48.5463167
            ],
            [
              135.1155403,
              48.5463476
            ],
            [
              135.1157659,
              48.5461879
            ],
            [
              135.1158904,
              48.5459458
            ],
            [
              135.1165518,
              48.5457295
            ],
            [
              135.1177268,
              48.5455955
            ],
            [
              135.1181781,
              48.5461982
            ],
            [
              135.1186139,
              48.5462085
            ],
            [
              135.1185205,
              48.5459304
            ],
            [
              135.1191352,
              48.5458119
            ],
            [
              135.119641,
              48.5461982
            ],
            [
              135.1197811,
              48.5461879
            ],
            [
              135.1197033,
              48.5460025
            ],
            [
              135.1198978,
              48.5459767
            ],
            [
              135.1200923,
              48.546224
            ],
            [
              135.1211273,
              48.546157
            ],
            [
              135.1219443,
              48.5463734
            ],
            [
              135.1224345,
              48.5467031
            ],
            [
              135.1227069,
              48.5466361
            ],
            [
              135.1225279,
              48.5463064
            ],
            [
              135.122917,
              48.5461158
            ],
            [
              135.1232126,
              48.5463631
            ],
            [
              135.1235628,
              48.5463373
            ],
            [
              135.1238741,
              48.546564
            ],
            [
              135.1245043,
              48.5461261
            ],
            [
              135.1246678,
              48.5462137
            ],
            [
              135.1248934,
              48.5460798
            ],
            [
              135.1248156,
              48.5459252
            ],
            [
              135.1252124,
              48.5457192
            ],
            [
              135.1254537,
              48.5458995
            ],
            [
              135.1256638,
              48.5458222
            ],
            [
              135.1256482,
              48.5456573
            ],
            [
              135.1258507,
              48.5455316
            ],
            [
              135.1261496,
              48.5456297
            ],
            [
              135.1262744,
              48.545686
            ],
            [
              135.1264073,
              48.545755
            ],
            [
              135.1264819,
              48.5458191
            ],
            [
              135.1265857,
              48.5459697
            ],
            [
              135.1266063,
              48.5460292
            ],
            [
              135.1266307,
              48.5460747
            ],
            [
              135.1266819,
              48.5460922
            ],
            [
              135.1268883,
              48.5461066
            ],
            [
              135.1270732,
              48.5461332
            ],
            [
              135.1272089,
              48.5461309
            ],
            [
              135.1272724,
              48.5461025
            ],
            [
              135.1272868,
              48.5460797
            ],
            [
              135.1272145,
              48.5459967
            ],
            [
              135.1272214,
              48.5459604
            ],
            [
              135.1272852,
              48.5459267
            ],
            [
              135.1273982,
              48.5458849
            ],
            [
              135.1274331,
              48.5458174
            ],
            [
              135.1274666,
              48.5457792
            ],
            [
              135.1275162,
              48.5457659
            ],
            [
              135.1275645,
              48.5457605
            ],
            [
              135.1276096,
              48.5457638
            ],
            [
              135.1277093,
              48.5458117
            ],
            [
              135.1277536,
              48.5458733
            ],
            [
              135.1277684,
              48.5459621
            ],
            [
              135.1278394,
              48.5460278
            ],
            [
              135.1278971,
              48.5460544
            ],
            [
              135.1280782,
              48.5460571
            ],
            [
              135.1281345,
              48.5460518
            ],
            [
              135.1282243,
              48.5460189
            ],
            [
              135.1283021,
              48.5460065
            ],
            [
              135.128333,
              48.5460118
            ],
            [
              135.1283692,
              48.5460278
            ],
            [
              135.1283933,
              48.5460509
            ],
            [
              135.128404,
              48.5460961
            ],
            [
              135.1283772,
              48.5462417
            ],
            [
              135.1283947,
              48.5462826
            ],
            [
              135.1284255,
              48.5463057
            ],
            [
              135.1284671,
              48.5463119
            ],
            [
              135.128514,
              48.5463057
            ],
            [
              135.1287501,
              48.5462302
            ],
            [
              135.1288225,
              48.5462116
            ],
            [
              135.1288761,
              48.5462062
            ],
            [
              135.129021,
              48.5462098
            ],
            [
              135.1291269,
              48.5461991
            ],
            [
              135.1291578,
              48.5461978
            ],
            [
              135.1291893,
              48.5462053
            ],
            [
              135.1292027,
              48.5462235
            ],
            [
              135.129206,
              48.5462488
            ],
            [
              135.129208,
              48.546315
            ],
            [
              135.1292161,
              48.5463274
            ],
            [
              135.1292329,
              48.5463403
            ],
            [
              135.1292857,
              48.5463452
            ],
            [
              135.1293401,
              48.5463385
            ],
            [
              135.1294116,
              48.5463234
            ],
            [
              135.1294736,
              48.5463017
            ],
            [
              135.1295589,
              48.5462561
            ],
            [
              135.1296215,
              48.5462212
            ],
            [
              135.1297277,
              48.5461435
            ],
            [
              135.1297949,
              48.5460992
            ],
            [
              135.129829,
              48.5460975
            ],
            [
              135.1298732,
              48.546105
            ],
            [
              135.1299128,
              48.5461312
            ],
            [
              135.1299417,
              48.5461627
            ],
            [
              135.1299886,
              48.5462061
            ],
            [
              135.1300308,
              48.5462244
            ],
            [
              135.1302186,
              48.5462457
            ],
            [
              135.1303359,
              48.5462759
            ],
            [
              135.1303627,
              48.546279
            ],
            [
              135.1304063,
              48.5462657
            ],
            [
              135.130574,
              48.5461281
            ],
            [
              135.1306584,
              48.5460562
            ],
            [
              135.1306792,
              48.5460211
            ],
            [
              135.130694,
              48.5459301
            ],
            [
              135.1307188,
              48.5459199
            ],
            [
              135.1307711,
              48.5459196
            ],
            [
              135.1310004,
              48.5460078
            ],
            [
              135.131158,
              48.54605
            ],
            [
              135.131212,
              48.5460844
            ],
            [
              135.1312346,
              48.5461106
            ],
            [
              135.131274,
              48.5461736
            ],
            [
              135.1313699,
              48.5462431
            ],
            [
              135.1314021,
              48.5462799
            ],
            [
              135.1314229,
              48.5463256
            ],
            [
              135.1314237,
              48.5463911
            ],
            [
              135.1314162,
              48.5465365
            ],
            [
              135.1314396,
              48.5465902
            ],
            [
              135.1314759,
              48.5466235
            ],
            [
              135.1315382,
              48.5466287
            ],
            [
              135.1316095,
              48.5466207
            ],
            [
              135.1316609,
              48.5466288
            ],
            [
              135.1318675,
              48.5466826
            ],
            [
              135.1319204,
              48.5466794
            ],
            [
              135.1319622,
              48.5466603
            ],
            [
              135.1320462,
              48.5465481
            ],
            [
              135.1320747,
              48.5465295
            ],
            [
              135.1321034,
              48.5465246
            ],
            [
              135.1323234,
              48.5465334
            ],
            [
              135.1324555,
              48.546548
            ],
            [
              135.1326001,
              48.5465697
            ],
            [
              135.1328106,
              48.5466118
            ],
            [
              135.1330329,
              48.5466688
            ],
            [
              135.1331624,
              48.5467259
            ],
            [
              135.133181,
              48.5467424
            ],
            [
              135.1331856,
              48.5467623
            ],
            [
              135.1331687,
              48.5468634
            ],
            [
              135.1331844,
              48.5469644
            ],
            [
              135.1332588,
              48.5470597
            ],
            [
              135.1333101,
              48.5470963
            ],
            [
              135.133363,
              48.5471202
            ],
            [
              135.1334193,
              48.5471273
            ],
            [
              135.1335133,
              48.5471262
            ],
            [
              135.1335844,
              48.5471531
            ],
            [
              135.1336052,
              48.5471883
            ],
            [
              135.1336266,
              48.5472487
            ],
            [
              135.1336873,
              48.5473737
            ],
            [
              135.1336927,
              48.5474545
            ],
            [
              135.1336712,
              48.5475688
            ],
            [
              135.1336089,
              48.5477706
            ],
            [
              135.1335777,
              48.5479301
            ],
            [
              135.1335783,
              48.5479558
            ],
            [
              135.1335959,
              48.5479868
            ],
            [
              135.133691,
              48.5480241
            ],
            [
              135.1337241,
              48.5480476
            ],
            [
              135.1337403,
              48.5480964
            ],
            [
              135.1337618,
              48.5481292
            ],
            [
              135.1337926,
              48.5481612
            ],
            [
              135.1338409,
              48.5481852
            ],
            [
              135.1338999,
              48.5481932
            ],
            [
              135.1339671,
              48.548227
            ],
            [
              135.1339853,
              48.5482625
            ],
            [
              135.1339884,
              48.548345
            ],
            [
              135.1339911,
              48.5483903
            ],
            [
              135.1340193,
              48.5484329
            ],
            [
              135.1341205,
              48.5485208
            ],
            [
              135.1341426,
              48.5485647
            ],
            [
              135.1341558,
              48.5486129
            ],
            [
              135.1341561,
              48.5487339
            ],
            [
              135.1341762,
              48.5490352
            ],
            [
              135.1342203,
              48.5491955
            ],
            [
              135.1342544,
              48.549259
            ],
            [
              135.1343178,
              48.5493413
            ],
            [
              135.1344307,
              48.5494495
            ],
            [
              135.1345617,
              48.549539
            ],
            [
              135.1347139,
              48.5496496
            ],
            [
              135.1348212,
              48.5496935
            ],
            [
              135.1348977,
              48.5497397
            ],
            [
              135.1349426,
              48.5498018
            ],
            [
              135.1349976,
              48.5498419
            ],
            [
              135.135063,
              48.549885
            ],
            [
              135.1351678,
              48.5499346
            ],
            [
              135.1352776,
              48.5500111
            ],
            [
              135.1353725,
              48.5500844
            ],
            [
              135.1355876,
              48.5502289
            ],
            [
              135.135694,
              48.5502887
            ],
            [
              135.1358304,
              48.55033
            ],
            [
              135.1359075,
              48.5503558
            ],
            [
              135.1359719,
              48.5503827
            ],
            [
              135.1360309,
              48.5503815
            ],
            [
              135.1361583,
              48.5503607
            ],
            [
              135.1362858,
              48.5503425
            ],
            [
              135.13633,
              48.5503505
            ],
            [
              135.136387,
              48.550366
            ],
            [
              135.1364301,
              48.5503954
            ],
            [
              135.1364936,
              48.5504992
            ],
            [
              135.1365271,
              48.5505671
            ],
            [
              135.1366184,
              48.5506322
            ],
            [
              135.1367026,
              48.5506636
            ],
            [
              135.1368516,
              48.5507181
            ],
            [
              135.1369341,
              48.5507544
            ],
            [
              135.1371447,
              48.5508511
            ],
            [
              135.1372728,
              48.5508722
            ],
            [
              135.1375879,
              48.5508656
            ],
            [
              135.1376654,
              48.5508762
            ],
            [
              135.1377399,
              48.5509055
            ],
            [
              135.1379635,
              48.551043
            ],
            [
              135.1380496,
              48.551082
            ],
            [
              135.1382178,
              48.5511203
            ],
            [
              135.138386,
              48.5511901
            ],
            [
              135.1384575,
              48.551206
            ],
            [
              135.1385138,
              48.5511997
            ],
            [
              135.1385488,
              48.5511832
            ],
            [
              135.1385944,
              48.5511641
            ],
            [
              135.1386467,
              48.5511561
            ],
            [
              135.1387011,
              48.5511552
            ],
            [
              135.1387594,
              48.5511644
            ],
            [
              135.1388104,
              48.551181
            ],
            [
              135.1388529,
              48.5512013
            ],
            [
              135.138884,
              48.5512213
            ],
            [
              135.1388907,
              48.5512502
            ],
            [
              135.1388466,
              48.5513341
            ],
            [
              135.1388372,
              48.5513922
            ],
            [
              135.1388425,
              48.5514082
            ],
            [
              135.1388627,
              48.5514233
            ],
            [
              135.1389115,
              48.5514312
            ],
            [
              135.1389438,
              48.5514224
            ],
            [
              135.1390799,
              48.5513922
            ],
            [
              135.1391402,
              48.5513893
            ],
            [
              135.1392119,
              48.5514184
            ],
            [
              135.13924,
              48.5514429
            ],
            [
              135.1392526,
              48.5514699
            ],
            [
              135.1392539,
              48.5515113
            ],
            [
              135.1392329,
              48.5515481
            ],
            [
              135.1390893,
              48.5517016
            ],
            [
              135.1390491,
              48.5519071
            ],
            [
              135.1390243,
              48.5519453
            ],
            [
              135.1389822,
              48.5519894
            ],
            [
              135.1389315,
              48.5520191
            ],
            [
              135.1388164,
              48.5520545
            ],
            [
              135.1387651,
              48.5520753
            ],
            [
              135.1387145,
              48.5521117
            ],
            [
              135.1387031,
              48.5521828
            ],
            [
              135.1387291,
              48.5522423
            ],
            [
              135.1387986,
              48.5523096
            ],
            [
              135.1390129,
              48.5523773
            ],
            [
              135.139165,
              48.5524556
            ],
            [
              135.139548,
              48.5526189
            ],
            [
              135.1391943,
              48.5529088
            ],
            [
              135.1393756,
              48.5532688
            ],
            [
              135.1397123,
              48.5533145
            ],
            [
              135.1401326,
              48.5529906
            ],
            [
              135.1407888,
              48.5528106
            ],
            [
              135.140953,
              48.5526954
            ],
            [
              135.1410386,
              48.5526444
            ],
            [
              135.141108,
              48.5526376
            ],
            [
              135.1411499,
              48.5526465
            ],
            [
              135.1411787,
              48.5526692
            ],
            [
              135.141286,
              48.5527718
            ],
            [
              135.1414377,
              48.5528487
            ],
            [
              135.1414642,
              48.5528746
            ],
            [
              135.1414805,
              48.5529091
            ],
            [
              135.1414876,
              48.5530228
            ],
            [
              135.1415285,
              48.5530569
            ],
            [
              135.1415734,
              48.5530818
            ],
            [
              135.1418192,
              48.5531353
            ],
            [
              135.1418882,
              48.5531577
            ],
            [
              135.1420444,
              48.553333
            ],
            [
              135.1420578,
              48.5533642
            ],
            [
              135.1420638,
              48.5534221
            ],
            [
              135.1420518,
              48.5534606
            ],
            [
              135.1420297,
              48.553489
            ],
            [
              135.1419713,
              48.5535427
            ],
            [
              135.1418077,
              48.5536431
            ],
            [
              135.1415817,
              48.5537394
            ],
            [
              135.1415241,
              48.55379
            ],
            [
              135.1415214,
              48.5538428
            ],
            [
              135.1415556,
              48.5538725
            ],
            [
              135.1416703,
              48.5538805
            ],
            [
              135.1417925,
              48.5538757
            ],
            [
              135.1421309,
              48.5538166
            ],
            [
              135.1422603,
              48.553746
            ],
            [
              135.1423817,
              48.5536972
            ],
            [
              135.1425598,
              48.5536793
            ],
            [
              135.1426674,
              48.5536342
            ],
            [
              135.1427666,
              48.5535805
            ],
            [
              135.1428477,
              48.5535556
            ],
            [
              135.1429255,
              48.5535849
            ],
            [
              135.1430207,
              48.553628
            ],
            [
              135.14312,
              48.5536457
            ],
            [
              135.1433024,
              48.5536479
            ],
            [
              135.1433708,
              48.5536626
            ],
            [
              135.1434063,
              48.5537043
            ],
            [
              135.1433735,
              48.5538028
            ],
            [
              135.1433701,
              48.5538619
            ],
            [
              135.1433937,
              48.5538935
            ],
            [
              135.1434667,
              48.5539138
            ],
            [
              135.1435579,
              48.5538996
            ],
            [
              135.1437207,
              48.5537996
            ],
            [
              135.1437698,
              48.5537651
            ],
            [
              135.143861,
              48.5537394
            ],
            [
              135.1439032,
              48.553734
            ],
            [
              135.143928,
              48.5537429
            ],
            [
              135.1439748,
              48.5537799
            ],
            [
              135.1439756,
              48.5538268
            ],
            [
              135.1439743,
              48.5539054
            ],
            [
              135.1439776,
              48.553987
            ],
            [
              135.1440299,
              48.5541286
            ],
            [
              135.1440303,
              48.5542094
            ],
            [
              135.1439126,
              48.5543386
            ],
            [
              135.1439065,
              48.5543616
            ],
            [
              135.1439267,
              48.5543838
            ],
            [
              135.1439743,
              48.5543998
            ],
            [
              135.1440293,
              48.5544047
            ],
            [
              135.1442666,
              48.5544087
            ],
            [
              135.1443404,
              48.5543923
            ],
            [
              135.1443672,
              48.5543759
            ],
            [
              135.1444081,
              48.5543341
            ],
            [
              135.1444557,
              48.5542902
            ],
            [
              135.1445335,
              48.5542396
            ],
            [
              135.1446361,
              48.5542112
            ],
            [
              135.1448742,
              48.554193
            ],
            [
              135.1450418,
              48.5541814
            ],
            [
              135.1451129,
              48.554201
            ],
            [
              135.1451625,
              48.5542276
            ],
            [
              135.1453301,
              48.5544145
            ],
            [
              135.1453637,
              48.5544464
            ],
            [
              135.1454093,
              48.5544944
            ],
            [
              135.145422,
              48.5545276
            ],
            [
              135.1454139,
              48.5545831
            ],
            [
              135.1454052,
              48.5546111
            ],
            [
              135.1453643,
              48.5546324
            ],
            [
              135.1453295,
              48.5546462
            ],
            [
              135.1452772,
              48.5546524
            ],
            [
              135.1450995,
              48.5546217
            ],
            [
              135.1450238,
              48.5546048
            ],
            [
              135.144968,
              48.5546169
            ],
            [
              135.1449392,
              48.5546493
            ],
            [
              135.1449325,
              48.5546754
            ],
            [
              135.1449405,
              48.5547136
            ],
            [
              135.1450405,
              48.5548201
            ],
            [
              135.1451316,
              48.5548769
            ],
            [
              135.1451685,
              48.5548876
            ],
            [
              135.1452161,
              48.5548885
            ],
            [
              135.1454531,
              48.5548298
            ],
            [
              135.1455078,
              48.5548197
            ],
            [
              135.1455574,
              48.5548264
            ],
            [
              135.1455963,
              48.554849
            ],
            [
              135.1456185,
              48.5548987
            ],
            [
              135.1456131,
              48.5549271
            ],
            [
              135.1455153,
              48.5549891
            ],
            [
              135.145422,
              48.5550332
            ],
            [
              135.1453435,
              48.5550851
            ],
            [
              135.1453087,
              48.5551428
            ],
            [
              135.1453181,
              48.5551663
            ],
            [
              135.1453348,
              48.555185
            ],
            [
              135.1453643,
              48.5552045
            ],
            [
              135.1454086,
              48.5552143
            ],
            [
              135.1454656,
              48.5552218
            ],
            [
              135.1455253,
              48.5552178
            ],
            [
              135.1457313,
              48.5551525
            ],
            [
              135.1458114,
              48.5551149
            ],
            [
              135.1459005,
              48.5550741
            ],
            [
              135.1459445,
              48.5550607
            ],
            [
              135.1459835,
              48.5550645
            ],
            [
              135.1460105,
              48.5550792
            ],
            [
              135.1460264,
              48.555107
            ],
            [
              135.1460758,
              48.5552427
            ],
            [
              135.1461141,
              48.5554116
            ],
            [
              135.1461485,
              48.5554844
            ],
            [
              135.1461946,
              48.5556304
            ],
            [
              135.1461992,
              48.5559879
            ],
            [
              135.1462253,
              48.5560238
            ],
            [
              135.1462776,
              48.5560491
            ],
            [
              135.146344,
              48.5560442
            ],
            [
              135.1464573,
              48.5559972
            ],
            [
              135.1465532,
              48.5559763
            ],
            [
              135.1466256,
              48.5560256
            ],
            [
              135.1466656,
              48.5561306
            ],
            [
              135.1466739,
              48.556188
            ],
            [
              135.1466786,
              48.5562351
            ],
            [
              135.1467068,
              48.5563092
            ],
            [
              135.146743,
              48.5563478
            ],
            [
              135.1468074,
              48.5563731
            ],
            [
              135.1468731,
              48.5563545
            ],
            [
              135.1469474,
              48.5562886
            ],
            [
              135.1470856,
              48.5561605
            ],
            [
              135.1471433,
              48.5561241
            ],
            [
              135.1472157,
              48.5560939
            ],
            [
              135.1473016,
              48.5560753
            ],
            [
              135.1474276,
              48.5560655
            ],
            [
              135.1475322,
              48.556078
            ],
            [
              135.1475993,
              48.5560984
            ],
            [
              135.1476399,
              48.5561237
            ],
            [
              135.1477108,
              48.5562253
            ],
            [
              135.1477421,
              48.5562956
            ],
            [
              135.1477803,
              48.5563469
            ],
            [
              135.1478192,
              48.5563815
            ],
            [
              135.1479131,
              48.5564392
            ],
            [
              135.1479788,
              48.5564836
            ],
            [
              135.1480076,
              48.5565103
            ],
            [
              135.1480187,
              48.5565364
            ],
            [
              135.1480157,
              48.5565622
            ],
            [
              135.1480053,
              48.5565824
            ],
            [
              135.1479805,
              48.5565995
            ],
            [
              135.1479285,
              48.5566168
            ],
            [
              135.1477468,
              48.5566276
            ],
            [
              135.1477163,
              48.5566354
            ],
            [
              135.1476918,
              48.5566481
            ],
            [
              135.1476774,
              48.5566662
            ],
            [
              135.1476737,
              48.5566847
            ],
            [
              135.1476728,
              48.5567197
            ],
            [
              135.1476804,
              48.5567435
            ],
            [
              135.1477052,
              48.5567621
            ],
            [
              135.1477456,
              48.5567781
            ],
            [
              135.1478077,
              48.5567829
            ],
            [
              135.1479619,
              48.5567808
            ],
            [
              135.1481809,
              48.5567676
            ],
            [
              135.148252,
              48.55677
            ],
            [
              135.1483147,
              48.5567794
            ],
            [
              135.1483807,
              48.5567923
            ],
            [
              135.1484435,
              48.5568138
            ],
            [
              135.1485126,
              48.5568431
            ],
            [
              135.1486051,
              48.5568919
            ],
            [
              135.1486319,
              48.5569155
            ],
            [
              135.1486474,
              48.5569288
            ],
            [
              135.1486554,
              48.5569474
            ],
            [
              135.1486527,
              48.5569763
            ],
            [
              135.1486304,
              48.557002
            ],
            [
              135.1485018,
              48.5571458
            ],
            [
              135.148479,
              48.5571858
            ],
            [
              135.1484723,
              48.5572239
            ],
            [
              135.1484831,
              48.5572719
            ],
            [
              135.1485032,
              48.5573109
            ],
            [
              135.1485448,
              48.5573553
            ],
            [
              135.148589,
              48.5573642
            ],
            [
              135.148825,
              48.5573704
            ],
            [
              135.1490596,
              48.5573559
            ],
            [
              135.1491177,
              48.5573602
            ],
            [
              135.1491405,
              48.5573691
            ],
            [
              135.1491565,
              48.557388
            ],
            [
              135.1491773,
              48.5574962
            ],
            [
              135.1491958,
              48.5575165
            ],
            [
              135.149224,
              48.5575328
            ],
            [
              135.1492515,
              48.5575417
            ],
            [
              135.1492891,
              48.557539
            ],
            [
              135.1495117,
              48.5574574
            ],
            [
              135.1495633,
              48.5574494
            ],
            [
              135.1496163,
              48.5574472
            ],
            [
              135.1496485,
              48.5574489
            ],
            [
              135.1496726,
              48.5574591
            ],
            [
              135.1496934,
              48.5574773
            ],
            [
              135.1497008,
              48.5574991
            ],
            [
              135.1496552,
              48.5575932
            ],
            [
              135.1496278,
              48.5576543
            ],
            [
              135.1496344,
              48.5576793
            ],
            [
              135.1496498,
              48.5576988
            ],
            [
              135.1496807,
              48.5577161
            ],
            [
              135.1497491,
              48.5577223
            ],
            [
              135.1498423,
              48.5577152
            ],
            [
              135.1499536,
              48.5576886
            ],
            [
              135.1500233,
              48.5576682
            ],
            [
              135.1500957,
              48.5576353
            ],
            [
              135.1501434,
              48.5576052
            ],
            [
              135.1501702,
              48.557563
            ],
            [
              135.1501829,
              48.5575256
            ],
            [
              135.1501809,
              48.5574907
            ],
            [
              135.1501635,
              48.5574454
            ],
            [
              135.150161,
              48.5574023
            ],
            [
              135.1502332,
              48.5572772
            ],
            [
              135.1502815,
              48.557152
            ],
            [
              135.1502788,
              48.5570783
            ],
            [
              135.15026,
              48.5570393
            ],
            [
              135.1502453,
              48.5570153
            ],
            [
              135.150197,
              48.556955
            ],
            [
              135.1501606,
              48.5568876
            ],
            [
              135.1500897,
              48.5567828
            ],
            [
              135.1500374,
              48.556749
            ],
            [
              135.1499852,
              48.5567314
            ],
            [
              135.1499402,
              48.5567295
            ],
            [
              135.1497933,
              48.5567415
            ],
            [
              135.1497404,
              48.5567437
            ],
            [
              135.1496793,
              48.5567228
            ],
            [
              135.1496451,
              48.556706
            ],
            [
              135.1496284,
              48.5566727
            ],
            [
              135.149627,
              48.5566478
            ],
            [
              135.1496391,
              48.556611
            ],
            [
              135.1496686,
              48.5565644
            ],
            [
              135.1497008,
              48.5565431
            ],
            [
              135.1497336,
              48.556532
            ],
            [
              135.1499697,
              48.556529
            ],
            [
              135.1500506,
              48.5565181
            ],
            [
              135.1500936,
              48.5565081
            ],
            [
              135.1501419,
              48.5564928
            ],
            [
              135.1502257,
              48.5564597
            ],
            [
              135.150313,
              48.5564148
            ],
            [
              135.1505256,
              48.5562777
            ],
            [
              135.1505511,
              48.5562715
            ],
            [
              135.1506188,
              48.5562768
            ],
            [
              135.1506617,
              48.5562968
            ],
            [
              135.1506966,
              48.556327
            ],
            [
              135.1508123,
              48.5564545
            ],
            [
              135.1509063,
              48.556545
            ],
            [
              135.1509702,
              48.5565879
            ],
            [
              135.1510398,
              48.5566208
            ],
            [
              135.1511177,
              48.5566456
            ],
            [
              135.1512109,
              48.55667
            ],
            [
              135.1512578,
              48.5566865
            ],
            [
              135.1512866,
              48.5567126
            ],
            [
              135.1513513,
              48.556836
            ],
            [
              135.1513623,
              48.55688
            ],
            [
              135.1513677,
              48.5569295
            ],
            [
              135.1513599,
              48.5569736
            ],
            [
              135.1513289,
              48.5570278
            ],
            [
              135.1512632,
              48.5571116
            ],
            [
              135.1512618,
              48.5571644
            ],
            [
              135.1512686,
              48.5571992
            ],
            [
              135.1513242,
              48.5572892
            ],
            [
              135.1513176,
              48.5573194
            ],
            [
              135.1512968,
              48.5573357
            ],
            [
              135.1510499,
              48.5573979
            ],
            [
              135.1509943,
              48.5574183
            ],
            [
              135.1509427,
              48.557456
            ],
            [
              135.1509292,
              48.5574747
            ],
            [
              135.1509038,
              48.5575217
            ],
            [
              135.150895,
              48.5575728
            ],
            [
              135.1509105,
              48.5576234
            ],
            [
              135.1509259,
              48.5576566
            ],
            [
              135.1509769,
              48.5576939
            ],
            [
              135.1510211,
              48.557717
            ],
            [
              135.1510885,
              48.5577446
            ],
            [
              135.1515893,
              48.557952
            ],
            [
              135.151615,
              48.5579663
            ],
            [
              135.151632,
              48.5579866
            ],
            [
              135.1516333,
              48.5580038
            ],
            [
              135.1516256,
              48.558021
            ],
            [
              135.1515099,
              48.5581107
            ],
            [
              135.1514482,
              48.5581586
            ],
            [
              135.1513839,
              48.5581852
            ],
            [
              135.1513128,
              48.5582403
            ],
            [
              135.1512659,
              48.558282
            ],
            [
              135.1512565,
              48.5583024
            ],
            [
              135.1512645,
              48.5583246
            ],
            [
              135.1513034,
              48.5583485
            ],
            [
              135.1513436,
              48.5583619
            ],
            [
              135.1513906,
              48.5583743
            ],
            [
              135.1514456,
              48.5584018
            ],
            [
              135.1515207,
              48.5584639
            ],
            [
              135.1515663,
              48.558479
            ],
            [
              135.1516253,
              48.5584808
            ],
            [
              135.1517671,
              48.5584654
            ],
            [
              135.1518494,
              48.5584724
            ],
            [
              135.1519217,
              48.5584888
            ],
            [
              135.1519952,
              48.5585086
            ],
            [
              135.1520665,
              48.5585213
            ],
            [
              135.1521376,
              48.55852
            ],
            [
              135.1522205,
              48.558517
            ],
            [
              135.1522935,
              48.5585005
            ],
            [
              135.1523643,
              48.558469
            ],
            [
              135.1524139,
              48.5584378
            ],
            [
              135.1524541,
              48.5584065
            ],
            [
              135.1525868,
              48.5582784
            ],
            [
              135.1526296,
              48.5582392
            ],
            [
              135.1526669,
              48.5582103
            ],
            [
              135.152707,
              48.5581899
            ],
            [
              135.1527494,
              48.5581722
            ],
            [
              135.152812,
              48.558163
            ],
            [
              135.1529088,
              48.5581607
            ],
            [
              135.1529775,
              48.5581775
            ],
            [
              135.1530318,
              48.5582095
            ],
            [
              135.1530455,
              48.5582385
            ],
            [
              135.1530529,
              48.5582758
            ],
            [
              135.1530629,
              48.5583113
            ],
            [
              135.1530924,
              48.5583503
            ],
            [
              135.1531622,
              48.5584333
            ],
            [
              135.1532353,
              48.5585154
            ],
            [
              135.153252,
              48.5585398
            ],
            [
              135.1532547,
              48.558562
            ],
            [
              135.153246,
              48.5585944
            ],
            [
              135.153246,
              48.5586224
            ],
            [
              135.1532567,
              48.5586579
            ],
            [
              135.153356,
              48.5587706
            ],
            [
              135.1533882,
              48.558803
            ],
            [
              135.153427,
              48.5588398
            ],
            [
              135.1534599,
              48.5588549
            ],
            [
              135.1535008,
              48.5588647
            ],
            [
              135.1535605,
              48.5588718
            ],
            [
              135.1536141,
              48.558866
            ],
            [
              135.1536644,
              48.5588567
            ],
            [
              135.1537261,
              48.5588292
            ],
            [
              135.1537979,
              48.5587835
            ],
            [
              135.153818,
              48.5587582
            ],
            [
              135.1538663,
              48.5586672
            ],
            [
              135.1538884,
              48.5585647
            ],
            [
              135.1538703,
              48.5583574
            ],
            [
              135.1538743,
              48.558321
            ],
            [
              135.1538843,
              48.5582907
            ],
            [
              135.1538984,
              48.5582758
            ],
            [
              135.1539259,
              48.5582638
            ],
            [
              135.1539642,
              48.5582576
            ],
            [
              135.1540171,
              48.5582545
            ],
            [
              135.1540714,
              48.558258
            ],
            [
              135.1541258,
              48.5582735
            ],
            [
              135.154253,
              48.5583248
            ],
            [
              135.1543614,
              48.5583381
            ],
            [
              135.1545628,
              48.5583773
            ],
            [
              135.1546125,
              48.5583784
            ],
            [
              135.154791,
              48.5583059
            ],
            [
              135.154852,
              48.5583033
            ],
            [
              135.1548882,
              48.5583077
            ],
            [
              135.1549291,
              48.5583179
            ],
            [
              135.1549747,
              48.5583392
            ],
            [
              135.1550049,
              48.5583685
            ],
            [
              135.1550208,
              48.5583969
            ],
            [
              135.1550364,
              48.5584635
            ],
            [
              135.1550541,
              48.5585175
            ],
            [
              135.1550724,
              48.5585485
            ],
            [
              135.1550963,
              48.5585761
            ],
            [
              135.1551337,
              48.5586013
            ],
            [
              135.1551799,
              48.5586193
            ],
            [
              135.1555058,
              48.5587191
            ],
            [
              135.155546,
              48.558744
            ],
            [
              135.1555597,
              48.5587577
            ],
            [
              135.1555681,
              48.5587837
            ],
            [
              135.1555634,
              48.5588137
            ],
            [
              135.1555312,
              48.5588412
            ],
            [
              135.1554455,
              48.5588734
            ],
            [
              135.1551142,
              48.5590014
            ],
            [
              135.1548962,
              48.5590759
            ],
            [
              135.1548258,
              48.5590884
            ],
            [
              135.1547675,
              48.5590919
            ],
            [
              135.1545948,
              48.5590955
            ],
            [
              135.1545163,
              48.5590992
            ],
            [
              135.1544429,
              48.5591119
            ],
            [
              135.1544081,
              48.5591314
            ],
            [
              135.1543725,
              48.5591607
            ],
            [
              135.1543336,
              48.5592157
            ],
            [
              135.1543189,
              48.559324
            ],
            [
              135.1543356,
              48.5593871
            ],
            [
              135.1543559,
              48.5594174
            ],
            [
              135.154409,
              48.5594735
            ],
            [
              135.1544455,
              48.5595058
            ],
            [
              135.1544874,
              48.5595333
            ],
            [
              135.1545723,
              48.5595794
            ],
            [
              135.1546198,
              48.559607
            ],
            [
              135.1546401,
              48.5596267
            ],
            [
              135.1546535,
              48.5596533
            ],
            [
              135.1546602,
              48.5596808
            ],
            [
              135.1546582,
              48.5597008
            ],
            [
              135.1546511,
              48.5597197
            ],
            [
              135.1546206,
              48.5597532
            ],
            [
              135.1544952,
              48.5598357
            ],
            [
              135.1544128,
              48.5599187
            ],
            [
              135.1543993,
              48.5599418
            ],
            [
              135.1543973,
              48.5599622
            ],
            [
              135.1544087,
              48.5599831
            ],
            [
              135.1544409,
              48.5600057
            ],
            [
              135.1546532,
              48.5600923
            ],
            [
              135.1546699,
              48.5601061
            ],
            [
              135.1546837,
              48.5601362
            ],
            [
              135.1546841,
              48.5601629
            ],
            [
              135.154677,
              48.5601841
            ],
            [
              135.1546528,
              48.5602107
            ],
            [
              135.1545422,
              48.5602689
            ],
            [
              135.1545133,
              48.5602906
            ],
            [
              135.1544946,
              48.5603479
            ],
            [
              135.1544778,
              48.5603896
            ],
            [
              135.1544563,
              48.5604291
            ],
            [
              135.1544228,
              48.5604761
            ],
            [
              135.1543464,
              48.5605995
            ],
            [
              135.1543397,
              48.560639
            ],
            [
              135.1543377,
              48.5606638
            ],
            [
              135.1543491,
              48.5606878
            ],
            [
              135.1543759,
              48.5607096
            ],
            [
              135.1544403,
              48.5607282
            ],
            [
              135.1546562,
              48.5607362
            ],
            [
              135.1548372,
              48.5607025
            ],
            [
              135.1550746,
              48.5605906
            ],
            [
              135.1551899,
              48.5605489
            ],
            [
              135.1552691,
              48.5605374
            ],
            [
              135.1553455,
              48.5605356
            ],
            [
              135.1553871,
              48.5605383
            ],
            [
              135.1554541,
              48.5605622
            ],
            [
              135.155489,
              48.5605862
            ],
            [
              135.1554997,
              48.5606039
            ],
            [
              135.1555037,
              48.5606554
            ],
            [
              135.1554903,
              48.5606883
            ],
            [
              135.1554702,
              48.560722
            ],
            [
              135.1554273,
              48.5607673
            ],
            [
              135.1553187,
              48.5608391
            ],
            [
              135.1551765,
              48.5609119
            ],
            [
              135.1549217,
              48.5610513
            ],
            [
              135.1548225,
              48.5611125
            ],
            [
              135.154799,
              48.5611334
            ],
            [
              135.1547876,
              48.561152
            ],
            [
              135.1547923,
              48.5611795
            ],
            [
              135.1548104,
              48.5612008
            ],
            [
              135.1548365,
              48.5612173
            ],
            [
              135.1548962,
              48.5612301
            ],
            [
              135.1549901,
              48.561235
            ],
            [
              135.1552067,
              48.5612248
            ],
            [
              135.1555708,
              48.5612634
            ],
            [
              135.1557975,
              48.5612794
            ],
            [
              135.1559267,
              48.5612639
            ],
            [
              135.1560918,
              48.5611955
            ],
            [
              135.1562159,
              48.561152
            ],
            [
              135.1562586,
              48.561147
            ],
            [
              135.1563038,
              48.5611507
            ],
            [
              135.1563654,
              48.5611658
            ],
            [
              135.1565727,
              48.5612505
            ],
            [
              135.1566055,
              48.5612776
            ],
            [
              135.1566242,
              48.5613082
            ],
            [
              135.1566263,
              48.56133
            ],
            [
              135.1566216,
              48.5613548
            ],
            [
              135.1566075,
              48.5613761
            ],
            [
              135.1565807,
              48.5613979
            ],
            [
              135.1564506,
              48.5614745
            ],
            [
              135.1563518,
              48.5615691
            ],
            [
              135.1563416,
              48.5616137
            ],
            [
              135.1563413,
              48.561701
            ],
            [
              135.1563654,
              48.5617947
            ],
            [
              135.1565741,
              48.5619497
            ],
            [
              135.1567645,
              48.5618736
            ],
            [
              135.1568767,
              48.5618617
            ],
            [
              135.156944,
              48.5618662
            ],
            [
              135.1571163,
              48.561947
            ],
            [
              135.1571941,
              48.5619769
            ],
            [
              135.1573145,
              48.5620003
            ],
            [
              135.1574439,
              48.5620076
            ],
            [
              135.157533,
              48.5619999
            ],
            [
              135.1576321,
              48.5619677
            ],
            [
              135.1576664,
              48.5619348
            ],
            [
              135.1576868,
              48.5618977
            ],
            [
              135.1577172,
              48.561875
            ],
            [
              135.157759,
              48.5618562
            ],
            [
              135.1577851,
              48.561854
            ],
            [
              135.1578421,
              48.5618669
            ],
            [
              135.1578618,
              48.5618846
            ],
            [
              135.1579952,
              48.5620605
            ],
            [
              135.1580049,
              48.5620986
            ],
            [
              135.1580445,
              48.5623263
            ],
            [
              135.1580626,
              48.5623804
            ],
            [
              135.1581082,
              48.5624345
            ],
            [
              135.1581549,
              48.5624627
            ],
            [
              135.1582236,
              48.562479
            ],
            [
              135.158601,
              48.5624754
            ],
            [
              135.1589602,
              48.5624248
            ],
            [
              135.1590442,
              48.5624199
            ],
            [
              135.1591245,
              48.5624265
            ],
            [
              135.159198,
              48.562448
            ],
            [
              135.1592855,
              48.5624828
            ],
            [
              135.1594265,
              48.5625524
            ],
            [
              135.1594981,
              48.5625831
            ],
            [
              135.1595531,
              48.5625934
            ],
            [
              135.159629,
              48.562599
            ],
            [
              135.1600045,
              48.5627192
            ],
            [
              135.1602496,
              48.5627091
            ],
            [
              135.1604149,
              48.5627083
            ],
            [
              135.1604692,
              48.5626995
            ],
            [
              135.1605235,
              48.5626822
            ],
            [
              135.1605671,
              48.5626586
            ],
            [
              135.1605986,
              48.5626227
            ],
            [
              135.1606227,
              48.562589
            ],
            [
              135.1606789,
              48.5625436
            ],
            [
              135.1607042,
              48.5625373
            ],
            [
              135.1607307,
              48.5625408
            ],
            [
              135.1607508,
              48.5625515
            ],
            [
              135.1608139,
              48.5626262
            ],
            [
              135.1608387,
              48.5626631
            ],
            [
              135.1608542,
              48.5627011
            ],
            [
              135.1608903,
              48.5628993
            ],
            [
              135.1608686,
              48.5631492
            ],
            [
              135.1608398,
              48.5633512
            ],
            [
              135.1608345,
              48.5634237
            ],
            [
              135.1608441,
              48.5634583
            ],
            [
              135.1608527,
              48.563469
            ],
            [
              135.1609077,
              48.5634952
            ],
            [
              135.1609509,
              48.563502
            ],
            [
              135.1609956,
              48.5635016
            ],
            [
              135.1610472,
              48.5634912
            ],
            [
              135.1611456,
              48.5634566
            ],
            [
              135.1612376,
              48.5634428
            ],
            [
              135.1613208,
              48.5634441
            ],
            [
              135.1613439,
              48.5634517
            ],
            [
              135.1613734,
              48.5634641
            ],
            [
              135.1613858,
              48.5634894
            ],
            [
              135.1613865,
              48.5635182
            ],
            [
              135.1611708,
              48.5637538
            ],
            [
              135.1610626,
              48.5638843
            ],
            [
              135.1610224,
              48.5639615
            ],
            [
              135.1610224,
              48.5640277
            ],
            [
              135.1610365,
              48.5640672
            ],
            [
              135.1610673,
              48.5641067
            ],
            [
              135.1611022,
              48.5641271
            ],
            [
              135.1611887,
              48.5641515
            ],
            [
              135.1612732,
              48.5641568
            ],
            [
              135.1613718,
              48.564155
            ],
            [
              135.1614643,
              48.5641461
            ],
            [
              135.1615527,
              48.5641265
            ],
            [
              135.1616608,
              48.5640667
            ],
            [
              135.1617354,
              48.5640171
            ],
            [
              135.1618575,
              48.5639891
            ],
            [
              135.1619189,
              48.5639708
            ],
            [
              135.1619738,
              48.5639464
            ],
            [
              135.162029,
              48.5638917
            ],
            [
              135.1620619,
              48.563836
            ],
            [
              135.1620577,
              48.5637017
            ],
            [
              135.162077,
              48.5636411
            ],
            [
              135.1621013,
              48.5636008
            ],
            [
              135.1622144,
              48.5635105
            ],
            [
              135.16245,
              48.5633341
            ],
            [
              135.1626368,
              48.5631976
            ],
            [
              135.1627108,
              48.5631001
            ],
            [
              135.1627729,
              48.5629835
            ],
            [
              135.1628549,
              48.5629294
            ],
            [
              135.1629644,
              48.5629003
            ],
            [
              135.1634294,
              48.5628874
            ],
            [
              135.1636693,
              48.5628965
            ],
            [
              135.163939,
              48.5629624
            ],
            [
              135.1640886,
              48.5629636
            ],
            [
              135.1642124,
              48.5629275
            ],
            [
              135.164284,
              48.5628504
            ],
            [
              135.1642558,
              48.5627367
            ],
            [
              135.164174,
              48.5626507
            ],
            [
              135.1640399,
              48.5625868
            ],
            [
              135.1639178,
              48.5625566
            ],
            [
              135.1637918,
              48.5625548
            ],
            [
              135.1636127,
              48.5625224
            ],
            [
              135.1635329,
              48.5624891
            ],
            [
              135.1635061,
              48.5624119
            ],
            [
              135.1635504,
              48.5623551
            ],
            [
              135.1636329,
              48.56232
            ],
            [
              135.1637227,
              48.5623134
            ],
            [
              135.1639587,
              48.5623436
            ],
            [
              135.1643255,
              48.5623462
            ],
            [
              135.1645696,
              48.5622703
            ],
            [
              135.1646803,
              48.5622717
            ],
            [
              135.164752,
              48.562297
            ],
            [
              135.1648472,
              48.5623916
            ],
            [
              135.1650162,
              48.5624749
            ],
            [
              135.1650779,
              48.5625424
            ],
            [
              135.1654236,
              48.5628087
            ],
            [
              135.1655097,
              48.5628406
            ],
            [
              135.1656049,
              48.5628264
            ],
            [
              135.1656973,
              48.562766
            ],
            [
              135.1657592,
              48.5626817
            ],
            [
              135.165845,
              48.5626152
            ],
            [
              135.165955,
              48.5626125
            ],
            [
              135.1660287,
              48.5626746
            ],
            [
              135.1660448,
              48.5627811
            ],
            [
              135.1661065,
              48.5629054
            ],
            [
              135.1661816,
              48.5629444
            ],
            [
              135.1662889,
              48.5629409
            ],
            [
              135.1664297,
              48.5627882
            ],
            [
              135.1665732,
              48.5626799
            ],
            [
              135.1667207,
              48.5624385
            ],
            [
              135.1668334,
              48.5623802
            ],
            [
              135.1669944,
              48.5623859
            ],
            [
              135.1671097,
              48.562443
            ],
            [
              135.1671579,
              48.5625708
            ],
            [
              135.1671794,
              48.5627314
            ],
            [
              135.1672035,
              48.562822
            ],
            [
              135.1672974,
              48.5628734
            ],
            [
              135.1674409,
              48.5628663
            ],
            [
              135.1675938,
              48.5627971
            ],
            [
              135.168141,
              48.5624359
            ],
            [
              135.1682697,
              48.5623862
            ],
            [
              135.168395,
              48.5623833
            ],
            [
              135.1684839,
              48.5624616
            ],
            [
              135.1685178,
              48.5629711
            ],
            [
              135.16861,
              48.5630045
            ],
            [
              135.1686773,
              48.5630545
            ],
            [
              135.1686483,
              48.5631815
            ],
            [
              135.1685652,
              48.563269
            ],
            [
              135.1683743,
              48.563366
            ],
            [
              135.1681182,
              48.563469
            ],
            [
              135.1679841,
              48.5634876
            ],
            [
              135.167795,
              48.5634601
            ],
            [
              135.1676783,
              48.563469
            ],
            [
              135.1676233,
              48.5635142
            ],
            [
              135.16763,
              48.5635923
            ],
            [
              135.1677132,
              48.5636837
            ],
            [
              135.1678781,
              48.5637902
            ],
            [
              135.1680833,
              48.5638568
            ],
            [
              135.1683703,
              48.5639189
            ],
            [
              135.1684548,
              48.5639642
            ],
            [
              135.1685071,
              48.5640139
            ],
            [
              135.1685427,
              48.5640937
            ],
            [
              135.1685205,
              48.5641719
            ],
            [
              135.1684535,
              48.5642526
            ],
            [
              135.1684481,
              48.564337
            ],
            [
              135.1685554,
              48.5644017
            ],
            [
              135.1687042,
              48.5643955
            ],
            [
              135.1687767,
              48.5643485
            ],
            [
              135.1687056,
              48.5642003
            ],
            [
              135.1687083,
              48.564095
            ],
            [
              135.168766,
              48.5640308
            ],
            [
              135.1689328,
              48.5639644
            ],
            [
              135.1690476,
              48.5639624
            ],
            [
              135.1691204,
              48.5639897
            ],
            [
              135.1692487,
              48.5641621
            ],
            [
              135.1694177,
              48.5641666
            ],
            [
              135.169529,
              48.5641382
            ],
            [
              135.169588,
              48.5638914
            ],
            [
              135.1696739,
              48.5638391
            ],
            [
              135.1698549,
              48.5638009
            ],
            [
              135.1699367,
              48.5638648
            ],
            [
              135.169967,
              48.5640898
            ],
            [
              135.16999,
              48.5641392
            ],
            [
              135.1701383,
              48.5643122
            ],
            [
              135.1701649,
              48.5644212
            ],
            [
              135.1701552,
              48.5644924
            ],
            [
              135.1701017,
              48.5645651
            ],
            [
              135.1698737,
              48.5647878
            ],
            [
              135.1698482,
              48.5649334
            ],
            [
              135.1698831,
              48.5649813
            ],
            [
              135.1700105,
              48.5649982
            ],
            [
              135.1701164,
              48.56496
            ],
            [
              135.1703511,
              48.564676
            ],
            [
              135.1704246,
              48.5646496
            ],
            [
              135.170728,
              48.5647008
            ],
            [
              135.1707789,
              48.5647443
            ],
            [
              135.1708165,
              48.5648144
            ],
            [
              135.1708621,
              48.5648553
            ],
            [
              135.1709278,
              48.564889
            ],
            [
              135.1710847,
              48.5649041
            ],
            [
              135.171188,
              48.5649263
            ],
            [
              135.171251,
              48.5649795
            ],
            [
              135.1712751,
              48.5650479
            ],
            [
              135.1712725,
              48.5651206
            ],
            [
              135.1712295,
              48.5651836
            ],
            [
              135.170791,
              48.5653682
            ],
            [
              135.1706783,
              48.5654588
            ],
            [
              135.1706448,
              48.5655191
            ],
            [
              135.1706596,
              48.5655555
            ],
            [
              135.170728,
              48.565583
            ],
            [
              135.1708098,
              48.5655812
            ],
            [
              135.1709318,
              48.565575
            ],
            [
              135.1711249,
              48.5655253
            ],
            [
              135.1713395,
              48.5654561
            ],
            [
              135.1716077,
              48.5653301
            ],
            [
              135.1716924,
              48.5653114
            ],
            [
              135.172182,
              48.5654935
            ],
            [
              135.1723024,
              48.5655156
            ],
            [
              135.1724352,
              48.5655111
            ],
            [
              135.1725371,
              48.5654863
            ],
            [
              135.1725985,
              48.5654199
            ],
            [
              135.1726431,
              48.565189
            ],
            [
              135.1726954,
              48.5651171
            ],
            [
              135.1728353,
              48.5650344
            ],
            [
              135.172981,
              48.5649786
            ],
            [
              135.1730897,
              48.56496
            ],
            [
              135.173264,
              48.5649582
            ],
            [
              135.1733458,
              48.5649848
            ],
            [
              135.1733981,
              48.5650416
            ],
            [
              135.1734062,
              48.5651774
            ],
            [
              135.173429,
              48.5652183
            ],
            [
              135.1734851,
              48.5652547
            ],
            [
              135.1736931,
              48.5653052
            ],
            [
              135.173753,
              48.5653488
            ],
            [
              135.1737347,
              48.5654384
            ],
            [
              135.1736449,
              48.5655741
            ],
            [
              135.1736248,
              48.5656167
            ],
            [
              135.1736274,
              48.5656682
            ],
            [
              135.173661,
              48.565694
            ],
            [
              135.1737173,
              48.5656895
            ],
            [
              135.1738219,
              48.5656336
            ],
            [
              135.1741223,
              48.5653487
            ],
            [
              135.1742282,
              48.5652875
            ],
            [
              135.1743114,
              48.5652591
            ],
            [
              135.1746467,
              48.5652467
            ],
            [
              135.174813,
              48.5652538
            ],
            [
              135.1750115,
              48.5652928
            ],
            [
              135.1751187,
              48.5652502
            ],
            [
              135.1751402,
              48.5650257
            ],
            [
              135.1751536,
              48.5649627
            ],
            [
              135.1752287,
              48.5648207
            ],
            [
              135.1753145,
              48.5647213
            ],
            [
              135.1754554,
              48.5646751
            ],
            [
              135.175804,
              48.5645872
            ],
            [
              135.1759905,
              48.564542
            ],
            [
              135.1761809,
              48.5645083
            ],
            [
              135.1764598,
              48.5644976
            ],
            [
              135.1768729,
              48.5644568
            ],
            [
              135.1769883,
              48.5644925
            ],
            [
              135.17708,
              48.5645967
            ],
            [
              135.1771978,
              48.5647628
            ],
            [
              135.1776561,
              48.5652635
            ],
            [
              135.177767,
              48.5653002
            ],
            [
              135.1779217,
              48.5653239
            ],
            [
              135.1780544,
              48.5653736
            ],
            [
              135.1781282,
              48.5654765
            ],
            [
              135.1782188,
              48.5655727
            ],
            [
              135.1783079,
              48.5656212
            ],
            [
              135.1784232,
              48.5656283
            ],
            [
              135.1785278,
              48.5656159
            ],
            [
              135.17867,
              48.565536
            ],
            [
              135.1787102,
              48.565331
            ],
            [
              135.1788792,
              48.5652218
            ],
            [
              135.1789208,
              48.5651526
            ],
            [
              135.1789691,
              48.5650026
            ],
            [
              135.1790136,
              48.5649695
            ],
            [
              135.1791219,
              48.5649742
            ],
            [
              135.1794384,
              48.5651126
            ],
            [
              135.1795139,
              48.5651702
            ],
            [
              135.1795498,
              48.5652396
            ],
            [
              135.1795224,
              48.5653134
            ],
            [
              135.1793754,
              48.5655049
            ],
            [
              135.1790616,
              48.56582
            ],
            [
              135.1790187,
              48.5659531
            ],
            [
              135.1790374,
              48.5660631
            ],
            [
              135.1791072,
              48.5661958
            ],
            [
              135.1791608,
              48.5662486
            ],
            [
              135.1792333,
              48.5662832
            ],
            [
              135.180077,
              48.5663549
            ],
            [
              135.1801372,
              48.566396
            ],
            [
              135.1801264,
              48.5664794
            ],
            [
              135.1800138,
              48.5665504
            ],
            [
              135.1798126,
              48.5666054
            ],
            [
              135.1797496,
              48.5666391
            ],
            [
              135.1797415,
              48.5667243
            ],
            [
              135.1797992,
              48.5667873
            ],
            [
              135.1799132,
              48.5668583
            ],
            [
              135.179932,
              48.5669222
            ],
            [
              135.1798944,
              48.5669639
            ],
            [
              135.1798065,
              48.5669787
            ],
            [
              135.1791206,
              48.5668477
            ],
            [
              135.1789516,
              48.5669
            ],
            [
              135.1789141,
              48.5669926
            ],
            [
              135.1789543,
              48.567137
            ],
            [
              135.1789731,
              48.5671707
            ],
            [
              135.1790535,
              48.567239
            ],
            [
              135.1791809,
              48.5672923
            ],
            [
              135.1793392,
              48.5673331
            ],
            [
              135.179366,
              48.5673473
            ],
            [
              135.1793942,
              48.5673757
            ],
            [
              135.1793995,
              48.5674157
            ],
            [
              135.1793905,
              48.5674372
            ],
            [
              135.1793171,
              48.5675226
            ],
            [
              135.1792091,
              48.5676096
            ],
            [
              135.1791944,
              48.567634
            ],
            [
              135.1791856,
              48.5676708
            ],
            [
              135.179197,
              48.5677116
            ],
            [
              135.1793057,
              48.5678084
            ],
            [
              135.1793258,
              48.567835
            ],
            [
              135.179342,
              48.5678685
            ],
            [
              135.1793238,
              48.5679029
            ],
            [
              135.1792882,
              48.5679384
            ],
            [
              135.179126,
              48.5679992
            ],
            [
              135.1790601,
              48.56803
            ],
            [
              135.1789966,
              48.5680738
            ],
            [
              135.1789478,
              48.5680859
            ],
            [
              135.1788461,
              48.5681052
            ],
            [
              135.1786774,
              48.5681245
            ],
            [
              135.178649,
              48.5681323
            ],
            [
              135.1786391,
              48.5681518
            ],
            [
              135.1786418,
              48.5681789
            ],
            [
              135.1786499,
              48.5682117
            ],
            [
              135.1786975,
              48.5682827
            ],
            [
              135.1787096,
              48.5683102
            ],
            [
              135.1787269,
              48.5683776
            ],
            [
              135.1787287,
              48.5684837
            ],
            [
              135.1787323,
              48.5685618
            ],
            [
              135.1787438,
              48.5686261
            ],
            [
              135.1787416,
              48.5687066
            ],
            [
              135.1786579,
              48.5687152
            ],
            [
              135.174604,
              48.5691333
            ],
            [
              135.1718089,
              48.5690663
            ],
            [
              135.1708057,
              48.5690417
            ],
            [
              135.1705322,
              48.5689083
            ],
            [
              135.1704356,
              48.5689101
            ],
            [
              135.170441,
              48.5688622
            ],
            [
              135.1694888,
              48.5688693
            ],
            [
              135.1693882,
              48.5688604
            ],
            [
              135.1693869,
              48.5689563
            ],
            [
              135.1690277,
              48.5689722
            ],
            [
              135.1685539,
              48.5691638
            ],
            [
              135.1678586,
              48.5697239
            ],
            [
              135.1671297,
              48.5703148
            ],
            [
              135.1662084,
              48.5706903
            ],
            [
              135.1651128,
              48.5714197
            ],
            [
              135.1647745,
              48.5715527
            ],
            [
              135.1642843,
              48.57175
            ],
            [
              135.1631074,
              48.5723498
            ],
            [
              135.1626906,
              48.5725624
            ],
            [
              135.1620492,
              48.5728881
            ],
            [
              135.1609942,
              48.5734261
            ],
            [
              135.1599807,
              48.5739412
            ],
            [
              135.1571707,
              48.5739682
            ],
            [
              135.1557143,
              48.5739842
            ],
            [
              135.1543272,
              48.5739961
            ],
            [
              135.1531608,
              48.574321
            ],
            [
              135.1522248,
              48.574331
            ],
            [
              135.1509788,
              48.5743441
            ],
            [
              135.147905,
              48.5743782
            ],
            [
              135.1461643,
              48.5743942
            ],
            [
              135.1451477,
              48.5744039
            ],
            [
              135.1451869,
              48.5743757
            ],
            [
              135.1451518,
              48.5743498
            ],
            [
              135.1450016,
              48.5744013
            ],
            [
              135.1448624,
              48.5744044
            ],
            [
              135.1446703,
              48.5744106
            ],
            [
              135.1446748,
              48.5744641
            ],
            [
              135.1457894,
              48.5754953
            ],
            [
              135.1468408,
              48.5764651
            ],
            [
              135.147755,
              48.57731
            ],
            [
              135.1482831,
              48.5778648
            ],
            [
              135.1486777,
              48.5782824
            ],
            [
              135.1488641,
              48.5784789
            ],
            [
              135.1502466,
              48.579754
            ],
            [
              135.1511948,
              48.5806426
            ],
            [
              135.1516549,
              48.581089
            ],
            [
              135.1522648,
              48.5816759
            ],
            [
              135.1527464,
              48.5821454
            ],
            [
              135.1537462,
              48.5830981
            ],
            [
              135.1537201,
              48.5832028
            ],
            [
              135.1537155,
              48.5845887
            ],
            [
              135.1537038,
              48.586292
            ],
            [
              135.1536786,
              48.5888645
            ],
            [
              135.1536383,
              48.5902235
            ],
            [
              135.1535699,
              48.5927711
            ],
            [
              135.1535342,
              48.5942188
            ],
            [
              135.1535353,
              48.5949858
            ],
            [
              135.1534425,
              48.5950365
            ],
            [
              135.1532842,
              48.5951527
            ],
            [
              135.1531987,
              48.5951935
            ],
            [
              135.1529604,
              48.5951736
            ],
            [
              135.1526593,
              48.5950596
            ],
            [
              135.1524702,
              48.5950347
            ],
            [
              135.1522301,
              48.5949798
            ],
            [
              135.1519443,
              48.5949641
            ],
            [
              135.1517993,
              48.5949015
            ],
            [
              135.1517201,
              48.5948231
            ],
            [
              135.151695,
              48.5947181
            ],
            [
              135.1516668,
              48.5946498
            ],
            [
              135.1516092,
              48.5946081
            ],
            [
              135.1514094,
              48.5945611
            ],
            [
              135.1510982,
              48.5944759
            ],
            [
              135.1509829,
              48.5943926
            ],
            [
              135.150661,
              48.5943864
            ],
            [
              135.1505752,
              48.5942994
            ],
            [
              135.1504962,
              48.5942382
            ],
            [
              135.1504008,
              48.5942134
            ],
            [
              135.150252,
              48.5942303
            ],
            [
              135.1501662,
              48.5942666
            ],
            [
              135.1501482,
              48.5942928
            ],
            [
              135.150205,
              48.5944063
            ],
            [
              135.1501876,
              48.5944285
            ],
            [
              135.1498859,
              48.5943908
            ],
            [
              135.1497893,
              48.5943988
            ],
            [
              135.1497225,
              48.5944326
            ],
            [
              135.1494763,
              48.5944844
            ],
            [
              135.1492411,
              48.5943571
            ],
            [
              135.1491922,
              48.5942154
            ],
            [
              135.1491402,
              48.5941407
            ],
            [
              135.1490426,
              48.5940863
            ],
            [
              135.1488854,
              48.5940396
            ],
            [
              135.1486789,
              48.5939633
            ],
            [
              135.1484455,
              48.5938781
            ],
            [
              135.1482698,
              48.5937078
            ],
            [
              135.1481518,
              48.5936546
            ],
            [
              135.1480083,
              48.5936342
            ],
            [
              135.147787,
              48.5935295
            ],
            [
              135.1476735,
              48.5934833
            ],
            [
              135.1475926,
              48.5932785
            ],
            [
              135.1475309,
              48.5931596
            ],
            [
              135.1475221,
              48.5930931
            ],
            [
              135.1476918,
              48.5929262
            ],
            [
              135.1477203,
              48.592875
            ],
            [
              135.1476797,
              48.5927436
            ],
            [
              135.1476999,
              48.5926283
            ],
            [
              135.1476886,
              48.5924685
            ],
            [
              135.1479954,
              48.5922688
            ],
            [
              135.1481637,
              48.5921144
            ],
            [
              135.1482002,
              48.5919656
            ],
            [
              135.1482753,
              48.5918735
            ],
            [
              135.1482877,
              48.591758
            ],
            [
              135.148307,
              48.5916813
            ],
            [
              135.148453,
              48.5915295
            ],
            [
              135.1484718,
              48.5914372
            ],
            [
              135.1485658,
              48.5913089
            ],
            [
              135.1486044,
              48.5912234
            ],
            [
              135.1485924,
              48.5911318
            ],
            [
              135.1486064,
              48.5910824
            ],
            [
              135.1486916,
              48.5910184
            ],
            [
              135.1487292,
              48.5909647
            ],
            [
              135.1487506,
              48.5908889
            ],
            [
              135.14871,
              48.5908434
            ],
            [
              135.1485245,
              48.5906256
            ],
            [
              135.148396,
              48.5905432
            ],
            [
              135.1482776,
              48.5905023
            ],
            [
              135.1480906,
              48.5905004
            ],
            [
              135.1480011,
              48.5904701
            ],
            [
              135.1479423,
              48.5903159
            ],
            [
              135.1479409,
              48.5902321
            ],
            [
              135.1480359,
              48.5901186
            ],
            [
              135.1480566,
              48.5899841
            ],
            [
              135.1480406,
              48.5898557
            ],
            [
              135.1479696,
              48.589766
            ],
            [
              135.1477897,
              48.5896164
            ],
            [
              135.1476213,
              48.5894642
            ],
            [
              135.1473793,
              48.5892318
            ],
            [
              135.1470843,
              48.5890615
            ],
            [
              135.1470092,
              48.5889763
            ],
            [
              135.1469191,
              48.5888417
            ],
            [
              135.1468503,
              48.5887896
            ],
            [
              135.1467919,
              48.5887475
            ],
            [
              135.146627,
              48.5886694
            ],
            [
              135.1465152,
              48.588565
            ],
            [
              135.1464285,
              48.5885065
            ],
            [
              135.1461388,
              48.5884689
            ],
            [
              135.1458827,
              48.5884219
            ],
            [
              135.1454911,
              48.5884512
            ],
            [
              135.1453623,
              48.5884716
            ],
            [
              135.1452376,
              48.5885168
            ],
            [
              135.1451544,
              48.5885657
            ],
            [
              135.144464,
              48.5890368
            ],
            [
              135.1443672,
              48.5890917
            ],
            [
              135.1441593,
              48.5891325
            ],
            [
              135.1441044,
              48.589168
            ],
            [
              135.1440588,
              48.5892105
            ],
            [
              135.1440507,
              48.5892824
            ],
            [
              135.1440542,
              48.5893386
            ],
            [
              135.1440655,
              48.5894864
            ],
            [
              135.1440507,
              48.5895299
            ],
            [
              135.1439957,
              48.5895937
            ],
            [
              135.1438804,
              48.5897472
            ],
            [
              135.1437838,
              48.5898004
            ],
            [
              135.1436296,
              48.589827
            ],
            [
              135.1434955,
              48.5898084
            ],
            [
              135.1433279,
              48.5897605
            ],
            [
              135.1432215,
              48.5897337
            ],
            [
              135.1431316,
              48.5897397
            ],
            [
              135.1428692,
              48.5898182
            ],
            [
              135.1427163,
              48.5898492
            ],
            [
              135.1425715,
              48.5898652
            ],
            [
              135.1424092,
              48.589851
            ],
            [
              135.14231,
              48.5898288
            ],
            [
              135.1422027,
              48.589788
            ],
            [
              135.1420821,
              48.5897194
            ],
            [
              135.1419801,
              48.5896966
            ],
            [
              135.1418835,
              48.5896913
            ],
            [
              135.1417789,
              48.5896603
            ],
            [
              135.1414723,
              48.5895117
            ],
            [
              135.141284,
              48.5894598
            ],
            [
              135.1411526,
              48.5894101
            ],
            [
              135.1410238,
              48.5893649
            ],
            [
              135.1409581,
              48.5893613
            ],
            [
              135.1408978,
              48.5893738
            ],
            [
              135.1408032,
              48.5894204
            ],
            [
              135.1406765,
              48.5894447
            ],
            [
              135.1405848,
              48.5894496
            ],
            [
              135.1404145,
              48.5894024
            ],
            [
              135.1403129,
              48.5893974
            ],
            [
              135.1401152,
              48.5894208
            ],
            [
              135.1399563,
              48.5894341
            ],
            [
              135.1398021,
              48.5894181
            ],
            [
              135.1396961,
              48.5893915
            ],
            [
              135.1395795,
              48.5893276
            ],
            [
              135.1395272,
              48.5892797
            ],
            [
              135.1394701,
              48.5892264
            ],
            [
              135.139328,
              48.5890948
            ],
            [
              135.139263,
              48.5890584
            ],
            [
              135.1392006,
              48.5890478
            ],
            [
              135.1391463,
              48.5890677
            ],
            [
              135.1390638,
              48.5891107
            ],
            [
              135.1389693,
              48.5891156
            ],
            [
              135.1388392,
              48.5890566
            ],
            [
              135.1387627,
              48.5890726
            ],
            [
              135.1386179,
              48.5891156
            ],
            [
              135.1384494,
              48.5891435
            ],
            [
              135.1383603,
              48.5891357
            ],
            [
              135.1381572,
              48.5890557
            ],
            [
              135.1379569,
              48.5889713
            ],
            [
              135.1377947,
              48.5889268
            ],
            [
              135.1377066,
              48.58892
            ],
            [
              135.1375008,
              48.5888983
            ],
            [
              135.1373955,
              48.5888761
            ],
            [
              135.1373465,
              48.5888437
            ],
            [
              135.137315,
              48.5887862
            ],
            [
              135.137315,
              48.5887164
            ],
            [
              135.1373116,
              48.5886478
            ],
            [
              135.13726,
              48.5885607
            ],
            [
              135.1372513,
              48.5884938
            ],
            [
              135.1372369,
              48.5884279
            ],
            [
              135.1370944,
              48.5883509
            ],
            [
              135.1369442,
              48.5882773
            ],
            [
              135.1368121,
              48.5882134
            ],
            [
              135.1365921,
              48.5881186
            ],
            [
              135.1364058,
              48.5880236
            ],
            [
              135.136283,
              48.5879136
            ],
            [
              135.136109,
              48.5878189
            ],
            [
              135.1359128,
              48.5877462
            ],
            [
              135.135818,
              48.58772
            ],
            [
              135.1357357,
              48.5877064
            ],
            [
              135.1356503,
              48.5876848
            ],
            [
              135.1355448,
              48.5876998
            ],
            [
              135.1354261,
              48.5877059
            ],
            [
              135.1352315,
              48.5876447
            ],
            [
              135.1348481,
              48.5875836
            ],
            [
              135.1346196,
              48.5875696
            ],
            [
              135.1345328,
              48.5875847
            ],
            [
              135.1343829,
              48.587638
            ],
            [
              135.1343063,
              48.5876479
            ],
            [
              135.1342408,
              48.5876447
            ],
            [
              135.1341949,
              48.5876799
            ],
            [
              135.1341373,
              48.5877353
            ],
            [
              135.1339806,
              48.5878477
            ],
            [
              135.133763,
              48.5879542
            ],
            [
              135.1334272,
              48.5880418
            ],
            [
              135.1331811,
              48.5880789
            ],
            [
              135.1329008,
              48.5880533
            ],
            [
              135.1326198,
              48.5880156
            ],
            [
              135.1324493,
              48.5879486
            ],
            [
              135.1322541,
              48.5879058
            ],
            [
              135.1321146,
              48.5878642
            ],
            [
              135.1320069,
              48.587773
            ],
            [
              135.1318432,
              48.5876461
            ],
            [
              135.131695,
              48.5875936
            ],
            [
              135.1315677,
              48.5875673
            ],
            [
              135.1313996,
              48.5875796
            ],
            [
              135.1312984,
              48.5875622
            ],
            [
              135.1311826,
              48.5875024
            ],
            [
              135.130954,
              48.5874669
            ],
            [
              135.1308026,
              48.5874177
            ],
            [
              135.1306323,
              48.5873468
            ],
            [
              135.1304591,
              48.5873323
            ],
            [
              135.1303497,
              48.5873006
            ],
            [
              135.1301812,
              48.5872318
            ],
            [
              135.1300413,
              48.5872073
            ],
            [
              135.1298278,
              48.5871959
            ],
            [
              135.1296648,
              48.587171
            ],
            [
              135.1294649,
              48.5871262
            ],
            [
              135.1292749,
              48.5870995
            ],
            [
              135.1289492,
              48.5869706
            ],
            [
              135.1287441,
              48.586928
            ],
            [
              135.1285201,
              48.5869455
            ],
            [
              135.1281666,
              48.5870365
            ],
            [
              135.1279347,
              48.5870536
            ],
            [
              135.1274988,
              48.5870587
            ],
            [
              135.1273486,
              48.5870771
            ],
            [
              135.1272447,
              48.5870846
            ],
            [
              135.1270689,
              48.5870683
            ],
            [
              135.1269932,
              48.5870704
            ],
            [
              135.1269335,
              48.587085
            ],
            [
              135.1268953,
              48.5870833
            ],
            [
              135.1263405,
              48.5868719
            ],
            [
              135.1262026,
              48.5868533
            ],
            [
              135.1259411,
              48.5868831
            ],
            [
              135.1258767,
              48.5869003
            ],
            [
              135.1257695,
              48.5869613
            ],
            [
              135.1256474,
              48.5869932
            ],
            [
              135.1254516,
              48.5869591
            ],
            [
              135.1252444,
              48.5868605
            ],
            [
              135.1251264,
              48.5868429
            ],
            [
              135.125009,
              48.5868748
            ],
            [
              135.1248667,
              48.5869369
            ],
            [
              135.1247321,
              48.5869484
            ],
            [
              135.1242781,
              48.5869027
            ],
            [
              135.1239288,
              48.5868959
            ],
            [
              135.1238027,
              48.5868875
            ],
            [
              135.1236857,
              48.5868649
            ],
            [
              135.1237479,
              48.5857327
            ],
            [
              135.1223791,
              48.5857362
            ],
            [
              135.1210982,
              48.5857379
            ],
            [
              135.1210836,
              48.5848972
            ],
            [
              135.1210709,
              48.584059
            ],
            [
              135.1210572,
              48.5832166
            ],
            [
              135.122176,
              48.5832232
            ],
            [
              135.1232757,
              48.583233
            ],
            [
              135.1244058,
              48.5832382
            ],
            [
              135.1240477,
              48.5829728
            ],
            [
              135.1235282,
              48.5825846
            ],
            [
              135.122066,
              48.5814915
            ],
            [
              135.1206308,
              48.5803902
            ],
            [
              135.1175254,
              48.5779536
            ],
            [
              135.1174571,
              48.5780014
            ],
            [
              135.117407,
              48.5780184
            ],
            [
              135.1173755,
              48.5780343
            ],
            [
              135.1173399,
              48.5780676
            ],
            [
              135.1173339,
              48.578084
            ],
            [
              135.1173151,
              48.5781168
            ],
            [
              135.1172853,
              48.5781344
            ],
            [
              135.1172307,
              48.5781445
            ],
            [
              135.1171924,
              48.578151
            ],
            [
              135.1171598,
              48.578159
            ],
            [
              135.1171393,
              48.5781744
            ],
            [
              135.117126,
              48.5782011
            ],
            [
              135.1171006,
              48.57823
            ],
            [
              135.1170643,
              48.5782522
            ],
            [
              135.1170402,
              48.5782699
            ],
            [
              135.1170332,
              48.5782806
            ],
            [
              135.1170301,
              48.5782921
            ],
            [
              135.1170295,
              48.5783103
            ],
            [
              135.117026,
              48.578324
            ],
            [
              135.1170155,
              48.5783337
            ],
            [
              135.1169899,
              48.5783397
            ],
            [
              135.1169603,
              48.5783438
            ],
            [
              135.1169259,
              48.5783569
            ],
            [
              135.1168993,
              48.5783854
            ],
            [
              135.1168827,
              48.5783967
            ],
            [
              135.1168663,
              48.5784044
            ],
            [
              135.1168454,
              48.5784063
            ],
            [
              135.1168024,
              48.5784054
            ],
            [
              135.1167775,
              48.5784089
            ],
            [
              135.1167458,
              48.5784234
            ],
            [
              135.1167136,
              48.5784558
            ],
            [
              135.1165681,
              48.5785086
            ],
            [
              135.1165447,
              48.5785223
            ],
            [
              135.116495,
              48.578556
            ],
            [
              135.1164831,
              48.5785736
            ],
            [
              135.116422,
              48.5787113
            ],
            [
              135.1163605,
              48.5787892
            ],
            [
              135.1163026,
              48.5788338
            ],
            [
              135.116261,
              48.5788511
            ],
            [
              135.1162141,
              48.5788546
            ],
            [
              135.1161685,
              48.5788551
            ],
            [
              135.1161303,
              48.5788622
            ],
            [
              135.1161003,
              48.5788815
            ],
            [
              135.1160816,
              48.5788878
            ],
            [
              135.1160595,
              48.5788888
            ],
            [
              135.1160391,
              48.578881
            ],
            [
              135.1160223,
              48.5788708
            ],
            [
              135.1159965,
              48.5788613
            ],
            [
              135.1159707,
              48.5788595
            ],
            [
              135.1159472,
              48.5788622
            ],
            [
              135.1159271,
              48.5788737
            ],
            [
              135.1159023,
              48.5788892
            ],
            [
              135.1158734,
              48.5789118
            ],
            [
              135.1158439,
              48.578922
            ],
            [
              135.1157668,
              48.5789362
            ],
            [
              135.1157252,
              48.5789473
            ],
            [
              135.1157018,
              48.5789611
            ],
            [
              135.1156157,
              48.5790243
            ],
            [
              135.11551,
              48.5790968
            ],
            [
              135.1154653,
              48.5791441
            ],
            [
              135.1154545,
              48.5791675
            ],
            [
              135.1154364,
              48.5792159
            ],
            [
              135.1153543,
              48.5793012
            ],
            [
              135.115334,
              48.5793451
            ],
            [
              135.1152887,
              48.5794056
            ],
            [
              135.1152324,
              48.579442
            ],
            [
              135.1152027,
              48.5794711
            ],
            [
              135.1151774,
              48.579524
            ],
            [
              135.11516,
              48.5795759
            ],
            [
              135.1151311,
              48.5796243
            ],
            [
              135.1150941,
              48.5796561
            ],
            [
              135.1150021,
              48.5797054
            ],
            [
              135.1149388,
              48.5797291
            ],
            [
              135.1148723,
              48.5797445
            ],
            [
              135.114784,
              48.5797525
            ],
            [
              135.1146464,
              48.57975
            ],
            [
              135.1139858,
              48.5792929
            ],
            [
              135.1133265,
              48.5788409
            ],
            [
              135.1130517,
              48.5786608
            ],
            [
              135.1123999,
              48.5782536
            ],
            [
              135.1119373,
              48.5779634
            ],
            [
              135.1111495,
              48.5774109
            ],
            [
              135.1099572,
              48.5780078
            ],
            [
              135.1092525,
              48.5775882
            ],
            [
              135.1081931,
              48.5769571
            ],
            [
              135.1077472,
              48.576691
            ],
            [
              135.107463,
              48.5765213
            ],
            [
              135.1071204,
              48.5762541
            ],
            [
              135.1067032,
              48.5760232
            ],
            [
              135.1063597,
              48.5758327
            ],
            [
              135.1059097,
              48.5755818
            ],
            [
              135.1050531,
              48.5751199
            ],
            [
              135.1049578,
              48.575061
            ],
            [
              135.1041459,
              48.5745954
            ],
            [
              135.103943,
              48.574506
            ],
            [
              135.1034917,
              48.5743125
            ],
            [
              135.1028987,
              48.5740538
            ],
            [
              135.1027663,
              48.574079
            ],
            [
              135.1027341,
              48.5741534
            ],
            [
              135.1026475,
              48.574182
            ],
            [
              135.1025904,
              48.5742171
            ],
            [
              135.1025516,
              48.5742797
            ],
            [
              135.1025181,
              48.5742992
            ],
            [
              135.1024564,
              48.5743187
            ],
            [
              135.1023591,
              48.5743285
            ],
            [
              135.1022847,
              48.5743489
            ],
            [
              135.1021376,
              48.5744563
            ],
            [
              135.1020718,
              48.5745275
            ],
            [
              135.101793,
              48.5749079
            ],
            [
              135.1017759,
              48.5750281
            ],
            [
              135.1017201,
              48.5752549
            ],
            [
              135.1016901,
              48.5753614
            ],
            [
              135.1015444,
              48.575561
            ],
            [
              135.1015166,
              48.5755981
            ],
            [
              135.101081,
              48.5759398
            ],
            [
              135.1009394,
              48.5761517
            ],
            [
              135.1008017,
              48.5763581
            ],
            [
              135.1007098,
              48.576448
            ],
            [
              135.1007129,
              48.5765237
            ],
            [
              135.1007659,
              48.5766036
            ],
            [
              135.1007532,
              48.5766519
            ],
            [
              135.1007009,
              48.5766777
            ],
            [
              135.1005922,
              48.5766821
            ],
            [
              135.1005328,
              48.5767151
            ],
            [
              135.1005013,
              48.5768032
            ],
            [
              135.1004166,
              48.5769018
            ],
            [
              135.1002221,
              48.5770419
            ],
            [
              135.1001557,
              48.5771235
            ],
            [
              135.1000827,
              48.5773165
            ],
            [
              135.1000955,
              48.5774649
            ],
            [
              135.1002321,
              48.5776253
            ],
            [
              135.100236,
              48.5777041
            ],
            [
              135.1001999,
              48.5777446
            ],
            [
              135.100098,
              48.5777455
            ],
            [
              135.1000632,
              48.5778099
            ],
            [
              135.0999503,
              48.5778173
            ],
            [
              135.0998301,
              48.5778761
            ],
            [
              135.0996552,
              48.5780272
            ],
            [
              135.0994416,
              48.5781821
            ],
            [
              135.0992538,
              48.5782996
            ],
            [
              135.0990144,
              48.5783854
            ],
            [
              135.098775,
              48.5784228
            ],
            [
              135.0986401,
              48.5784438
            ],
            [
              135.0983016,
              48.5785237
            ],
            [
              135.0981648,
              48.5785636
            ],
            [
              135.0980844,
              48.5785751
            ],
            [
              135.0980408,
              48.5785663
            ],
            [
              135.0979623,
              48.5785183
            ],
            [
              135.0979018,
              48.5785217
            ],
            [
              135.0978544,
              48.5785343
            ],
            [
              135.0978021,
              48.5785401
            ],
            [
              135.0977658,
              48.5785552
            ],
            [
              135.0977498,
              48.5785867
            ],
            [
              135.0977504,
              48.5786518
            ],
            [
              135.0977285,
              48.5787429
            ],
            [
              135.0975557,
              48.5790222
            ],
            [
              135.0975045,
              48.5791763
            ],
            [
              135.0973965,
              48.5793075
            ],
            [
              135.0973643,
              48.5793628
            ],
            [
              135.0973548,
              48.579426
            ],
            [
              135.0973213,
              48.5795156
            ],
            [
              135.0972294,
              48.5796141
            ],
            [
              135.0971841,
              48.579672
            ],
            [
              135.0971,
              48.5797237
            ],
            [
              135.0970584,
              48.5797419
            ],
            [
              135.0969927,
              48.5797521
            ],
            [
              135.0969283,
              48.5797543
            ],
            [
              135.0968298,
              48.5797188
            ],
            [
              135.0967876,
              48.5797119
            ],
            [
              135.0967547,
              48.5797184
            ],
            [
              135.0966588,
              48.5797538
            ],
            [
              135.096636,
              48.5797538
            ],
            [
              135.0965679,
              48.5797359
            ],
            [
              135.0965454,
              48.579737
            ],
            [
              135.0964925,
              48.5797547
            ],
            [
              135.0964596,
              48.5797565
            ],
            [
              135.0964335,
              48.5797503
            ],
            [
              135.0963966,
              48.5797281
            ],
            [
              135.0963745,
              48.5797201
            ],
            [
              135.0963503,
              48.5797246
            ],
            [
              135.0963027,
              48.5797383
            ],
            [
              135.0962779,
              48.5797334
            ],
            [
              135.096231,
              48.5797161
            ],
            [
              135.0961666,
              48.5797184
            ],
            [
              135.0960975,
              48.5797348
            ],
            [
              135.0959409,
              48.579815
            ],
            [
              135.0958203,
              48.5798885
            ],
            [
              135.0957616,
              48.579969
            ],
            [
              135.0956751,
              48.580008
            ],
            [
              135.0955671,
              48.5799996
            ],
            [
              135.0954579,
              48.5799594
            ],
            [
              135.0954236,
              48.5799592
            ],
            [
              135.0954028,
              48.5799659
            ],
            [
              135.0953854,
              48.5799788
            ],
            [
              135.0953465,
              48.5800027
            ],
            [
              135.095311,
              48.5800089
            ],
            [
              135.0952789,
              48.5800065
            ],
            [
              135.0952583,
              48.5799974
            ],
            [
              135.0952288,
              48.5799885
            ],
            [
              135.0951996,
              48.5799881
            ],
            [
              135.0951671,
              48.5799954
            ],
            [
              135.0950987,
              48.5800504
            ],
            [
              135.0950696,
              48.5800638
            ],
            [
              135.0950413,
              48.5800691
            ],
            [
              135.0949794,
              48.5800525
            ],
            [
              135.0949612,
              48.5800557
            ],
            [
              135.0949429,
              48.5800644
            ],
            [
              135.0949131,
              48.5800848
            ],
            [
              135.0948913,
              48.5800876
            ],
            [
              135.0948561,
              48.5800827
            ],
            [
              135.0948305,
              48.5800773
            ],
            [
              135.0948099,
              48.5800767
            ],
            [
              135.0947851,
              48.5800834
            ],
            [
              135.094639,
              48.580202
            ],
            [
              135.0946175,
              48.580217
            ],
            [
              135.0945817,
              48.5802256
            ],
            [
              135.0945536,
              48.5802378
            ],
            [
              135.0945368,
              48.5802503
            ],
            [
              135.0945271,
              48.580266
            ],
            [
              135.0945217,
              48.5802813
            ],
            [
              135.0945231,
              48.5803093
            ],
            [
              135.0945324,
              48.5803266
            ],
            [
              135.0945499,
              48.5803532
            ],
            [
              135.0945615,
              48.5803771
            ],
            [
              135.0945732,
              48.5804178
            ],
            [
              135.0945697,
              48.5804393
            ],
            [
              135.0945047,
              48.5805623
            ],
            [
              135.0945016,
              48.5805745
            ],
            [
              135.0945415,
              48.5806638
            ],
            [
              135.0945579,
              48.5807835
            ],
            [
              135.0945449,
              48.5808882
            ],
            [
              135.094522,
              48.5809265
            ],
            [
              135.0944895,
              48.5809472
            ],
            [
              135.0944024,
              48.5809831
            ],
            [
              135.094338,
              48.5810102
            ],
            [
              135.0942924,
              48.5810403
            ],
            [
              135.0942817,
              48.5810665
            ],
            [
              135.094281,
              48.5811468
            ],
            [
              135.094275,
              48.5811712
            ],
            [
              135.0942653,
              48.5811901
            ],
            [
              135.0942557,
              48.5812007
            ],
            [
              135.0942368,
              48.5812094
            ],
            [
              135.0942137,
              48.5812167
            ],
            [
              135.0941907,
              48.581228
            ],
            [
              135.0941737,
              48.5812468
            ],
            [
              135.0941557,
              48.5812519
            ],
            [
              135.0941335,
              48.5812495
            ],
            [
              135.094045,
              48.5812315
            ],
            [
              135.0940235,
              48.5812311
            ],
            [
              135.0939944,
              48.5812343
            ],
            [
              135.093976,
              48.5812436
            ],
            [
              135.0939582,
              48.5812564
            ],
            [
              135.0939338,
              48.5812902
            ],
            [
              135.093923,
              48.5813034
            ],
            [
              135.0939022,
              48.5813174
            ],
            [
              135.0938767,
              48.5813281
            ],
            [
              135.0938037,
              48.5813292
            ],
            [
              135.0937824,
              48.5813315
            ],
            [
              135.0937547,
              48.5813366
            ],
            [
              135.0937249,
              48.5813391
            ],
            [
              135.0937063,
              48.5813372
            ],
            [
              135.0936587,
              48.5813278
            ],
            [
              135.0936393,
              48.5813265
            ],
            [
              135.0936242,
              48.5813308
            ],
            [
              135.0935988,
              48.5813399
            ],
            [
              135.0934919,
              48.5814009
            ],
            [
              135.0934232,
              48.581427
            ],
            [
              135.0933622,
              48.58146
            ],
            [
              135.0933383,
              48.5814754
            ],
            [
              135.0933134,
              48.5814887
            ],
            [
              135.0932195,
              48.5815208
            ],
            [
              135.093179,
              48.5815356
            ],
            [
              135.0931632,
              48.5815491
            ],
            [
              135.0931634,
              48.5815616
            ],
            [
              135.093179,
              48.5815945
            ],
            [
              135.0931789,
              48.5816119
            ],
            [
              135.0931709,
              48.5816267
            ],
            [
              135.0930772,
              48.581703
            ],
            [
              135.0930539,
              48.5817088
            ],
            [
              135.0930137,
              48.5817079
            ],
            [
              135.0929871,
              48.5817106
            ],
            [
              135.0929702,
              48.5817226
            ],
            [
              135.0929472,
              48.5817458
            ],
            [
              135.092935,
              48.581766
            ],
            [
              135.0929216,
              48.5817794
            ],
            [
              135.092877,
              48.5817969
            ],
            [
              135.0925353,
              48.5820498
            ],
            [
              135.0924564,
              48.5820976
            ],
            [
              135.0924075,
              48.5821059
            ],
            [
              135.0923605,
              48.5820966
            ],
            [
              135.0923367,
              48.5820875
            ],
            [
              135.0922764,
              48.5820673
            ],
            [
              135.0922519,
              48.5820615
            ],
            [
              135.0922177,
              48.5820546
            ],
            [
              135.0921848,
              48.5820513
            ],
            [
              135.0921332,
              48.5820415
            ],
            [
              135.0921064,
              48.5820287
            ],
            [
              135.0920585,
              48.582002
            ],
            [
              135.0920306,
              48.5819927
            ],
            [
              135.0919676,
              48.5819959
            ],
            [
              135.0918556,
              48.5820132
            ],
            [
              135.0917631,
              48.582042
            ],
            [
              135.0917195,
              48.5820637
            ],
            [
              135.0917074,
              48.5820748
            ],
            [
              135.0916972,
              48.5820895
            ],
            [
              135.091703,
              48.5821028
            ],
            [
              135.0917098,
              48.5821139
            ],
            [
              135.0917212,
              48.5821256
            ],
            [
              135.0917875,
              48.5821595
            ],
            [
              135.0918097,
              48.5821742
            ],
            [
              135.0918154,
              48.5821851
            ],
            [
              135.0918174,
              48.5821997
            ],
            [
              135.091814,
              48.5822148
            ],
            [
              135.0918036,
              48.5822296
            ],
            [
              135.0917802,
              48.5822414
            ],
            [
              135.0917503,
              48.582252
            ],
            [
              135.0916826,
              48.5822485
            ],
            [
              135.0916571,
              48.5822454
            ],
            [
              135.091642,
              48.5822352
            ],
            [
              135.0916306,
              48.5822232
            ],
            [
              135.0916112,
              48.5822012
            ],
            [
              135.0915941,
              48.5821868
            ],
            [
              135.0915679,
              48.5821773
            ],
            [
              135.0915437,
              48.5821716
            ],
            [
              135.0915178,
              48.582169
            ],
            [
              135.0914778,
              48.5821672
            ],
            [
              135.0914459,
              48.5821691
            ],
            [
              135.0914016,
              48.5821726
            ],
            [
              135.0913484,
              48.5821908
            ],
            [
              135.0913123,
              48.5822082
            ],
            [
              135.091231,
              48.5822684
            ],
            [
              135.0912033,
              48.582283
            ],
            [
              135.0911763,
              48.5822937
            ],
            [
              135.0911311,
              48.5823066
            ],
            [
              135.0911052,
              48.5823132
            ],
            [
              135.0910124,
              48.5823281
            ],
            [
              135.0909075,
              48.5823509
            ],
            [
              135.0908645,
              48.5823614
            ],
            [
              135.0908085,
              48.5823782
            ],
            [
              135.0907871,
              48.5823845
            ],
            [
              135.0907561,
              48.5823978
            ],
            [
              135.0907259,
              48.5824124
            ],
            [
              135.0907103,
              48.582431
            ],
            [
              135.0907006,
              48.5824466
            ],
            [
              135.0906909,
              48.5824784
            ],
            [
              135.0906822,
              48.5824974
            ],
            [
              135.0906449,
              48.5825347
            ],
            [
              135.0906042,
              48.5825641
            ],
            [
              135.090326,
              48.5827149
            ],
            [
              135.0900921,
              48.5828118
            ],
            [
              135.0898354,
              48.5829053
            ],
            [
              135.089715,
              48.5829482
            ],
            [
              135.0896629,
              48.5829727
            ],
            [
              135.0896324,
              48.5830004
            ],
            [
              135.089626,
              48.5830148
            ],
            [
              135.089621,
              48.5830312
            ],
            [
              135.089627,
              48.583051
            ],
            [
              135.0896388,
              48.5830734
            ],
            [
              135.089657,
              48.5830911
            ],
            [
              135.0897467,
              48.5831607
            ],
            [
              135.0897997,
              48.5831942
            ],
            [
              135.0898134,
              48.5832075
            ],
            [
              135.0898144,
              48.5832211
            ],
            [
              135.0898128,
              48.583233
            ],
            [
              135.0898051,
              48.5832459
            ],
            [
              135.0897843,
              48.5832623
            ],
            [
              135.0896588,
              48.5833103
            ],
            [
              135.0895965,
              48.5833231
            ],
            [
              135.0895194,
              48.5833235
            ],
            [
              135.0894262,
              48.5833293
            ],
            [
              135.0892465,
              48.5833612
            ],
            [
              135.0892079,
              48.5833626
            ],
            [
              135.0891812,
              48.5833566
            ],
            [
              135.0890695,
              48.5833209
            ],
            [
              135.0890051,
              48.5833036
            ],
            [
              135.0889447,
              48.5832894
            ],
            [
              135.0888968,
              48.5832845
            ],
            [
              135.0888349,
              48.5832834
            ],
            [
              135.0887831,
              48.583296
            ],
            [
              135.088757,
              48.5833089
            ],
            [
              135.0887496,
              48.5833195
            ],
            [
              135.0887516,
              48.5833284
            ],
            [
              135.0887858,
              48.5833586
            ],
            [
              135.0887885,
              48.5833701
            ],
            [
              135.0887861,
              48.5833895
            ],
            [
              135.0887677,
              48.5834084
            ],
            [
              135.0887147,
              48.5834411
            ],
            [
              135.0886812,
              48.5834548
            ],
            [
              135.088643,
              48.5834637
            ],
            [
              135.0886182,
              48.583465
            ],
            [
              135.088596,
              48.5834571
            ],
            [
              135.088557,
              48.5834287
            ],
            [
              135.0885344,
              48.5834118
            ],
            [
              135.0885122,
              48.5834007
            ],
            [
              135.0884861,
              48.5833941
            ],
            [
              135.0884331,
              48.5833954
            ],
            [
              135.088379,
              48.58341
            ],
            [
              135.0883233,
              48.5834349
            ],
            [
              135.0882742,
              48.5834597
            ],
            [
              135.0882172,
              48.5834868
            ],
            [
              135.0881837,
              48.5834974
            ],
            [
              135.0881504,
              48.5835048
            ],
            [
              135.0880951,
              48.5834974
            ],
            [
              135.0880408,
              48.5834863
            ],
            [
              135.0879904,
              48.5834841
            ],
            [
              135.0879255,
              48.5834877
            ],
            [
              135.0878759,
              48.5834961
            ],
            [
              135.0877914,
              48.58352
            ],
            [
              135.0876848,
              48.5835675
            ],
            [
              135.0876,
              48.5836183
            ],
            [
              135.0874962,
              48.5836963
            ],
            [
              135.0874514,
              48.5837324
            ],
            [
              135.0874071,
              48.5837609
            ],
            [
              135.087354,
              48.5837868
            ],
            [
              135.0872779,
              48.5838178
            ],
            [
              135.08722,
              48.5838367
            ],
            [
              135.087029,
              48.5838743
            ],
            [
              135.0869226,
              48.5838824
            ],
            [
              135.0868795,
              48.5838892
            ],
            [
              135.0868175,
              48.5839034
            ],
            [
              135.0866693,
              48.583954
            ],
            [
              135.0866316,
              48.5839626
            ],
            [
              135.0865971,
              48.5839659
            ],
            [
              135.0865596,
              48.5839627
            ],
            [
              135.0865307,
              48.5839574
            ],
            [
              135.0864898,
              48.5839379
            ],
            [
              135.086457,
              48.5839197
            ],
            [
              135.0864067,
              48.5839029
            ],
            [
              135.0863725,
              48.5838967
            ],
            [
              135.0863443,
              48.5838958
            ],
            [
              135.086296,
              48.5838916
            ],
            [
              135.0862424,
              48.5838767
            ],
            [
              135.0862216,
              48.5838736
            ],
            [
              135.0861955,
              48.5838767
            ],
            [
              135.0861693,
              48.5838873
            ],
            [
              135.0861452,
              48.5839006
            ],
            [
              135.0860721,
              48.5839588
            ],
            [
              135.0860352,
              48.5839743
            ],
            [
              135.0860151,
              48.58398
            ],
            [
              135.085995,
              48.5839823
            ],
            [
              135.0859648,
              48.5839809
            ],
            [
              135.0859205,
              48.583965
            ],
            [
              135.0858816,
              48.5839534
            ],
            [
              135.0858475,
              48.5839499
            ],
            [
              135.0858192,
              48.5839533
            ],
            [
              135.0857886,
              48.5839595
            ],
            [
              135.0857548,
              48.5839588
            ],
            [
              135.085712,
              48.5839557
            ],
            [
              135.0856825,
              48.5839601
            ],
            [
              135.0856624,
              48.5839703
            ],
            [
              135.0856416,
              48.5839911
            ],
            [
              135.0856248,
              48.5840253
            ],
            [
              135.0856094,
              48.5841136
            ],
            [
              135.0856101,
              48.5841854
            ],
            [
              135.0856097,
              48.5842545
            ],
            [
              135.0855954,
              48.5842726
            ],
            [
              135.0855098,
              48.5842948
            ],
            [
              135.0854626,
              48.584362
            ],
            [
              135.0853868,
              48.5844054
            ],
            [
              135.0852996,
              48.5844476
            ],
            [
              135.0852453,
              48.5844658
            ],
            [
              135.0851843,
              48.5844702
            ],
            [
              135.0851461,
              48.5844617
            ],
            [
              135.0850927,
              48.5844427
            ],
            [
              135.0850661,
              48.5844436
            ],
            [
              135.0850403,
              48.5844495
            ],
            [
              135.0850002,
              48.5844556
            ],
            [
              135.0849432,
              48.5844527
            ],
            [
              135.0848966,
              48.5844596
            ],
            [
              135.0845044,
              48.5845862
            ],
            [
              135.0842696,
              48.584617
            ],
            [
              135.0841768,
              48.5846846
            ],
            [
              135.0840253,
              48.5847385
            ],
            [
              135.0835675,
              48.5845606
            ],
            [
              135.0826186,
              48.5847491
            ],
            [
              135.0807056,
              48.5848863
            ],
            [
              135.0794454,
              48.5847439
            ],
            [
              135.0761363,
              48.585438
            ],
            [
              135.0756258,
              48.5853659
            ],
            [
              135.0754009,
              48.5851919
            ],
            [
              135.075185,
              48.5849275
            ],
            [
              135.0750393,
              48.5847922
            ],
            [
              135.0735435,
              48.5854864
            ],
            [
              135.0728032,
              48.5858324
            ],
            [
              135.0721164,
              48.58617
            ],
            [
              135.0720897,
              48.5877344
            ],
            [
              135.0720642,
              48.58926
            ],
            [
              135.0724202,
              48.5899196
            ],
            [
              135.0724766,
              48.5899796
            ],
            [
              135.0725502,
              48.5900797
            ],
            [
              135.0725672,
              48.5901428
            ],
            [
              135.0725712,
              48.5902023
            ],
            [
              135.0725497,
              48.5903132
            ],
            [
              135.0724961,
              48.5904356
            ],
            [
              135.0723566,
              48.5906494
            ],
            [
              135.0721596,
              48.5909833
            ],
            [
              135.0720374,
              48.5911958
            ],
            [
              135.0719703,
              48.5913222
            ],
            [
              135.0719001,
              48.5914276
            ],
            [
              135.0718144,
              48.5915187
            ],
            [
              135.0717142,
              48.5915994
            ],
            [
              135.0716532,
              48.5916428
            ],
            [
              135.0715286,
              48.5917074
            ],
            [
              135.0714712,
              48.5917321
            ],
            [
              135.0714473,
              48.59174
            ],
            [
              135.0714896,
              48.5918167
            ],
            [
              135.0716062,
              48.591868
            ],
            [
              135.0718926,
              48.5921156
            ],
            [
              135.0723932,
              48.5925611
            ],
            [
              135.0726138,
              48.5927921
            ],
            [
              135.0729923,
              48.59316
            ],
            [
              135.07347,
              48.5936019
            ],
            [
              135.0741728,
              48.5942523
            ],
            [
              135.0742524,
              48.5943762
            ],
            [
              135.0743649,
              48.5944191
            ],
            [
              135.0749261,
              48.5944697
            ],
            [
              135.0747377,
              48.5941101
            ],
            [
              135.0742348,
              48.5934772
            ],
            [
              135.0745086,
              48.5935212
            ],
            [
              135.0749275,
              48.5936156
            ],
            [
              135.0755055,
              48.5937406
            ],
            [
              135.076101,
              48.5938648
            ],
            [
              135.0762981,
              48.594719
            ],
            [
              135.0764999,
              48.5955792
            ],
            [
              135.076743,
              48.5965936
            ],
            [
              135.0768057,
              48.5966437
            ],
            [
              135.0763055,
              48.5967306
            ],
            [
              135.0762787,
              48.5966601
            ],
            [
              135.0760618,
              48.5962602
            ],
            [
              135.0758221,
              48.5963406
            ],
            [
              135.0757431,
              48.596354
            ],
            [
              135.0756383,
              48.5963647
            ],
            [
              135.0752836,
              48.5963634
            ],
            [
              135.0749966,
              48.5963656
            ],
            [
              135.0746856,
              48.5963707
            ],
            [
              135.0743703,
              48.5963386
            ],
            [
              135.0740981,
              48.5963049
            ],
            [
              135.0739153,
              48.5963099
            ],
            [
              135.073744,
              48.596339
            ],
            [
              135.0735804,
              48.5963714
            ],
            [
              135.0732309,
              48.5964684
            ],
            [
              135.0730037,
              48.5964956
            ],
            [
              135.0727911,
              48.5965151
            ],
            [
              135.0724331,
              48.5965204
            ],
            [
              135.0718121,
              48.5965293
            ],
            [
              135.0706147,
              48.5965313
            ],
            [
              135.0696827,
              48.5964432
            ],
            [
              135.0692761,
              48.5964539
            ],
            [
              135.0688134,
              48.5964762
            ],
            [
              135.068322,
              48.5964523
            ],
            [
              135.0679444,
              48.5963859
            ],
            [
              135.0673449,
              48.5961355
            ],
            [
              135.0668926,
              48.5959366
            ],
            [
              135.0666361,
              48.5958095
            ],
            [
              135.0663236,
              48.5956305
            ],
            [
              135.0660152,
              48.5954392
            ],
            [
              135.0656229,
              48.5952308
            ],
            [
              135.0654958,
              48.5951559
            ],
            [
              135.0653106,
              48.5950424
            ],
            [
              135.0651415,
              48.5948973
            ],
            [
              135.0650442,
              48.594778
            ],
            [
              135.0649765,
              48.5947048
            ],
            [
              135.0649054,
              48.5946321
            ],
            [
              135.0648136,
              48.5945598
            ],
            [
              135.0647117,
              48.5944784
            ],
            [
              135.0642553,
              48.5941772
            ],
            [
              135.0639911,
              48.593964
            ],
            [
              135.0638165,
              48.5937761
            ],
            [
              135.0636502,
              48.5935677
            ],
            [
              135.0634851,
              48.5933235
            ],
            [
              135.0633947,
              48.5931437
            ],
            [
              135.0633337,
              48.5929317
            ],
            [
              135.0633283,
              48.592772
            ],
            [
              135.0632756,
              48.5926408
            ],
            [
              135.0618856,
              48.5923303
            ],
            [
              135.0614357,
              48.5922378
            ],
            [
              135.0608205,
              48.5920889
            ],
            [
              135.0605201,
              48.5919049
            ],
            [
              135.0604731,
              48.5923205
            ],
            [
              135.0604291,
              48.5926966
            ],
            [
              135.060361,
              48.5926899
            ],
            [
              135.0600184,
              48.5926562
            ],
            [
              135.0588664,
              48.5926993
            ],
            [
              135.0574032,
              48.592755
            ],
            [
              135.0572256,
              48.5929846
            ],
            [
              135.0567507,
              48.5936038
            ],
            [
              135.0564824,
              48.5939526
            ],
            [
              135.0550833,
              48.5947615
            ],
            [
              135.0534806,
              48.5949611
            ],
            [
              135.0519303,
              48.5951563
            ],
            [
              135.0497063,
              48.5954337
            ],
            [
              135.0482623,
              48.5954383
            ],
            [
              135.0467898,
              48.5954448
            ],
            [
              135.0462238,
              48.5954765
            ],
            [
              135.045689,
              48.5955006
            ],
            [
              135.0373954,
              48.6030133
            ],
            [
              135.0373506,
              48.6029023
            ],
            [
              135.0373152,
              48.6028417
            ],
            [
              135.037292,
              48.6027638
            ],
            [
              135.0372771,
              48.6027153
            ],
            [
              135.0372568,
              48.6026729
            ],
            [
              135.0372306,
              48.6026294
            ],
            [
              135.037184,
              48.6025639
            ],
            [
              135.0371509,
              48.6025211
            ],
            [
              135.037066,
              48.6024067
            ],
            [
              135.0370299,
              48.6023584
            ],
            [
              135.0370064,
              48.6023234
            ],
            [
              135.0369667,
              48.6022691
            ],
            [
              135.0369441,
              48.6022382
            ],
            [
              135.0369096,
              48.6021929
            ],
            [
              135.0368824,
              48.6021561
            ],
            [
              135.0368242,
              48.6020904
            ],
            [
              135.036796,
              48.6020546
            ],
            [
              135.0367457,
              48.6019837
            ],
            [
              135.0367168,
              48.6019563
            ],
            [
              135.0366705,
              48.6019086
            ],
            [
              135.0366025,
              48.6018328
            ],
            [
              135.0365731,
              48.6017915
            ],
            [
              135.0365425,
              48.6017484
            ],
            [
              135.0365216,
              48.6017188
            ],
            [
              135.0364625,
              48.6016328
            ],
            [
              135.036419,
              48.6015658
            ],
            [
              135.0363712,
              48.6015014
            ],
            [
              135.0363221,
              48.6014179
            ],
            [
              135.0362881,
              48.6013684
            ],
            [
              135.0361441,
              48.6012046
            ],
            [
              135.0360542,
              48.6010551
            ],
            [
              135.0359101,
              48.6008364
            ],
            [
              135.0357647,
              48.6005988
            ],
            [
              135.0357517,
              48.6005664
            ],
            [
              135.0356482,
              48.6003708
            ],
            [
              135.0356244,
              48.6003384
            ],
            [
              135.0355984,
              48.6002838
            ],
            [
              135.035495,
              48.6000095
            ],
            [
              135.0354642,
              48.5999093
            ],
            [
              135.0353776,
              48.5997819
            ],
            [
              135.0353195,
              48.5996746
            ],
            [
              135.0352979,
              48.5996277
            ],
            [
              135.0352798,
              48.5995807
            ],
            [
              135.0352515,
              48.5994879
            ],
            [
              135.0351816,
              48.5993088
            ],
            [
              135.0351475,
              48.5992663
            ],
            [
              135.0351215,
              48.5992375
            ],
            [
              135.0350924,
              48.5992131
            ],
            [
              135.0350848,
              48.5992045
            ],
            [
              135.0350765,
              48.5991863
            ],
            [
              135.0350264,
              48.5990831
            ],
            [
              135.0349576,
              48.5989336
            ],
            [
              135.0348687,
              48.5987662
            ],
            [
              135.0347427,
              48.59854
            ],
            [
              135.0346937,
              48.5984588
            ],
            [
              135.0346772,
              48.5984396
            ],
            [
              135.0346619,
              48.5984279
            ],
            [
              135.0346414,
              48.5984184
            ],
            [
              135.0346197,
              48.5984115
            ],
            [
              135.0346008,
              48.5984011
            ],
            [
              135.0345833,
              48.5983776
            ],
            [
              135.0345705,
              48.5983533
            ],
            [
              135.0345468,
              48.5982943
            ],
            [
              135.0345207,
              48.5981803
            ],
            [
              135.034508,
              48.5981133
            ],
            [
              135.0344624,
              48.5979337
            ],
            [
              135.0344563,
              48.5978765
            ],
            [
              135.034453,
              48.5978189
            ],
            [
              135.0344462,
              48.5977913
            ],
            [
              135.0344225,
              48.5977399
            ],
            [
              135.0344034,
              48.5976921
            ],
            [
              135.0343869,
              48.5976416
            ],
            [
              135.034374,
              48.5975843
            ],
            [
              135.0343633,
              48.597505
            ],
            [
              135.0343531,
              48.5973841
            ],
            [
              135.0343457,
              48.5973405
            ],
            [
              135.0343379,
              48.5973042
            ],
            [
              135.0343312,
              48.5972567
            ],
            [
              135.0343308,
              48.5972197
            ],
            [
              135.03433,
              48.597062
            ],
            [
              135.0343265,
              48.597016
            ],
            [
              135.0343013,
              48.596905
            ],
            [
              135.0342799,
              48.5968405
            ],
            [
              135.0342672,
              48.5967484
            ],
            [
              135.0342567,
              48.5966356
            ],
            [
              135.0342009,
              48.596432
            ],
            [
              135.0341901,
              48.5963519
            ],
            [
              135.0341827,
              48.5962778
            ],
            [
              135.0341793,
              48.5962522
            ],
            [
              135.0341716,
              48.5962293
            ],
            [
              135.03416,
              48.5961997
            ],
            [
              135.0341056,
              48.5961257
            ],
            [
              135.0340976,
              48.5961102
            ],
            [
              135.0340909,
              48.5960889
            ],
            [
              135.0340875,
              48.5960552
            ],
            [
              135.0340852,
              48.595992
            ],
            [
              135.0340756,
              48.5959161
            ],
            [
              135.0340705,
              48.5958872
            ],
            [
              135.03406,
              48.5958676
            ],
            [
              135.0340532,
              48.5958586
            ],
            [
              135.0340426,
              48.5958494
            ],
            [
              135.0340258,
              48.5958401
            ],
            [
              135.0340004,
              48.5958321
            ],
            [
              135.0339365,
              48.5958109
            ],
            [
              135.0338414,
              48.5957554
            ],
            [
              135.0337771,
              48.5957111
            ],
            [
              135.0337536,
              48.5956884
            ],
            [
              135.0337092,
              48.5956336
            ],
            [
              135.0336899,
              48.5956046
            ],
            [
              135.0336483,
              48.5954955
            ],
            [
              135.033597,
              48.5953636
            ],
            [
              135.0336007,
              48.5953055
            ],
            [
              135.0335154,
              48.595177
            ],
            [
              135.0334449,
              48.5950669
            ],
            [
              135.0332944,
              48.5948043
            ],
            [
              135.0331716,
              48.594592
            ],
            [
              135.033138,
              48.5945425
            ],
            [
              135.0330967,
              48.5944874
            ],
            [
              135.0328986,
              48.5942125
            ],
            [
              135.0328805,
              48.5941349
            ],
            [
              135.0328564,
              48.5940528
            ],
            [
              135.0327399,
              48.5937653
            ],
            [
              135.0325872,
              48.5934871
            ],
            [
              135.032557,
              48.5934619
            ],
            [
              135.0325505,
              48.593426
            ],
            [
              135.0325287,
              48.5934014
            ],
            [
              135.0325063,
              48.5933204
            ],
            [
              135.0324814,
              48.5932725
            ],
            [
              135.0324355,
              48.5932308
            ],
            [
              135.0324225,
              48.5931847
            ],
            [
              135.0323788,
              48.5931649
            ],
            [
              135.0323524,
              48.5931414
            ],
            [
              135.0323548,
              48.5930477
            ],
            [
              135.0323376,
              48.5930186
            ],
            [
              135.0323403,
              48.5929743
            ],
            [
              135.0322996,
              48.5929117
            ],
            [
              135.0322862,
              48.592876
            ],
            [
              135.0322964,
              48.5928246
            ],
            [
              135.0322717,
              48.5927822
            ],
            [
              135.0321422,
              48.5921972
            ],
            [
              135.0321127,
              48.5919408
            ],
            [
              135.0320148,
              48.5919506
            ],
            [
              135.0319411,
              48.5919338
            ],
            [
              135.0319277,
              48.591838
            ],
            [
              135.0320028,
              48.5918025
            ],
            [
              135.0320269,
              48.5913617
            ],
            [
              135.0320806,
              48.5909953
            ],
            [
              135.0319853,
              48.5909935
            ],
            [
              135.031984,
              48.5908747
            ],
            [
              135.0320712,
              48.5908631
            ],
            [
              135.0320658,
              48.5904578
            ],
            [
              135.0320296,
              48.5902413
            ],
            [
              135.031862,
              48.5897267
            ],
            [
              135.0317936,
              48.5897321
            ],
            [
              135.0317533,
              48.5896541
            ],
            [
              135.0318298,
              48.589637
            ],
            [
              135.0318004,
              48.5895607
            ],
            [
              135.0317359,
              48.5895689
            ],
            [
              135.0317165,
              48.5895086
            ],
            [
              135.0317771,
              48.5894955
            ],
            [
              135.0317132,
              48.5893453
            ],
            [
              135.0316546,
              48.5893493
            ],
            [
              135.0316329,
              48.5893013
            ],
            [
              135.0316178,
              48.5892913
            ],
            [
              135.0316031,
              48.5892762
            ],
            [
              135.031573,
              48.589179
            ],
            [
              135.0315401,
              48.5890695
            ],
            [
              135.0315353,
              48.5889631
            ],
            [
              135.0308273,
              48.5888016
            ],
            [
              135.0297733,
              48.5886275
            ],
            [
              135.0278242,
              48.588305
            ],
            [
              135.025685,
              48.5879505
            ],
            [
              135.0233807,
              48.587568
            ],
            [
              135.0198452,
              48.586985
            ],
            [
              135.0168263,
              48.586492
            ],
            [
              135.0142354,
              48.5860697
            ],
            [
              135.0111855,
              48.5855732
            ],
            [
              135.0091423,
              48.5852397
            ],
            [
              135.0068695,
              48.5848679
            ],
            [
              135.0029369,
              48.5842336
            ],
            [
              134.9998758,
              48.5837405
            ],
            [
              134.9964588,
              48.5831939
            ],
            [
              134.9930423,
              48.582644
            ],
            [
              134.9913346,
              48.5822788
            ],
            [
              134.9904146,
              48.5819634
            ],
            [
              134.9892826,
              48.5813231
            ],
            [
              134.9880993,
              48.5807766
            ],
            [
              134.9869859,
              48.5803266
            ],
            [
              134.9858916,
              48.5798723
            ],
            [
              134.9847972,
              48.5793648
            ],
            [
              134.9838384,
              48.5789464
            ],
            [
              134.9831612,
              48.5786301
            ],
            [
              134.9822132,
              48.5779796
            ],
            [
              134.9814524,
              48.5772868
            ],
            [
              134.9805541,
              48.5766783
            ],
            [
              134.9803613,
              48.5765601
            ],
            [
              134.9803501,
              48.5761369
            ],
            [
              134.9802928,
              48.5752654
            ],
            [
              134.9802787,
              48.5749853
            ],
            [
              134.9801442,
              48.5741884
            ],
            [
              134.980042,
              48.5735655
            ],
            [
              134.9798727,
              48.5725609
            ],
            [
              134.9796735,
              48.5717403
            ],
            [
              134.9790251,
              48.5690557
            ],
            [
              134.9789314,
              48.5679448
            ],
            [
              134.979237,
              48.5666649
            ],
            [
              134.9796113,
              48.5658303
            ],
            [
              134.9801356,
              48.5646662
            ],
            [
              134.9807043,
              48.5634222
            ],
            [
              134.9818484,
              48.5607649
            ],
            [
              134.9819543,
              48.5605045
            ],
            [
              134.9821036,
              48.5601404
            ],
            [
              134.9822047,
              48.5598778
            ],
            [
              134.9824194,
              48.559342
            ],
            [
              134.9825224,
              48.5591263
            ],
            [
              134.982643,
              48.5588831
            ],
            [
              134.9827968,
              48.5585703
            ],
            [
              134.9829603,
              48.5582332
            ],
            [
              134.9831278,
              48.5578965
            ],
            [
              134.9832879,
              48.5575676
            ],
            [
              134.983412,
              48.55732
            ],
            [
              134.983548,
              48.557049
            ],
            [
              134.9837964,
              48.5565424
            ],
            [
              134.9841017,
              48.5559221
            ],
            [
              134.984399,
              48.5553252
            ],
            [
              134.9845903,
              48.5549369
            ],
            [
              134.9848539,
              48.5544042
            ],
            [
              134.9851375,
              48.5538409
            ],
            [
              134.9854055,
              48.5533133
            ],
            [
              134.9855366,
              48.5530567
            ],
            [
              134.9857458,
              48.5526445
            ],
            [
              134.9858921,
              48.5523403
            ],
            [
              134.9860245,
              48.5520553
            ],
            [
              134.986605,
              48.5508334
            ],
            [
              134.9868411,
              48.549658
            ],
            [
              134.9868894,
              48.5485252
            ],
            [
              134.9869467,
              48.5472617
            ],
            [
              134.9869484,
              48.5451053
            ],
            [
              134.9869269,
              48.5445335
            ],
            [
              134.9868947,
              48.543493
            ],
            [
              134.9872633,
              48.5420359
            ],
            [
              134.9884714,
              48.5386934
            ],
            [
              134.9892013,
              48.5368468
            ],
            [
              134.9899905,
              48.535214
            ],
            [
              134.9906176,
              48.5339882
            ],
            [
              134.9914062,
              48.5324749
            ],
            [
              134.9915065,
              48.5322742
            ],
            [
              134.9919084,
              48.5312522
            ],
            [
              134.9922155,
              48.5304827
            ],
            [
              134.9923503,
              48.5301499
            ],
            [
              134.9926105,
              48.5293612
            ],
            [
              134.9927757,
              48.5288699
            ],
            [
              134.9928911,
              48.5269711
            ],
            [
              134.9922323,
              48.5256896
            ],
            [
              134.990745,
              48.5246984
            ],
            [
              134.9889781,
              48.5240739
            ],
            [
              134.9870557,
              48.5240038
            ],
            [
              134.984694,
              48.5242221
            ],
            [
              134.9836546,
              48.5239309
            ],
            [
              134.9834397,
              48.5236045
            ],
            [
              135.0294346,
              48.5173968
            ],
            [
              135.0307047,
              48.5173208
            ],
            [
              135.0320692,
              48.5164631
            ],
            [
              135.0342405,
              48.5173769
            ],
            [
              135.0380851,
              48.5186601
            ],
            [
              135.0376767,
              48.519874
            ],
            [
              135.0376766,
              48.5203241
            ],
            [
              135.0375024,
              48.5209625
            ],
            [
              135.0379606,
              48.5209526
            ],
            [
              135.0379606,
              48.5210549
            ],
            [
              135.0384835,
              48.5215628
            ],
            [
              135.039863,
              48.5219125
            ],
            [
              135.0448052,
              48.521832
            ],
            [
              135.0504513,
              48.5217125
            ],
            [
              135.0507377,
              48.5217743
            ]
          ]
        ]
      },
      "id": "relation/1785057"
    },
    {
      "type": "Feature",
      "properties": {
        "@id": "relation/1785058",
        "addr:city": "Хабаровск",
        "admin_level": "9",
        "boundary": "administrative",
        "name": "Центральный район",
        "source": "Росреестр",
        "type": "boundary",
        "wikidata": "Q4504361"
      },
      "geometry": {
        "type": "Polygon",
        "coordinates": [
          [
            [
              135.0703726,
              48.4929932
            ],
            [
              135.0700299,
              48.4923158
            ],
            [
              135.0700099,
              48.4922911
            ],
            [
              135.0699402,
              48.4922052
            ],
            [
              135.0698455,
              48.4920883
            ],
            [
              135.069356,
              48.4914847
            ],
            [
              135.0689276,
              48.4909558
            ],
            [
              135.0688383,
              48.4908457
            ],
            [
              135.0683276,
              48.4902157
            ],
            [
              135.0680223,
              48.489839
            ],
            [
              135.0679629,
              48.4897657
            ],
            [
              135.0679201,
              48.4897129
            ],
            [
              135.0670116,
              48.4885493
            ],
            [
              135.0669766,
              48.4885045
            ],
            [
              135.066964,
              48.4884884
            ],
            [
              135.0663662,
              48.4876639
            ],
            [
              135.0656949,
              48.4867379
            ],
            [
              135.0654129,
              48.4863489
            ],
            [
              135.0653063,
              48.4862018
            ],
            [
              135.0652646,
              48.4861389
            ],
            [
              135.06524,
              48.4861082
            ],
            [
              135.0651993,
              48.4860574
            ],
            [
              135.065177,
              48.4860294
            ],
            [
              135.0651428,
              48.4859763
            ],
            [
              135.0650925,
              48.4859069
            ],
            [
              135.0650748,
              48.4858824
            ],
            [
              135.0643284,
              48.4849018
            ],
            [
              135.0631669,
              48.4833759
            ],
            [
              135.0633263,
              48.4833035
            ],
            [
              135.0633954,
              48.4832138
            ],
            [
              135.0634808,
              48.4831029
            ],
            [
              135.062682,
              48.4820247
            ],
            [
              135.0626559,
              48.4819895
            ],
            [
              135.0615498,
              48.4809728
            ],
            [
              135.0605912,
              48.4798563
            ],
            [
              135.0592217,
              48.4789612
            ],
            [
              135.0579422,
              48.4782134
            ],
            [
              135.0577735,
              48.4781561
            ],
            [
              135.0576758,
              48.4780907
            ],
            [
              135.057664,
              48.4780325
            ],
            [
              135.0562047,
              48.4773799
            ],
            [
              135.0548432,
              48.4767699
            ],
            [
              135.0547371,
              48.476779
            ],
            [
              135.0546524,
              48.4768413
            ],
            [
              135.0545771,
              48.4768078
            ],
            [
              135.0544636,
              48.4767397
            ],
            [
              135.054554,
              48.4766289
            ],
            [
              135.0530358,
              48.4762065
            ],
            [
              135.0529674,
              48.4761875
            ],
            [
              135.0528956,
              48.4761693
            ],
            [
              135.0527788,
              48.4761398
            ],
            [
              135.0516077,
              48.4758438
            ],
            [
              135.0516452,
              48.4757888
            ],
            [
              135.0517665,
              48.4756112
            ],
            [
              135.0519309,
              48.4753705
            ],
            [
              135.0519491,
              48.4753438
            ],
            [
              135.0513265,
              48.4752148
            ],
            [
              135.0512369,
              48.4752974
            ],
            [
              135.0504581,
              48.4750579
            ],
            [
              135.0501096,
              48.4749508
            ],
            [
              135.0494667,
              48.4747125
            ],
            [
              135.0493877,
              48.474673
            ],
            [
              135.0483454,
              48.4741546
            ],
            [
              135.0482596,
              48.4741178
            ],
            [
              135.0352979,
              48.4719201
            ],
            [
              135.0276619,
              48.4706635
            ],
            [
              135.0245062,
              48.4703101
            ],
            [
              135.0214785,
              48.4708472
            ],
            [
              135.0201779,
              48.4712996
            ],
            [
              135.0110095,
              48.4751304
            ],
            [
              135.010313,
              48.4756087
            ],
            [
              135.0095592,
              48.4759385
            ],
            [
              135.0092275,
              48.4754188
            ],
            [
              135.0090617,
              48.4752589
            ],
            [
              135.0086546,
              48.4753288
            ],
            [
              135.0085641,
              48.4756087
            ],
            [
              135.0090952,
              48.4768141
            ],
            [
              135.0094537,
              48.4776276
            ],
            [
              135.0091387,
              48.4784878
            ],
            [
              135.0086475,
              48.4782612
            ],
            [
              135.0055392,
              48.4768274
            ],
            [
              135.0035549,
              48.4764002
            ],
            [
              135.0018668,
              48.4760367
            ],
            [
              134.9999429,
              48.4762851
            ],
            [
              134.9978321,
              48.4765577
            ],
            [
              134.9948931,
              48.4779854
            ],
            [
              134.9902721,
              48.4791015
            ],
            [
              134.9860096,
              48.478782
            ],
            [
              134.9821319,
              48.4778235
            ],
            [
              134.978207,
              48.4763665
            ],
            [
              134.975365,
              48.4779333
            ],
            [
              134.9736503,
              48.4800994
            ],
            [
              134.972856,
              48.4815664
            ],
            [
              134.9718984,
              48.4822037
            ],
            [
              134.9714441,
              48.4826637
            ],
            [
              134.9709009,
              48.4840478
            ],
            [
              134.969848,
              48.4855615
            ],
            [
              134.9686955,
              48.4871457
            ],
            [
              134.9681893,
              48.4882546
            ],
            [
              134.9680536,
              48.4888763
            ],
            [
              134.9675358,
              48.4893484
            ],
            [
              134.9664105,
              48.4900727
            ],
            [
              134.9649421,
              48.4905438
            ],
            [
              134.9631862,
              48.4910588
            ],
            [
              134.9629163,
              48.4912138
            ],
            [
              134.9623844,
              48.4915192
            ],
            [
              134.9617669,
              48.4921964
            ],
            [
              134.9614759,
              48.4927105
            ],
            [
              134.9613584,
              48.4932503
            ],
            [
              134.9611759,
              48.4935219
            ],
            [
              134.9602467,
              48.4941304
            ],
            [
              134.9594552,
              48.4946154
            ],
            [
              134.9589763,
              48.4948009
            ],
            [
              134.9587855,
              48.4949268
            ],
            [
              134.9586798,
              48.4952694
            ],
            [
              134.9584853,
              48.4954819
            ],
            [
              134.9581472,
              48.4956794
            ],
            [
              134.957642,
              48.4958636
            ],
            [
              134.9574305,
              48.4959957
            ],
            [
              134.957137,
              48.4961829
            ],
            [
              134.9567011,
              48.4962728
            ],
            [
              134.95601,
              48.4963114
            ],
            [
              134.9556844,
              48.4963748
            ],
            [
              134.955506,
              48.4965169
            ],
            [
              134.9553814,
              48.4967169
            ],
            [
              134.9551331,
              48.4969122
            ],
            [
              134.9548358,
              48.496983
            ],
            [
              134.9544565,
              48.4969664
            ],
            [
              134.9541777,
              48.4970189
            ],
            [
              134.9538999,
              48.4972178
            ],
            [
              134.9537725,
              48.4974564
            ],
            [
              134.9536451,
              48.497827
            ],
            [
              134.9534873,
              48.498139
            ],
            [
              134.953227,
              48.4984436
            ],
            [
              134.9528365,
              48.4988216
            ],
            [
              134.9525513,
              48.4989078
            ],
            [
              134.9523827,
              48.4991152
            ],
            [
              134.9522883,
              48.4993904
            ],
            [
              134.9521138,
              48.4995299
            ],
            [
              134.9517483,
              48.4996895
            ],
            [
              134.9515147,
              48.4999493
            ],
            [
              134.951524,
              48.5003005
            ],
            [
              134.9516431,
              48.5005959
            ],
            [
              134.9516269,
              48.500781
            ],
            [
              134.9513843,
              48.5009796
            ],
            [
              134.9508254,
              48.5014237
            ],
            [
              134.950928,
              48.5016367
            ],
            [
              134.9507964,
              48.501999
            ],
            [
              134.9508875,
              48.5022943
            ],
            [
              134.9511508,
              48.5026969
            ],
            [
              134.9512116,
              48.5033142
            ],
            [
              134.9509888,
              48.5037234
            ],
            [
              134.950928,
              48.5040589
            ],
            [
              134.9507457,
              48.5043877
            ],
            [
              134.9505837,
              48.5047232
            ],
            [
              134.950128,
              48.5050519
            ],
            [
              134.9498445,
              48.5052666
            ],
            [
              134.9491052,
              48.5054746
            ],
            [
              134.9488014,
              48.5056289
            ],
            [
              134.948285,
              48.5055753
            ],
            [
              134.9479305,
              48.5056491
            ],
            [
              134.947728,
              48.5058034
            ],
            [
              134.9472419,
              48.5059242
            ],
            [
              134.9468267,
              48.5058302
            ],
            [
              134.9465837,
              48.5059107
            ],
            [
              134.9465951,
              48.506117
            ],
            [
              134.946443,
              48.5063169
            ],
            [
              134.9379989,
              48.5060902
            ],
            [
              134.9380425,
              48.5058738
            ],
            [
              134.9380901,
              48.5056374
            ],
            [
              134.9380671,
              48.5049233
            ],
            [
              134.9379337,
              48.5044054
            ],
            [
              134.9377843,
              48.5041545
            ],
            [
              134.9368862,
              48.503444
            ],
            [
              134.9357272,
              48.5027839
            ],
            [
              134.9326678,
              48.5013679
            ],
            [
              134.9313167,
              48.5007466
            ],
            [
              134.9300158,
              48.5001523
            ],
            [
              134.9288872,
              48.4995386
            ],
            [
              134.927929,
              48.4990138
            ],
            [
              134.9264599,
              48.4981126
            ],
            [
              134.9251689,
              48.4972147
            ],
            [
              134.924962,
              48.497039
            ],
            [
              134.9244023,
              48.4965551
            ],
            [
              134.9241141,
              48.4963058
            ],
            [
              134.9239444,
              48.4961663
            ],
            [
              134.9235184,
              48.4958254
            ],
            [
              134.9231253,
              48.4955124
            ],
            [
              134.9229715,
              48.4953883
            ],
            [
              134.9227063,
              48.4951099
            ],
            [
              134.9224328,
              48.4948237
            ],
            [
              134.9219252,
              48.4942869
            ],
            [
              134.9215908,
              48.4938435
            ],
            [
              134.9212099,
              48.4933345
            ],
            [
              134.921196,
              48.4933144
            ],
            [
              134.9211591,
              48.4932524
            ],
            [
              134.920886,
              48.4928234
            ],
            [
              134.9206115,
              48.4923895
            ],
            [
              134.9201183,
              48.491368
            ],
            [
              134.9199242,
              48.4908003
            ],
            [
              134.9196067,
              48.4898552
            ],
            [
              134.919083,
              48.4880455
            ],
            [
              134.9189183,
              48.4873527
            ],
            [
              134.918688,
              48.4863554
            ],
            [
              134.9184769,
              48.4854509
            ],
            [
              134.9180946,
              48.4841232
            ],
            [
              134.9177078,
              48.4832031
            ],
            [
              134.9172726,
              48.4824766
            ],
            [
              134.9164509,
              48.4813806
            ],
            [
              134.9156546,
              48.480613
            ],
            [
              134.9141961,
              48.4793261
            ],
            [
              134.9127754,
              48.4783481
            ],
            [
              134.9118352,
              48.4775702
            ],
            [
              134.9111226,
              48.4768396
            ],
            [
              134.9105697,
              48.4760664
            ],
            [
              134.9102989,
              48.4751245
            ],
            [
              134.9102406,
              48.4737263
            ],
            [
              134.909969,
              48.4726705
            ],
            [
              134.9094754,
              48.4715289
            ],
            [
              134.9083807,
              48.4699569
            ],
            [
              134.9082013,
              48.4697399
            ],
            [
              134.9078286,
              48.4692989
            ],
            [
              134.9068697,
              48.4681438
            ],
            [
              134.9065797,
              48.4677944
            ],
            [
              134.9063301,
              48.4675175
            ],
            [
              134.9061522,
              48.4673231
            ],
            [
              134.9059778,
              48.4671399
            ],
            [
              134.905758,
              48.466898
            ],
            [
              134.9048537,
              48.4661513
            ],
            [
              134.9038267,
              48.4653543
            ],
            [
              134.9036714,
              48.4651788
            ],
            [
              134.9030083,
              48.4644397
            ],
            [
              134.902594,
              48.4638066
            ],
            [
              134.9023267,
              48.4634071
            ],
            [
              134.9022737,
              48.463325
            ],
            [
              134.9020565,
              48.4630422
            ],
            [
              134.9015281,
              48.4623503
            ],
            [
              134.9011968,
              48.4617266
            ],
            [
              134.9010188,
              48.4610984
            ],
            [
              134.9011311,
              48.4601786
            ],
            [
              134.9011713,
              48.4599367
            ],
            [
              134.9013886,
              48.4588229
            ],
            [
              134.9016917,
              48.457089
            ],
            [
              134.9018631,
              48.4556284
            ],
            [
              134.9019147,
              48.4544012
            ],
            [
              134.9019006,
              48.4530797
            ],
            [
              134.9013497,
              48.4509191
            ],
            [
              134.9235655,
              48.4553851
            ],
            [
              134.9681435,
              48.4508347
            ],
            [
              134.9767543,
              48.4488073
            ],
            [
              135.0020228,
              48.4428575
            ],
            [
              135.0252947,
              48.4438783
            ],
            [
              135.0767595,
              48.4623681
            ],
            [
              135.0764751,
              48.4626687
            ],
            [
              135.0771837,
              48.4629385
            ],
            [
              135.0772767,
              48.465003
            ],
            [
              135.0772407,
              48.4651013
            ],
            [
              135.0774305,
              48.4654861
            ],
            [
              135.0774426,
              48.4669084
            ],
            [
              135.077379,
              48.467062
            ],
            [
              135.0747188,
              48.4690466
            ],
            [
              135.0758755,
              48.4697682
            ],
            [
              135.0758166,
              48.4698165
            ],
            [
              135.0861717,
              48.4762739
            ],
            [
              135.087596,
              48.4752627
            ],
            [
              135.0901445,
              48.473356
            ],
            [
              135.0902978,
              48.4732313
            ],
            [
              135.0919948,
              48.4721397
            ],
            [
              135.0923237,
              48.4715054
            ],
            [
              135.0924214,
              48.4714229
            ],
            [
              135.0927609,
              48.4712348
            ],
            [
              135.0934351,
              48.4709485
            ],
            [
              135.0948005,
              48.4702765
            ],
            [
              135.0948755,
              48.4701878
            ],
            [
              135.094963,
              48.4701282
            ],
            [
              135.0952196,
              48.4700798
            ],
            [
              135.09562,
              48.4700611
            ],
            [
              135.0957307,
              48.4694505
            ],
            [
              135.0960886,
              48.469018
            ],
            [
              135.0962552,
              48.4687258
            ],
            [
              135.0965385,
              48.4688416
            ],
            [
              135.0973481,
              48.4689313
            ],
            [
              135.0975755,
              48.4677753
            ],
            [
              135.0985035,
              48.4667623
            ],
            [
              135.1002526,
              48.4674222
            ],
            [
              135.1009494,
              48.4675674
            ],
            [
              135.1043533,
              48.467817
            ],
            [
              135.1049856,
              48.4679094
            ],
            [
              135.1078593,
              48.4687122
            ],
            [
              135.1086894,
              48.4688775
            ],
            [
              135.1095172,
              48.4689172
            ],
            [
              135.1093596,
              48.4704882
            ],
            [
              135.1092189,
              48.4712638
            ],
            [
              135.1110853,
              48.4720488
            ],
            [
              135.1133057,
              48.4732885
            ],
            [
              135.1137851,
              48.4733958
            ],
            [
              135.1140465,
              48.4729023
            ],
            [
              135.1163007,
              48.472987
            ],
            [
              135.1161278,
              48.4733235
            ],
            [
              135.1151999,
              48.4747586
            ],
            [
              135.1141072,
              48.4758112
            ],
            [
              135.1135565,
              48.476408
            ],
            [
              135.1134383,
              48.4765523
            ],
            [
              135.1122423,
              48.4790984
            ],
            [
              135.110097,
              48.4790511
            ],
            [
              135.1075013,
              48.4809906
            ],
            [
              135.1066579,
              48.4818537
            ],
            [
              135.106178,
              48.482534
            ],
            [
              135.1041113,
              48.4851152
            ],
            [
              135.1038353,
              48.4854363
            ],
            [
              135.1037022,
              48.4854758
            ],
            [
              135.1034381,
              48.4854811
            ],
            [
              135.1016987,
              48.4877447
            ],
            [
              135.1018205,
              48.4881726
            ],
            [
              135.0988092,
              48.4921042
            ],
            [
              135.097839,
              48.4932685
            ],
            [
              135.0971236,
              48.4939459
            ],
            [
              135.0960898,
              48.4946144
            ],
            [
              135.0953005,
              48.4949621
            ],
            [
              135.0941529,
              48.4952984
            ],
            [
              135.0851719,
              48.4897174
            ],
            [
              135.0829804,
              48.4883554
            ],
            [
              135.0823867,
              48.4887746
            ],
            [
              135.0820481,
              48.4885672
            ],
            [
              135.0817747,
              48.4887575
            ],
            [
              135.0814975,
              48.4885921
            ],
            [
              135.0813301,
              48.4887182
            ],
            [
              135.0810973,
              48.4885809
            ],
            [
              135.0806678,
              48.4889027
            ],
            [
              135.0808458,
              48.4890201
            ],
            [
              135.0786907,
              48.4905769
            ],
            [
              135.0787425,
              48.4906728
            ],
            [
              135.0789167,
              48.4909332
            ],
            [
              135.078962,
              48.4910045
            ],
            [
              135.0788266,
              48.491042
            ],
            [
              135.0776357,
              48.4913723
            ],
            [
              135.0775552,
              48.4913946
            ],
            [
              135.077507,
              48.4913267
            ],
            [
              135.0774108,
              48.4911912
            ],
            [
              135.0762403,
              48.491522
            ],
            [
              135.0760923,
              48.4915638
            ],
            [
              135.075416,
              48.4914877
            ],
            [
              135.0745423,
              48.4917412
            ],
            [
              135.0744489,
              48.491898
            ],
            [
              135.0703726,
              48.4929932
            ]
          ]
        ]
      },
      "id": "relation/1785058"
    }
  ]
}