{
  "type": "FeatureCollection",
  "generator": "overpass-turbo",
  "copyright": "The data included in this document is from www.openstreetmap.org. The data is made available under ODbL.",
  "timestamp": "2026-06-04T19:12:00Z",
  "features": [
    {
      "type": "Feature",
      "properties": {
        "@id": "relation/2133461",
        "admin_level": "9",
        "boundary": "administrative",
        "name": "Авиастроительный район",
        "name:ba": "Авиатөҙөлөш районы",
        "type": "boundary",
        "wikidata": "Q4055811",
        "wikipedia": "ru:Авиастроительный район (Казань)"
      },
      "geometry": {
        "type": "MultiPolygon",
        "coordinates": [
          [
            [
              [
                49.2020212,
                55.9256264
              ],
              [
                49.2021304,
                55.9255841
              ],
              [
                49.2050888,
                55.9239814
              ],
              [
                49.2062056,
                55.9240143
              ],
              [
                49.2073886,
                55.9246983
              ],
              [
                49.2079213,
                55.9250428
              ],
              [
                49.2072483,
                55.9253629
              ],
              [
                49.2051773,
                55.9265452
              ],
              [
                49.2055441,
                55.926995
              ],
              [
                49.205639,
                55.9270444
              ],
              [
                49.2061211,
                55.9271802
              ],
              [
                49.2064184,
                55.9273156
              ],
              [
                49.2071626,
                55.92758
              ],
              [
                49.2074906,
                55.9276713
              ],
              [
                49.2079717,
                55.927767
              ],
              [
                49.2083511,
                55.926879
              ],
              [
                49.2087155,
                55.9265363
              ],
              [
                49.2087482,
                55.9261494
              ],
              [
                49.2089894,
                55.9258075
              ],
              [
                49.2091725,
                55.9256996
              ],
              [
                49.2093908,
                55.9254179
              ],
              [
                49.2096607,
                55.9249688
              ],
              [
                49.2096743,
                55.9249034
              ],
              [
                49.2098981,
                55.9247059
              ],
              [
                49.2099838,
                55.9245897
              ],
              [
                49.2095712,
                55.9244118
              ],
              [
                49.2093745,
                55.9243097
              ],
              [
                49.2095605,
                55.9240647
              ],
              [
                49.2101339,
                55.9237124
              ],
              [
                49.2104205,
                55.9237714
              ],
              [
                49.210645,
                55.9238622
              ],
              [
                49.2113127,
                55.9241371
              ],
              [
                49.2113921,
                55.9241692
              ],
              [
                49.2116884,
                55.924289
              ],
              [
                49.2106164,
                55.9245014
              ],
              [
                49.2103225,
                55.9252149
              ],
              [
                49.2104302,
                55.9256979
              ],
              [
                49.2110082,
                55.9263511
              ],
              [
                49.2113609,
                55.9271963
              ],
              [
                49.2113021,
                55.927542
              ],
              [
                49.2109788,
                55.9280964
              ],
              [
                49.2106752,
                55.9285574
              ],
              [
                49.2105184,
                55.9290897
              ],
              [
                49.2102343,
                55.9295891
              ],
              [
                49.2097445,
                55.9299733
              ],
              [
                49.2088335,
                55.9302751
              ],
              [
                49.2062178,
                55.9302586
              ],
              [
                49.2051892,
                55.9302038
              ],
              [
                49.2039745,
                55.9302971
              ],
              [
                49.2025932,
                55.9307141
              ],
              [
                49.2025337,
                55.930739
              ],
              [
                49.2018977,
                55.931005
              ],
              [
                49.2014275,
                55.9314605
              ],
              [
                49.2014569,
                55.9320312
              ],
              [
                49.2016822,
                55.9325086
              ],
              [
                49.2022112,
                55.933019
              ],
              [
                49.2031124,
                55.9334195
              ],
              [
                49.205248,
                55.9337268
              ],
              [
                49.2065215,
                55.9338146
              ],
              [
                49.2071289,
                55.9339573
              ],
              [
                49.209,
                55.9349066
              ],
              [
                49.2097053,
                55.9355308
              ],
              [
                49.2096808,
                55.9363127
              ],
              [
                49.2095461,
                55.9368271
              ],
              [
                49.209142,
                55.9373621
              ],
              [
                49.2084685,
                55.9379862
              ],
              [
                49.2077461,
                55.9382194
              ],
              [
                49.2056154,
                55.9380548
              ],
              [
                49.2056888,
                55.9369506
              ],
              [
                49.2050031,
                55.9356268
              ],
              [
                49.2038153,
                55.9344402
              ],
              [
                49.2016356,
                55.9331507
              ],
              [
                49.2006217,
                55.9317198
              ],
              [
                49.2001123,
                55.9312862
              ],
              [
                49.1998478,
                55.9309844
              ],
              [
                49.1974379,
                55.9308417
              ],
              [
                49.197389,
                55.9303478
              ],
              [
                49.1974379,
                55.9294478
              ],
              [
                49.1978298,
                55.929349
              ],
              [
                49.1983882,
                55.9273458
              ],
              [
                49.2000437,
                55.9269232
              ],
              [
                49.2015818,
                55.926089
              ],
              [
                49.2020212,
                55.9256264
              ]
            ]
          ],
          [
            [
              [
                49.1635919,
                55.847775
              ],
              [
                49.1637589,
                55.8482493
              ],
              [
                49.1637523,
                55.8487065
              ],
              [
                49.1634142,
                55.848919
              ],
              [
                49.1624385,
                55.8492518
              ],
              [
                49.1612017,
                55.8499178
              ],
              [
                49.160641,
                55.8505415
              ],
              [
                49.1599707,
                55.8520216
              ],
              [
                49.1602925,
                55.8530546
              ],
              [
                49.1614982,
                55.8537811
              ],
              [
                49.1623378,
                55.8539814
              ],
              [
                49.1647004,
                55.854227
              ],
              [
                49.1666674,
                55.8546908
              ],
              [
                49.1675341,
                55.8552378
              ],
              [
                49.1690601,
                55.8573094
              ],
              [
                49.1706656,
                55.8577558
              ],
              [
                49.1746044,
                55.8582752
              ],
              [
                49.1774712,
                55.860348
              ],
              [
                49.1809127,
                55.8635105
              ],
              [
                49.18285,
                55.8652103
              ],
              [
                49.1829499,
                55.8674646
              ],
              [
                49.1826804,
                55.8682049
              ],
              [
                49.1821242,
                55.8687747
              ],
              [
                49.1812243,
                55.8693013
              ],
              [
                49.1799304,
                55.8701919
              ],
              [
                49.1796786,
                55.8705989
              ],
              [
                49.179629,
                55.8710765
              ],
              [
                49.1798825,
                55.8716352
              ],
              [
                49.1804423,
                55.8720926
              ],
              [
                49.1828638,
                55.8736118
              ],
              [
                49.1850198,
                55.874886
              ],
              [
                49.185701,
                55.8754701
              ],
              [
                49.1860396,
                55.8759815
              ],
              [
                49.1862088,
                55.8765495
              ],
              [
                49.1859934,
                55.8769444
              ],
              [
                49.1847606,
                55.8787729
              ],
              [
                49.1845227,
                55.8794619
              ],
              [
                49.1846425,
                55.8800587
              ],
              [
                49.1851506,
                55.8805912
              ],
              [
                49.1856578,
                55.8807805
              ],
              [
                49.1865871,
                55.8807038
              ],
              [
                49.1875009,
                55.880399
              ],
              [
                49.1883413,
                55.879963
              ],
              [
                49.1890351,
                55.8796662
              ],
              [
                49.1899551,
                55.8796628
              ],
              [
                49.190871,
                55.8800041
              ],
              [
                49.1913087,
                55.8805446
              ],
              [
                49.1916154,
                55.8812485
              ],
              [
                49.1915493,
                55.8819524
              ],
              [
                49.1912156,
                55.8825263
              ],
              [
                49.1907589,
                55.8831754
              ],
              [
                49.1897298,
                55.8842677
              ],
              [
                49.1892753,
                55.885077
              ],
              [
                49.1891238,
                55.8858474
              ],
              [
                49.1893269,
                55.8865609
              ],
              [
                49.1907187,
                55.888441
              ],
              [
                49.1908876,
                55.8889737
              ],
              [
                49.1907713,
                55.8895128
              ],
              [
                49.1904,
                55.889971
              ],
              [
                49.1897256,
                55.890418
              ],
              [
                49.1889808,
                55.890605
              ],
              [
                49.1880183,
                55.8905686
              ],
              [
                49.1895745,
                55.891802
              ],
              [
                49.189559,
                55.8921716
              ],
              [
                49.1893576,
                55.8927514
              ],
              [
                49.1897298,
                55.8932463
              ],
              [
                49.1908319,
                55.8942521
              ],
              [
                49.1923923,
                55.89508
              ],
              [
                49.1924594,
                55.8955741
              ],
              [
                49.192462,
                55.8957825
              ],
              [
                49.1926133,
                55.8959243
              ],
              [
                49.1927985,
                55.8958579
              ],
              [
                49.1928663,
                55.8956777
              ],
              [
                49.1929843,
                55.8951451
              ],
              [
                49.1943257,
                55.89483
              ],
              [
                49.1972882,
                55.8963853
              ],
              [
                49.198252,
                55.8953918
              ],
              [
                49.2000088,
                55.8950455
              ],
              [
                49.2046196,
                55.8952905
              ],
              [
                49.2049086,
                55.8962401
              ],
              [
                49.2051659,
                55.8965453
              ],
              [
                49.2053802,
                55.8966669
              ],
              [
                49.2057088,
                55.8968327
              ],
              [
                49.2071921,
                55.8974324
              ],
              [
                49.2069354,
                55.8975264
              ],
              [
                49.2064158,
                55.8976819
              ],
              [
                49.2004563,
                55.8996014
              ],
              [
                49.2008237,
                55.899917
              ],
              [
                49.190335,
                55.9029186
              ],
              [
                49.1784541,
                55.9057342
              ],
              [
                49.1760734,
                55.9064264
              ],
              [
                49.17505,
                55.906838
              ],
              [
                49.1668446,
                55.9108183
              ],
              [
                49.1658354,
                55.9110462
              ],
              [
                49.165787,
                55.9111528
              ],
              [
                49.1659105,
                55.9113078
              ],
              [
                49.1643648,
                55.9116671
              ],
              [
                49.163767,
                55.912019
              ],
              [
                49.1630585,
                55.9124604
              ],
              [
                49.1623027,
                55.9129312
              ],
              [
                49.16173,
                55.9132792
              ],
              [
                49.1617966,
                55.9133115
              ],
              [
                49.1605568,
                55.9139528
              ],
              [
                49.1605985,
                55.9139312
              ],
              [
                49.1596019,
                55.9144467
              ],
              [
                49.1593205,
                55.914569
              ],
              [
                49.1577748,
                55.9153288
              ],
              [
                49.1561775,
                55.9159568
              ],
              [
                49.1551301,
                55.9162748
              ],
              [
                49.1545781,
                55.9164424
              ],
              [
                49.1523732,
                55.9169376
              ],
              [
                49.1513836,
                55.917143
              ],
              [
                49.1508902,
                55.9172053
              ],
              [
                49.1493519,
                55.9173994
              ],
              [
                49.1485755,
                55.917497
              ],
              [
                49.1478266,
                55.9175997
              ],
              [
                49.1475104,
                55.917606
              ],
              [
                49.1469169,
                55.9176816
              ],
              [
                49.1465302,
                55.9177266
              ],
              [
                49.1435947,
                55.9178424
              ],
              [
                49.1432278,
                55.9178569
              ],
              [
                49.1415575,
                55.9160056
              ],
              [
                49.140923,
                55.9158927
              ],
              [
                49.1405153,
                55.916542
              ],
              [
                49.1405904,
                55.9168546
              ],
              [
                49.140923,
                55.917522
              ],
              [
                49.1410303,
                55.9176723
              ],
              [
                49.1406456,
                55.9179031
              ],
              [
                49.1390454,
                55.9179017
              ],
              [
                49.1383914,
                55.9177783
              ],
              [
                49.1381493,
                55.9177327
              ],
              [
                49.1373168,
                55.9178638
              ],
              [
                49.1360396,
                55.9178154
              ],
              [
                49.1341485,
                55.9176458
              ],
              [
                49.134029,
                55.9176351
              ],
              [
                49.1322275,
                55.9174278
              ],
              [
                49.1304018,
                55.9171664
              ],
              [
                49.1195928,
                55.9153456
              ],
              [
                49.1146858,
                55.9145465
              ],
              [
                49.1146024,
                55.9143169
              ],
              [
                49.1142998,
                55.9143514
              ],
              [
                49.1132193,
                55.914307
              ],
              [
                49.1114136,
                55.9139934
              ],
              [
                49.1089687,
                55.9136328
              ],
              [
                49.1063903,
                55.9133341
              ],
              [
                49.1061026,
                55.913223
              ],
              [
                49.1056037,
                55.9131418
              ],
              [
                49.1052849,
                55.9132016
              ],
              [
                49.0976402,
                55.9125534
              ],
              [
                49.0819566,
                55.9114822
              ],
              [
                49.074563,
                55.9109354
              ],
              [
                49.0513701,
                55.9092599
              ],
              [
                49.0497561,
                55.9009681
              ],
              [
                49.0495779,
                55.9002723
              ],
              [
                49.0487863,
                55.8976135
              ],
              [
                49.0471371,
                55.8923868
              ],
              [
                49.047056,
                55.8924221
              ],
              [
                49.0469565,
                55.8924655
              ],
              [
                49.0459494,
                55.8929687
              ],
              [
                49.0448219,
                55.8934332
              ],
              [
                49.0447,
                55.8934899
              ],
              [
                49.0446374,
                55.8935115
              ],
              [
                49.0442507,
                55.8936671
              ],
              [
                49.0441483,
                55.8937154
              ],
              [
                49.0441041,
                55.893724
              ],
              [
                49.0436951,
                55.8938932
              ],
              [
                49.0429599,
                55.8941598
              ],
              [
                49.042269,
                55.8945436
              ],
              [
                49.03751,
                55.8964433
              ],
              [
                49.0353832,
                55.8972971
              ],
              [
                49.0335258,
                55.8980802
              ],
              [
                49.0325451,
                55.8984587
              ],
              [
                49.0277818,
                55.9004064
              ],
              [
                49.0249081,
                55.9016928
              ],
              [
                49.022479,
                55.9026684
              ],
              [
                49.0208396,
                55.9032627
              ],
              [
                49.0197457,
                55.9022089
              ],
              [
                49.0208292,
                55.9017878
              ],
              [
                49.0203946,
                55.9016268
              ],
              [
                49.0209315,
                55.9014251
              ],
              [
                49.020552,
                55.9009929
              ],
              [
                49.0231775,
                55.9003109
              ],
              [
                49.0230163,
                55.9001631
              ],
              [
                49.0219842,
                55.8993993
              ],
              [
                49.0214164,
                55.8799393
              ],
              [
                49.0212922,
                55.8799692
              ],
              [
                49.0211893,
                55.8794068
              ],
              [
                49.02106,
                55.8791954
              ],
              [
                49.0210922,
                55.8791081
              ],
              [
                49.0208877,
                55.8755947
              ],
              [
                49.0206587,
                55.8735678
              ],
              [
                49.0205261,
                55.8724646
              ],
              [
                49.020513,
                55.8715897
              ],
              [
                49.020428,
                55.8699896
              ],
              [
                49.020157,
                55.866962
              ],
              [
                49.0201865,
                55.8668561
              ],
              [
                49.0200547,
                55.8667904
              ],
              [
                49.0197431,
                55.8626172
              ],
              [
                49.0197325,
                55.8625881
              ],
              [
                49.019823,
                55.8622162
              ],
              [
                49.0193531,
                55.8581117
              ],
              [
                49.0266844,
                55.8547504
              ],
              [
                49.0277296,
                55.8542451
              ],
              [
                49.0323756,
                55.8521226
              ],
              [
                49.0326542,
                55.852064
              ],
              [
                49.0391209,
                55.8510971
              ],
              [
                49.0399475,
                55.8510457
              ],
              [
                49.040207,
                55.8510316
              ],
              [
                49.0408348,
                55.850994
              ],
              [
                49.0532037,
                55.8502393
              ],
              [
                49.0535375,
                55.850212
              ],
              [
                49.0535195,
                55.8476967
              ],
              [
                49.0532121,
                55.8476764
              ],
              [
                49.0534096,
                55.8473626
              ],
              [
                49.0541132,
                55.8474539
              ],
              [
                49.0552901,
                55.8450004
              ],
              [
                49.0550162,
                55.8447935
              ],
              [
                49.0550162,
                55.844731
              ],
              [
                49.0551497,
                55.844667
              ],
              [
                49.055748,
                55.844045
              ],
              [
                49.0560024,
                55.8432049
              ],
              [
                49.0556603,
                55.8427169
              ],
              [
                49.055041,
                55.8420557
              ],
              [
                49.0550675,
                55.8419707
              ],
              [
                49.054536,
                55.8414916
              ],
              [
                49.0546194,
                55.841451
              ],
              [
                49.0539443,
                55.8406612
              ],
              [
                49.0853872,
                55.8439422
              ],
              [
                49.0977463,
                55.8452035
              ],
              [
                49.0983844,
                55.8452191
              ],
              [
                49.1124153,
                55.8467386
              ],
              [
                49.1280305,
                55.8483207
              ],
              [
                49.1284305,
                55.8483791
              ],
              [
                49.1324531,
                55.8487855
              ],
              [
                49.1330979,
                55.8488524
              ],
              [
                49.1478703,
                55.8503697
              ],
              [
                49.1487632,
                55.8503944
              ],
              [
                49.1493967,
                55.8503905
              ],
              [
                49.1513306,
                55.8502446
              ],
              [
                49.1635919,
                55.847775
              ]
            ]
          ]
        ]
      },
      "id": "relation/2133461"
    },
    {
      "type": "Feature",
      "properties": {
        "@id": "relation/2133462",
        "admin_level": "9",
        "boundary": "administrative",
        "name": "Вахитовский район",
        "name:ba": "Вахитов районы",
        "name:ru": "Вахитовский район",
        "type": "boundary",
        "wikidata": "Q4105370",
        "wikipedia": "ru:Вахитовский район"
      },
      "geometry": {
        "type": "Polygon",
        "coordinates": [
          [
            [
              49.1439911,
              55.8073926
            ],
            [
              49.1399764,
              55.8054916
            ],
            [
              49.1354531,
              55.804182
            ],
            [
              49.1196665,
              55.8066993
            ],
            [
              49.1046899,
              55.8091762
            ],
            [
              49.1039704,
              55.8025521
            ],
            [
              49.0915964,
              55.7972759
            ],
            [
              49.0919097,
              55.7971806
            ],
            [
              49.0922072,
              55.7971236
            ],
            [
              49.092387,
              55.797028
            ],
            [
              49.0920928,
              55.7967248
            ],
            [
              49.0917362,
              55.7965059
            ],
            [
              49.091497,
              55.796155
            ],
            [
              49.0909976,
              55.7960712
            ],
            [
              49.0906299,
              55.7958872
            ],
            [
              49.0904935,
              55.7955493
            ],
            [
              49.017214,
              55.7592064
            ],
            [
              49.0124832,
              55.748491
            ],
            [
              49.0767447,
              55.7569659
            ],
            [
              49.0773897,
              55.7570502
            ],
            [
              49.0777851,
              55.7570731
            ],
            [
              49.0778687,
              55.7569943
            ],
            [
              49.0795567,
              55.7572102
            ],
            [
              49.0796501,
              55.7572918
            ],
            [
              49.0798246,
              55.7573174
            ],
            [
              49.0799179,
              55.7573831
            ],
            [
              49.1008094,
              55.7601392
            ],
            [
              49.1027992,
              55.7600748
            ],
            [
              49.102925,
              55.7606016
            ],
            [
              49.1026868,
              55.7615035
            ],
            [
              49.1028863,
              55.7615219
            ],
            [
              49.1039459,
              55.7616195
            ],
            [
              49.1041957,
              55.7615732
            ],
            [
              49.1045763,
              55.7615894
            ],
            [
              49.1048771,
              55.7612331
            ],
            [
              49.1055291,
              55.7610767
            ],
            [
              49.1061904,
              55.7611496
            ],
            [
              49.1065024,
              55.7611039
            ],
            [
              49.1075828,
              55.7611912
            ],
            [
              49.10889,
              55.7611895
            ],
            [
              49.1105772,
              55.761228
            ],
            [
              49.1104732,
              55.7618155
            ],
            [
              49.1108559,
              55.7618754
            ],
            [
              49.1115074,
              55.7619229
            ],
            [
              49.1115709,
              55.7619426
            ],
            [
              49.1127062,
              55.7620422
            ],
            [
              49.1129252,
              55.7619737
            ],
            [
              49.1135926,
              55.7620794
            ],
            [
              49.1137153,
              55.7621969
            ],
            [
              49.1134889,
              55.7621993
            ],
            [
              49.1133473,
              55.7622536
            ],
            [
              49.1119321,
              55.7626209
            ],
            [
              49.1105093,
              55.7630911
            ],
            [
              49.1093656,
              55.7638303
            ],
            [
              49.1084756,
              55.7646107
            ],
            [
              49.1078633,
              55.7654898
            ],
            [
              49.1074062,
              55.7665127
            ],
            [
              49.1068802,
              55.768348
            ],
            [
              49.1067088,
              55.7690486
            ],
            [
              49.1066586,
              55.7696464
            ],
            [
              49.1066698,
              55.7697862
            ],
            [
              49.1063249,
              55.7714711
            ],
            [
              49.1062271,
              55.7717052
            ],
            [
              49.1055515,
              55.7726923
            ],
            [
              49.1061226,
              55.7728044
            ],
            [
              49.1062372,
              55.7728009
            ],
            [
              49.1072668,
              55.7730216
            ],
            [
              49.1073794,
              55.7731047
            ],
            [
              49.1085609,
              55.7733592
            ],
            [
              49.1096756,
              55.7736892
            ],
            [
              49.1099864,
              55.7736241
            ],
            [
              49.1103768,
              55.7735114
            ],
            [
              49.1106845,
              55.7735242
            ],
            [
              49.1113929,
              55.773688
            ],
            [
              49.1117147,
              55.7737351
            ],
            [
              49.1160457,
              55.7748096
            ],
            [
              49.1160922,
              55.7747353
            ],
            [
              49.1186153,
              55.7724743
            ],
            [
              49.1187587,
              55.7723342
            ],
            [
              49.1202111,
              55.7710027
            ],
            [
              49.1221447,
              55.7692134
            ],
            [
              49.1225448,
              55.7691559
            ],
            [
              49.1236738,
              55.7694664
            ],
            [
              49.1253059,
              55.7678861
            ],
            [
              49.1256064,
              55.7676056
            ],
            [
              49.1257902,
              55.7674952
            ],
            [
              49.1259044,
              55.7674619
            ],
            [
              49.127875,
              55.768091
            ],
            [
              49.1298624,
              55.7688853
            ],
            [
              49.132247,
              55.7695892
            ],
            [
              49.1349985,
              55.7706325
            ],
            [
              49.1353753,
              55.7707491
            ],
            [
              49.1359828,
              55.7709956
            ],
            [
              49.1360458,
              55.7710023
            ],
            [
              49.1361873,
              55.7711484
            ],
            [
              49.1395028,
              55.7732375
            ],
            [
              49.1399931,
              55.773566
            ],
            [
              49.1411397,
              55.7742814
            ],
            [
              49.1412156,
              55.7743734
            ],
            [
              49.1438238,
              55.7761414
            ],
            [
              49.1442348,
              55.7764857
            ],
            [
              49.149356,
              55.7741151
            ],
            [
              49.1522827,
              55.7714854
            ],
            [
              49.1523229,
              55.7714986
            ],
            [
              49.153875,
              55.7701961
            ],
            [
              49.1558707,
              55.7687725
            ],
            [
              49.1601768,
              55.7648436
            ],
            [
              49.1604969,
              55.764373
            ],
            [
              49.1608356,
              55.7639429
            ],
            [
              49.1610475,
              55.76398
            ],
            [
              49.161819,
              55.7641352
            ],
            [
              49.1635128,
              55.7648095
            ],
            [
              49.1641887,
              55.7651214
            ],
            [
              49.1651665,
              55.7655779
            ],
            [
              49.1662055,
              55.7660688
            ],
            [
              49.1673881,
              55.7667159
            ],
            [
              49.1680395,
              55.7671941
            ],
            [
              49.168463,
              55.7675736
            ],
            [
              49.1687054,
              55.7678184
            ],
            [
              49.1691143,
              55.7683081
            ],
            [
              49.1693889,
              55.7687665
            ],
            [
              49.1696255,
              55.7692907
            ],
            [
              49.1698942,
              55.7701056
            ],
            [
              49.1701637,
              55.7711015
            ],
            [
              49.1702463,
              55.7719078
            ],
            [
              49.1702651,
              55.7724751
            ],
            [
              49.1702242,
              55.7729844
            ],
            [
              49.1701305,
              55.7735184
            ],
            [
              49.1699074,
              55.7743744
            ],
            [
              49.1695616,
              55.7752138
            ],
            [
              49.1691208,
              55.7760934
            ],
            [
              49.1687222,
              55.7767684
            ],
            [
              49.1682782,
              55.7772817
            ],
            [
              49.1669304,
              55.7787461
            ],
            [
              49.1630666,
              55.78261
            ],
            [
              49.1624686,
              55.7830959
            ],
            [
              49.1622005,
              55.783548
            ],
            [
              49.1618036,
              55.7841107
            ],
            [
              49.1616391,
              55.7848274
            ],
            [
              49.1617419,
              55.7867482
            ],
            [
              49.1618245,
              55.7876959
            ],
            [
              49.162188,
              55.7883369
            ],
            [
              49.1628324,
              55.789303
            ],
            [
              49.1663711,
              55.7924177
            ],
            [
              49.1667645,
              55.7933466
            ],
            [
              49.1669436,
              55.7940864
            ],
            [
              49.1670121,
              55.7947346
            ],
            [
              49.1662153,
              55.8002009
            ],
            [
              49.1662676,
              55.8004796
            ],
            [
              49.1664038,
              55.8007987
            ],
            [
              49.1656447,
              55.8009238
            ],
            [
              49.165801,
              55.8012485
            ],
            [
              49.1666579,
              55.8013721
            ],
            [
              49.1676184,
              55.8028083
            ],
            [
              49.1671788,
              55.8030935
            ],
            [
              49.1662493,
              55.8033101
            ],
            [
              49.1656783,
              55.8033246
            ],
            [
              49.1653407,
              55.8034909
            ],
            [
              49.1652298,
              55.803834
            ],
            [
              49.1650408,
              55.8038394
            ],
            [
              49.1669869,
              55.8063882
            ],
            [
              49.1677293,
              55.8073604
            ],
            [
              49.1533227,
              55.8056613
            ],
            [
              49.1439911,
              55.8073926
            ]
          ]
        ]
      },
      "id": "relation/2133462"
    },
    {
      "type": "Feature",
      "properties": {
        "@id": "relation/2133463",
        "admin_level": "9",
        "boundary": "administrative",
        "name": "Кировский район",
        "name:ba": "Киров районы",
        "name:ru": "Кировский район",
        "type": "boundary",
        "wikidata": "Q4221678",
        "wikipedia": "ru:Кировский район (Казань)"
      },
      "geometry": {
        "type": "Polygon",
        "coordinates": [
          [
            [
              49.0664197,
              55.8215666
            ],
            [
              49.0662685,
              55.8213829
            ],
            [
              49.0625241,
              55.8222669
            ],
            [
              49.0594676,
              55.8228613
            ],
            [
              49.0592711,
              55.8229184
            ],
            [
              49.0541755,
              55.8250135
            ],
            [
              49.0541068,
              55.824952
            ],
            [
              49.0539722,
              55.8252152
            ],
            [
              49.0524353,
              55.8258913
            ],
            [
              49.0521717,
              55.8259835
            ],
            [
              49.0501143,
              55.8269093
            ],
            [
              49.0497767,
              55.8270963
            ],
            [
              49.050063,
              55.8274491
            ],
            [
              49.0500556,
              55.8278698
            ],
            [
              49.0500883,
              55.8279024
            ],
            [
              49.0500867,
              55.8279795
            ],
            [
              49.0500589,
              55.8280052
            ],
            [
              49.0499904,
              55.8290725
            ],
            [
              49.0499685,
              55.8291245
            ],
            [
              49.0498517,
              55.8290329
            ],
            [
              49.0479798,
              55.8290651
            ],
            [
              49.0478686,
              55.8290889
            ],
            [
              49.0473275,
              55.8290632
            ],
            [
              49.0471444,
              55.8292156
            ],
            [
              49.0455154,
              55.8288308
            ],
            [
              49.0446549,
              55.8287261
            ],
            [
              49.0433983,
              55.8281425
            ],
            [
              49.0431678,
              55.8279764
            ],
            [
              49.0430109,
              55.8278276
            ],
            [
              49.0430063,
              55.8279809
            ],
            [
              49.0429951,
              55.8280144
            ],
            [
              49.042883,
              55.8283499
            ],
            [
              49.0375808,
              55.8270123
            ],
            [
              49.0373864,
              55.8270274
            ],
            [
              49.0371944,
              55.827276
            ],
            [
              49.0362028,
              55.8270833
            ],
            [
              49.036137,
              55.827121
            ],
            [
              49.0359815,
              55.8270898
            ],
            [
              49.0350428,
              55.8269012
            ],
            [
              49.0342851,
              55.8266785
            ],
            [
              49.0334137,
              55.8265187
            ],
            [
              49.0333255,
              55.8261147
            ],
            [
              49.0327337,
              55.8259853
            ],
            [
              49.0326324,
              55.8262139
            ],
            [
              49.0331718,
              55.8264728
            ],
            [
              49.0327013,
              55.8271146
            ],
            [
              49.0326847,
              55.8271372
            ],
            [
              49.0321109,
              55.8269682
            ],
            [
              49.0291912,
              55.830934
            ],
            [
              49.0290261,
              55.8308968
            ],
            [
              49.0282785,
              55.8319915
            ],
            [
              49.0283003,
              55.832349
            ],
            [
              49.0283494,
              55.8324784
            ],
            [
              49.0285619,
              55.832785
            ],
            [
              49.0284131,
              55.8327905
            ],
            [
              49.0269812,
              55.8341513
            ],
            [
              49.0250485,
              55.8363874
            ],
            [
              49.0237202,
              55.8361388
            ],
            [
              49.0236287,
              55.8372238
            ],
            [
              49.0234636,
              55.837424
            ],
            [
              49.0225207,
              55.8373315
            ],
            [
              49.0223958,
              55.8374331
            ],
            [
              49.0210752,
              55.838324
            ],
            [
              49.0112898,
              55.8496428
            ],
            [
              49.0073578,
              55.8539003
            ],
            [
              49.0067481,
              55.8541625
            ],
            [
              49.0052082,
              55.8545204
            ],
            [
              49.0032515,
              55.8546975
            ],
            [
              49.0030502,
              55.8546767
            ],
            [
              49.0018525,
              55.8545529
            ],
            [
              49.0002007,
              55.8544313
            ],
            [
              48.9992517,
              55.8543615
            ],
            [
              48.9988229,
              55.8544303
            ],
            [
              48.9970128,
              55.8549234
            ],
            [
              48.9943333,
              55.8555643
            ],
            [
              48.9896978,
              55.8563315
            ],
            [
              48.9873854,
              55.8564148
            ],
            [
              48.9868664,
              55.8565582
            ],
            [
              48.9855483,
              55.8567092
            ],
            [
              48.985279,
              55.8571679
            ],
            [
              48.9845543,
              55.8573625
            ],
            [
              48.9840677,
              55.8572483
            ],
            [
              48.9843046,
              55.8571328
            ],
            [
              48.9847589,
              55.8569577
            ],
            [
              48.9846583,
              55.8567572
            ],
            [
              48.9840344,
              55.8567556
            ],
            [
              48.9812508,
              55.856932
            ],
            [
              48.9787792,
              55.857032
            ],
            [
              48.9734921,
              55.8574999
            ],
            [
              48.9728956,
              55.8574765
            ],
            [
              48.972384,
              55.857577
            ],
            [
              48.9709067,
              55.8576788
            ],
            [
              48.9583091,
              55.8585466
            ],
            [
              48.9583001,
              55.858704
            ],
            [
              48.9579396,
              55.8587186
            ],
            [
              48.9576103,
              55.858531
            ],
            [
              48.9542266,
              55.8590988
            ],
            [
              48.9514257,
              55.8593054
            ],
            [
              48.950976,
              55.8594185
            ],
            [
              48.9457694,
              55.8598822
            ],
            [
              48.9448872,
              55.8600791
            ],
            [
              48.9439078,
              55.8602109
            ],
            [
              48.9416184,
              55.8605578
            ],
            [
              48.9408417,
              55.8608089
            ],
            [
              48.9399935,
              55.8613854
            ],
            [
              48.9397207,
              55.8614918
            ],
            [
              48.9382067,
              55.8621644
            ],
            [
              48.9355921,
              55.8632127
            ],
            [
              48.9339098,
              55.8637138
            ],
            [
              48.9338668,
              55.8637147
            ],
            [
              48.9312468,
              55.864395
            ],
            [
              48.9291901,
              55.8640814
            ],
            [
              48.9281755,
              55.8641166
            ],
            [
              48.9277071,
              55.8639008
            ],
            [
              48.9259537,
              55.8636332
            ],
            [
              48.924354,
              55.8636468
            ],
            [
              48.924151,
              55.8638123
            ],
            [
              48.923624,
              55.8640397
            ],
            [
              48.9225219,
              55.8638192
            ],
            [
              48.9214652,
              55.8639225
            ],
            [
              48.9209647,
              55.8636667
            ],
            [
              48.9205898,
              55.8634752
            ],
            [
              48.9202585,
              55.8630621
            ],
            [
              48.9186126,
              55.8617414
            ],
            [
              48.917272,
              55.8604372
            ],
            [
              48.9166772,
              55.8598989
            ],
            [
              48.91633,
              55.8596163
            ],
            [
              48.9160759,
              55.8594096
            ],
            [
              48.9159171,
              55.8592585
            ],
            [
              48.9158501,
              55.8591958
            ],
            [
              48.9156845,
              55.8590557
            ],
            [
              48.9155386,
              55.8590402
            ],
            [
              48.9152967,
              55.85902
            ],
            [
              48.915052,
              55.8589036
            ],
            [
              48.9148419,
              55.8590539
            ],
            [
              48.9145211,
              55.8591597
            ],
            [
              48.9145255,
              55.8591807
            ],
            [
              48.9142245,
              55.8592951
            ],
            [
              48.9140662,
              55.8593282
            ],
            [
              48.9138361,
              55.8593471
            ],
            [
              48.9137279,
              55.8593851
            ],
            [
              48.9133681,
              55.8592655
            ],
            [
              48.9132443,
              55.859322
            ],
            [
              48.9132702,
              55.859629
            ],
            [
              48.9126657,
              55.8598293
            ],
            [
              48.9106508,
              55.8607873
            ],
            [
              48.9104147,
              55.8611217
            ],
            [
              48.9100664,
              55.861217
            ],
            [
              48.9091441,
              55.8619203
            ],
            [
              48.9089303,
              55.8623795
            ],
            [
              48.9086103,
              55.8625954
            ],
            [
              48.907494,
              55.863141
            ],
            [
              48.9063944,
              55.863301
            ],
            [
              48.9059568,
              55.8632783
            ],
            [
              48.9058532,
              55.8632363
            ],
            [
              48.9057321,
              55.8632538
            ],
            [
              48.9039689,
              55.8639721
            ],
            [
              48.9038273,
              55.8640523
            ],
            [
              48.9023038,
              55.8646953
            ],
            [
              48.89909,
              55.8666485
            ],
            [
              48.8957198,
              55.8697116
            ],
            [
              48.8934302,
              55.8699782
            ],
            [
              48.892502,
              55.8700869
            ],
            [
              48.8895747,
              55.8703224
            ],
            [
              48.8888459,
              55.8701688
            ],
            [
              48.8858197,
              55.8694745
            ],
            [
              48.8844241,
              55.869228
            ],
            [
              48.8824201,
              55.8686902
            ],
            [
              48.8822318,
              55.8686494
            ],
            [
              48.8806848,
              55.8682711
            ],
            [
              48.8744298,
              55.8669149
            ],
            [
              48.8735849,
              55.8667214
            ],
            [
              48.8699255,
              55.8658545
            ],
            [
              48.8683126,
              55.8678322
            ],
            [
              48.8661958,
              55.8678007
            ],
            [
              48.8659329,
              55.8677836
            ],
            [
              48.8583115,
              55.8682208
            ],
            [
              48.8572119,
              55.8682324
            ],
            [
              48.856692,
              55.8682494
            ],
            [
              48.8570078,
              55.8705743
            ],
            [
              48.8543536,
              55.8700263
            ],
            [
              48.8528045,
              55.8697012
            ],
            [
              48.8500313,
              55.8697468
            ],
            [
              48.8494741,
              55.8693501
            ],
            [
              48.8494405,
              55.8693406
            ],
            [
              48.849161,
              55.869228
            ],
            [
              48.8489641,
              55.8690486
            ],
            [
              48.84888,
              55.8689259
            ],
            [
              48.8468124,
              55.8674549
            ],
            [
              48.846209,
              55.8667208
            ],
            [
              48.8487134,
              55.865868
            ],
            [
              48.8487324,
              55.8658576
            ],
            [
              48.8514017,
              55.8634634
            ],
            [
              48.8514216,
              55.8634142
            ],
            [
              48.8517107,
              55.86214
            ],
            [
              48.8530817,
              55.8611761
            ],
            [
              48.8533629,
              55.860127
            ],
            [
              48.8532409,
              55.8600379
            ],
            [
              48.8528144,
              55.8598813
            ],
            [
              48.8523496,
              55.8597001
            ],
            [
              48.85193,
              55.8595874
            ],
            [
              48.8512535,
              55.8594543
            ],
            [
              48.8503831,
              55.8592681
            ],
            [
              48.8503018,
              55.8591969
            ],
            [
              48.8492294,
              55.8592209
            ],
            [
              48.8491062,
              55.8587696
            ],
            [
              48.8494395,
              55.858685
            ],
            [
              48.850422,
              55.8582577
            ],
            [
              48.8511259,
              55.8577883
            ],
            [
              48.8523607,
              55.8565472
            ],
            [
              48.8533266,
              55.8550664
            ],
            [
              48.8534865,
              55.8535301
            ],
            [
              48.8534972,
              55.8526762
            ],
            [
              48.8532234,
              55.8510966
            ],
            [
              48.8516641,
              55.8436901
            ],
            [
              48.8505794,
              55.8388019
            ],
            [
              48.8501126,
              55.8386625
            ],
            [
              48.8499402,
              55.8376325
            ],
            [
              48.8503065,
              55.8374765
            ],
            [
              48.8488713,
              55.8299214
            ],
            [
              48.8485901,
              55.8289015
            ],
            [
              48.847036,
              55.8257555
            ],
            [
              48.8466631,
              55.8258354
            ],
            [
              48.8464226,
              55.8255548
            ],
            [
              48.8462729,
              55.8254383
            ],
            [
              48.8461214,
              55.8254278
            ],
            [
              48.845949,
              55.8254331
            ],
            [
              48.8451847,
              55.8255819
            ],
            [
              48.8429733,
              55.8258501
            ],
            [
              48.8418536,
              55.8257797
            ],
            [
              48.840393,
              55.8259212
            ],
            [
              48.8340313,
              55.8265731
            ],
            [
              48.8326306,
              55.8266949
            ],
            [
              48.8294225,
              55.826793
            ],
            [
              48.8210722,
              55.827367
            ],
            [
              48.8207448,
              55.827389
            ],
            [
              48.8209582,
              55.8265974
            ],
            [
              48.8206439,
              55.825804
            ],
            [
              48.8205846,
              55.8256932
            ],
            [
              48.8214014,
              55.8256257
            ],
            [
              48.8218045,
              55.8254987
            ],
            [
              48.8229052,
              55.8251544
            ],
            [
              48.8291622,
              55.8242556
            ],
            [
              48.8324132,
              55.8242439
            ],
            [
              48.8346284,
              55.8230647
            ],
            [
              48.8424295,
              55.8195264
            ],
            [
              48.8411973,
              55.8163914
            ],
            [
              48.8407616,
              55.8139956
            ],
            [
              48.8404136,
              55.8099969
            ],
            [
              48.8402439,
              55.807737
            ],
            [
              48.8395765,
              55.7952552
            ],
            [
              48.8393352,
              55.790422
            ],
            [
              48.8391192,
              55.7860936
            ],
            [
              48.839053,
              55.7856542
            ],
            [
              48.8391138,
              55.7856357
            ],
            [
              48.8492701,
              55.7861555
            ],
            [
              48.88251,
              55.7878568
            ],
            [
              48.9287647,
              55.790224
            ],
            [
              48.95527,
              55.7896126
            ],
            [
              48.988542,
              55.788845
            ],
            [
              49.009499,
              55.7818592
            ],
            [
              49.0198888,
              55.7753309
            ],
            [
              49.0202112,
              55.7659935
            ],
            [
              49.017214,
              55.7592064
            ],
            [
              49.0904935,
              55.7955493
            ],
            [
              49.0906299,
              55.7958872
            ],
            [
              49.0909976,
              55.7960712
            ],
            [
              49.091497,
              55.796155
            ],
            [
              49.0917362,
              55.7965059
            ],
            [
              49.0920928,
              55.7967248
            ],
            [
              49.092387,
              55.797028
            ],
            [
              49.0922072,
              55.7971236
            ],
            [
              49.0919097,
              55.7971806
            ],
            [
              49.0915964,
              55.7972759
            ],
            [
              49.1026232,
              55.8092172
            ],
            [
              49.1027832,
              55.811388
            ],
            [
              49.1020951,
              55.8124911
            ],
            [
              49.101993,
              55.812481
            ],
            [
              49.1009459,
              55.8138784
            ],
            [
              49.1010586,
              55.8139131
            ],
            [
              49.0993126,
              55.816262
            ],
            [
              49.0981891,
              55.8179895
            ],
            [
              49.0925786,
              55.8166339
            ],
            [
              49.0898988,
              55.8159375
            ],
            [
              49.089305,
              55.8166749
            ],
            [
              49.0883407,
              55.8172324
            ],
            [
              49.0871106,
              55.8183021
            ],
            [
              49.0853061,
              55.8198025
            ],
            [
              49.0850072,
              55.8201215
            ],
            [
              49.0828402,
              55.8218691
            ],
            [
              49.0814658,
              55.8229782
            ],
            [
              49.0801762,
              55.8227808
            ],
            [
              49.0798363,
              55.822808
            ],
            [
              49.0787382,
              55.8228353
            ],
            [
              49.0783434,
              55.8222744
            ],
            [
              49.0772533,
              55.8225509
            ],
            [
              49.07463,
              55.8232853
            ],
            [
              49.0699588,
              55.8246142
            ],
            [
              49.0700949,
              55.8247278
            ],
            [
              49.0694552,
              55.8249098
            ],
            [
              49.0686244,
              55.8239872
            ],
            [
              49.0674462,
              55.8227171
            ],
            [
              49.0664823,
              55.8216368
            ],
            [
              49.0664197,
              55.8215666
            ]
          ]
        ]
      },
      "id": "relation/2133463"
    },
    {
      "type": "Feature",
      "properties": {
        "@id": "relation/2133464",
        "admin_level": "9",
        "boundary": "administrative",
        "name": "Московский район",
        "name:ru": "Московский район",
        "type": "boundary",
        "wikidata": "Q4304266",
        "wikipedia": "ru:Московский район (Казань)"
      },
      "geometry": {
        "type": "Polygon",
        "coordinates": [
          [
            [
              49.1046899,
              55.8091762
            ],
            [
              49.1050092,
              55.8140083
            ],
            [
              49.1049829,
              55.8224721
            ],
            [
              49.1050142,
              55.8269428
            ],
            [
              49.1009127,
              55.8270412
            ],
            [
              49.0959471,
              55.8270265
            ],
            [
              49.0953778,
              55.8268663
            ],
            [
              49.0949141,
              55.8268372
            ],
            [
              49.0949322,
              55.8267443
            ],
            [
              49.0947041,
              55.8267021
            ],
            [
              49.0942383,
              55.8267052
            ],
            [
              49.0938116,
              55.8267867
            ],
            [
              49.0915044,
              55.8313806
            ],
            [
              49.0905936,
              55.8330885
            ],
            [
              49.0897069,
              55.8347493
            ],
            [
              49.0884022,
              55.8378329
            ],
            [
              49.0864151,
              55.84247
            ],
            [
              49.0856267,
              55.8433182
            ],
            [
              49.0853872,
              55.8439422
            ],
            [
              49.0539443,
              55.8406612
            ],
            [
              49.0546194,
              55.841451
            ],
            [
              49.054536,
              55.8414916
            ],
            [
              49.0550675,
              55.8419707
            ],
            [
              49.055041,
              55.8420557
            ],
            [
              49.0556603,
              55.8427169
            ],
            [
              49.0560024,
              55.8432049
            ],
            [
              49.055748,
              55.844045
            ],
            [
              49.0551497,
              55.844667
            ],
            [
              49.0550162,
              55.844731
            ],
            [
              49.0550162,
              55.8447935
            ],
            [
              49.0552901,
              55.8450004
            ],
            [
              49.0541132,
              55.8474539
            ],
            [
              49.0534096,
              55.8473626
            ],
            [
              49.0532121,
              55.8476764
            ],
            [
              49.0535195,
              55.8476967
            ],
            [
              49.0535375,
              55.850212
            ],
            [
              49.0532037,
              55.8502393
            ],
            [
              49.0408348,
              55.850994
            ],
            [
              49.040207,
              55.8510316
            ],
            [
              49.0399475,
              55.8510457
            ],
            [
              49.0391209,
              55.8510971
            ],
            [
              49.0326542,
              55.852064
            ],
            [
              49.0323756,
              55.8521226
            ],
            [
              49.0277296,
              55.8542451
            ],
            [
              49.0266844,
              55.8547504
            ],
            [
              49.0193531,
              55.8581117
            ],
            [
              49.019823,
              55.8622162
            ],
            [
              49.0197325,
              55.8625881
            ],
            [
              49.0197431,
              55.8626172
            ],
            [
              49.0200547,
              55.8667904
            ],
            [
              49.0201865,
              55.8668561
            ],
            [
              49.020157,
              55.866962
            ],
            [
              49.020428,
              55.8699896
            ],
            [
              49.020513,
              55.8715897
            ],
            [
              49.0205261,
              55.8724646
            ],
            [
              49.0206587,
              55.8735678
            ],
            [
              49.0208877,
              55.8755947
            ],
            [
              49.0210922,
              55.8791081
            ],
            [
              49.02106,
              55.8791954
            ],
            [
              49.0211893,
              55.8794068
            ],
            [
              49.0212922,
              55.8799692
            ],
            [
              49.0214164,
              55.8799393
            ],
            [
              49.0219842,
              55.8993993
            ],
            [
              49.0230163,
              55.9001631
            ],
            [
              49.0231775,
              55.9003109
            ],
            [
              49.020552,
              55.9009929
            ],
            [
              49.0209315,
              55.9014251
            ],
            [
              49.0203946,
              55.9016268
            ],
            [
              49.0208292,
              55.9017878
            ],
            [
              49.0197457,
              55.9022089
            ],
            [
              49.0208396,
              55.9032627
            ],
            [
              49.018936,
              55.9039529
            ],
            [
              49.0129382,
              55.9064611
            ],
            [
              49.0119267,
              55.9068768
            ],
            [
              49.0069738,
              55.9088834
            ],
            [
              49.0043528,
              55.9099698
            ],
            [
              49.002562,
              55.9107046
            ],
            [
              48.9985763,
              55.912342
            ],
            [
              48.9985794,
              55.9123585
            ],
            [
              48.9945373,
              55.9139624
            ],
            [
              48.9945184,
              55.9139613
            ],
            [
              48.9944902,
              55.9139715
            ],
            [
              48.9940368,
              55.9139076
            ],
            [
              48.9940337,
              55.913897
            ],
            [
              48.9858272,
              55.91283
            ],
            [
              48.9836715,
              55.9125434
            ],
            [
              48.9800695,
              55.9120523
            ],
            [
              48.9789611,
              55.9109353
            ],
            [
              48.9766927,
              55.9085708
            ],
            [
              48.972022,
              55.9083121
            ],
            [
              48.9670347,
              55.9079754
            ],
            [
              48.9659274,
              55.9079787
            ],
            [
              48.9639644,
              55.9079323
            ],
            [
              48.9636376,
              55.9079247
            ],
            [
              48.9615281,
              55.9078187
            ],
            [
              48.9604132,
              55.9077385
            ],
            [
              48.959967,
              55.9076821
            ],
            [
              48.9563517,
              55.9074457
            ],
            [
              48.9553383,
              55.9051992
            ],
            [
              48.9514028,
              55.905634
            ],
            [
              48.9517552,
              55.9018355
            ],
            [
              48.9626725,
              55.9029157
            ],
            [
              48.9674803,
              55.9033903
            ],
            [
              48.9674453,
              55.9032598
            ],
            [
              48.9674936,
              55.9019115
            ],
            [
              48.9677206,
              55.8995396
            ],
            [
              48.9679546,
              55.8994958
            ],
            [
              48.967984,
              55.8992883
            ],
            [
              48.9683405,
              55.8991524
            ],
            [
              48.9686652,
              55.8990846
            ],
            [
              48.9691713,
              55.8990522
            ],
            [
              48.9699323,
              55.8990213
            ],
            [
              48.9719027,
              55.898765
            ],
            [
              48.9722278,
              55.8987038
            ],
            [
              48.9721225,
              55.8977365
            ],
            [
              48.9719949,
              55.8965787
            ],
            [
              48.9717709,
              55.8942198
            ],
            [
              48.9712491,
              55.8910612
            ],
            [
              48.9704403,
              55.8879688
            ],
            [
              48.9698777,
              55.8846863
            ],
            [
              48.9698496,
              55.8843792
            ],
            [
              48.9682197,
              55.8849776
            ],
            [
              48.9675091,
              55.8860403
            ],
            [
              48.9651806,
              55.8879032
            ],
            [
              48.9650902,
              55.8878831
            ],
            [
              48.9621029,
              55.8872171
            ],
            [
              48.9587831,
              55.8863419
            ],
            [
              48.9554644,
              55.8852057
            ],
            [
              48.9499953,
              55.884192
            ],
            [
              48.9453566,
              55.8836213
            ],
            [
              48.9409983,
              55.8822631
            ],
            [
              48.9379524,
              55.881805
            ],
            [
              48.9365646,
              55.8806732
            ],
            [
              48.9346338,
              55.8800559
            ],
            [
              48.9318751,
              55.8793537
            ],
            [
              48.9319326,
              55.8790933
            ],
            [
              48.9319292,
              55.8790623
            ],
            [
              48.9320616,
              55.878473
            ],
            [
              48.9298513,
              55.8778882
            ],
            [
              48.9288779,
              55.8757942
            ],
            [
              48.928884,
              55.8756313
            ],
            [
              48.9286589,
              55.8752811
            ],
            [
              48.9284042,
              55.8749787
            ],
            [
              48.9279721,
              55.8745732
            ],
            [
              48.9275397,
              55.8741253
            ],
            [
              48.9274872,
              55.8739763
            ],
            [
              48.9270563,
              55.8734466
            ],
            [
              48.930613,
              55.8734142
            ],
            [
              48.9306621,
              55.8734119
            ],
            [
              48.9306418,
              55.8732085
            ],
            [
              48.9309727,
              55.8731938
            ],
            [
              48.9328974,
              55.8727845
            ],
            [
              48.9328635,
              55.8724087
            ],
            [
              48.933266,
              55.8723351
            ],
            [
              48.9334752,
              55.8722678
            ],
            [
              48.9337342,
              55.872126
            ],
            [
              48.9338382,
              55.8720331
            ],
            [
              48.9327171,
              55.8686507
            ],
            [
              48.9326286,
              55.8682671
            ],
            [
              48.9323842,
              55.8678222
            ],
            [
              48.9321881,
              55.8675518
            ],
            [
              48.9319254,
              55.8672798
            ],
            [
              48.9316201,
              55.8672721
            ],
            [
              48.9315953,
              55.8671873
            ],
            [
              48.9313944,
              55.867201
            ],
            [
              48.9310847,
              55.8662085
            ],
            [
              48.9310075,
              55.8662018
            ],
            [
              48.9306545,
              55.8650659
            ],
            [
              48.9306426,
              55.8649033
            ],
            [
              48.9307287,
              55.8647619
            ],
            [
              48.9309982,
              55.8646414
            ],
            [
              48.9312468,
              55.864395
            ],
            [
              48.9338668,
              55.8637147
            ],
            [
              48.9339098,
              55.8637138
            ],
            [
              48.9355921,
              55.8632127
            ],
            [
              48.9382067,
              55.8621644
            ],
            [
              48.9397207,
              55.8614918
            ],
            [
              48.9399935,
              55.8613854
            ],
            [
              48.9408417,
              55.8608089
            ],
            [
              48.9416184,
              55.8605578
            ],
            [
              48.9439078,
              55.8602109
            ],
            [
              48.9448872,
              55.8600791
            ],
            [
              48.9457694,
              55.8598822
            ],
            [
              48.950976,
              55.8594185
            ],
            [
              48.9514257,
              55.8593054
            ],
            [
              48.9542266,
              55.8590988
            ],
            [
              48.9576103,
              55.858531
            ],
            [
              48.9579396,
              55.8587186
            ],
            [
              48.9583001,
              55.858704
            ],
            [
              48.9583091,
              55.8585466
            ],
            [
              48.9709067,
              55.8576788
            ],
            [
              48.972384,
              55.857577
            ],
            [
              48.9728956,
              55.8574765
            ],
            [
              48.9734921,
              55.8574999
            ],
            [
              48.9787792,
              55.857032
            ],
            [
              48.9812508,
              55.856932
            ],
            [
              48.9840344,
              55.8567556
            ],
            [
              48.9846583,
              55.8567572
            ],
            [
              48.9847589,
              55.8569577
            ],
            [
              48.9843046,
              55.8571328
            ],
            [
              48.9840677,
              55.8572483
            ],
            [
              48.9845543,
              55.8573625
            ],
            [
              48.985279,
              55.8571679
            ],
            [
              48.9855483,
              55.8567092
            ],
            [
              48.9868664,
              55.8565582
            ],
            [
              48.9873854,
              55.8564148
            ],
            [
              48.9896978,
              55.8563315
            ],
            [
              48.9943333,
              55.8555643
            ],
            [
              48.9970128,
              55.8549234
            ],
            [
              48.9988229,
              55.8544303
            ],
            [
              48.9992517,
              55.8543615
            ],
            [
              49.0002007,
              55.8544313
            ],
            [
              49.0018525,
              55.8545529
            ],
            [
              49.0030502,
              55.8546767
            ],
            [
              49.0032515,
              55.8546975
            ],
            [
              49.0052082,
              55.8545204
            ],
            [
              49.0067481,
              55.8541625
            ],
            [
              49.0073578,
              55.8539003
            ],
            [
              49.0112898,
              55.8496428
            ],
            [
              49.0210752,
              55.838324
            ],
            [
              49.0223958,
              55.8374331
            ],
            [
              49.0225207,
              55.8373315
            ],
            [
              49.0234636,
              55.837424
            ],
            [
              49.0236287,
              55.8372238
            ],
            [
              49.0237202,
              55.8361388
            ],
            [
              49.0250485,
              55.8363874
            ],
            [
              49.0269812,
              55.8341513
            ],
            [
              49.0284131,
              55.8327905
            ],
            [
              49.0285619,
              55.832785
            ],
            [
              49.0283494,
              55.8324784
            ],
            [
              49.0283003,
              55.832349
            ],
            [
              49.0282785,
              55.8319915
            ],
            [
              49.0290261,
              55.8308968
            ],
            [
              49.0291912,
              55.830934
            ],
            [
              49.0321109,
              55.8269682
            ],
            [
              49.0326847,
              55.8271372
            ],
            [
              49.0327013,
              55.8271146
            ],
            [
              49.0331718,
              55.8264728
            ],
            [
              49.0326324,
              55.8262139
            ],
            [
              49.0327337,
              55.8259853
            ],
            [
              49.0333255,
              55.8261147
            ],
            [
              49.0334137,
              55.8265187
            ],
            [
              49.0342851,
              55.8266785
            ],
            [
              49.0350428,
              55.8269012
            ],
            [
              49.0359815,
              55.8270898
            ],
            [
              49.036137,
              55.827121
            ],
            [
              49.0362028,
              55.8270833
            ],
            [
              49.0371944,
              55.827276
            ],
            [
              49.0373864,
              55.8270274
            ],
            [
              49.0375808,
              55.8270123
            ],
            [
              49.042883,
              55.8283499
            ],
            [
              49.0429951,
              55.8280144
            ],
            [
              49.0430063,
              55.8279809
            ],
            [
              49.0430109,
              55.8278276
            ],
            [
              49.0431678,
              55.8279764
            ],
            [
              49.0433983,
              55.8281425
            ],
            [
              49.0446549,
              55.8287261
            ],
            [
              49.0455154,
              55.8288308
            ],
            [
              49.0471444,
              55.8292156
            ],
            [
              49.0473275,
              55.8290632
            ],
            [
              49.0478686,
              55.8290889
            ],
            [
              49.0479798,
              55.8290651
            ],
            [
              49.0498517,
              55.8290329
            ],
            [
              49.0499685,
              55.8291245
            ],
            [
              49.0499904,
              55.8290725
            ],
            [
              49.0500589,
              55.8280052
            ],
            [
              49.0500867,
              55.8279795
            ],
            [
              49.0500883,
              55.8279024
            ],
            [
              49.0500556,
              55.8278698
            ],
            [
              49.050063,
              55.8274491
            ],
            [
              49.0497767,
              55.8270963
            ],
            [
              49.0501143,
              55.8269093
            ],
            [
              49.0521717,
              55.8259835
            ],
            [
              49.0524353,
              55.8258913
            ],
            [
              49.0539722,
              55.8252152
            ],
            [
              49.0541068,
              55.824952
            ],
            [
              49.0541755,
              55.8250135
            ],
            [
              49.0592711,
              55.8229184
            ],
            [
              49.0594676,
              55.8228613
            ],
            [
              49.0625241,
              55.8222669
            ],
            [
              49.0662685,
              55.8213829
            ],
            [
              49.0664197,
              55.8215666
            ],
            [
              49.0664823,
              55.8216368
            ],
            [
              49.0674462,
              55.8227171
            ],
            [
              49.0686244,
              55.8239872
            ],
            [
              49.0694552,
              55.8249098
            ],
            [
              49.0700949,
              55.8247278
            ],
            [
              49.0699588,
              55.8246142
            ],
            [
              49.07463,
              55.8232853
            ],
            [
              49.0772533,
              55.8225509
            ],
            [
              49.0783434,
              55.8222744
            ],
            [
              49.0787382,
              55.8228353
            ],
            [
              49.0798363,
              55.822808
            ],
            [
              49.0801762,
              55.8227808
            ],
            [
              49.0814658,
              55.8229782
            ],
            [
              49.0828402,
              55.8218691
            ],
            [
              49.0850072,
              55.8201215
            ],
            [
              49.0853061,
              55.8198025
            ],
            [
              49.0871106,
              55.8183021
            ],
            [
              49.0883407,
              55.8172324
            ],
            [
              49.089305,
              55.8166749
            ],
            [
              49.0898988,
              55.8159375
            ],
            [
              49.0925786,
              55.8166339
            ],
            [
              49.0981891,
              55.8179895
            ],
            [
              49.0993126,
              55.816262
            ],
            [
              49.1010586,
              55.8139131
            ],
            [
              49.1009459,
              55.8138784
            ],
            [
              49.101993,
              55.812481
            ],
            [
              49.1020951,
              55.8124911
            ],
            [
              49.1027832,
              55.811388
            ],
            [
              49.1026232,
              55.8092172
            ],
            [
              49.0915964,
              55.7972759
            ],
            [
              49.1039704,
              55.8025521
            ],
            [
              49.1046899,
              55.8091762
            ]
          ]
        ]
      },
      "id": "relation/2133464"
    },
    {
      "type": "Feature",
      "properties": {
        "@id": "relation/2133465",
        "admin_level": "9",
        "boundary": "administrative",
        "name": "Ново-Савиновский район",
        "name:ba": "Яңы-Савин районы",
        "name:ru": "Ново-Савиновский район",
        "type": "boundary",
        "wikidata": "Q4322958",
        "wikipedia": "ru:Ново-Савиновский район"
      },
      "geometry": {
        "type": "Polygon",
        "coordinates": [
          [
            [
              49.0853872,
              55.8439422
            ],
            [
              49.0856267,
              55.8433182
            ],
            [
              49.0864151,
              55.84247
            ],
            [
              49.0884022,
              55.8378329
            ],
            [
              49.0897069,
              55.8347493
            ],
            [
              49.0905936,
              55.8330885
            ],
            [
              49.0915044,
              55.8313806
            ],
            [
              49.0938116,
              55.8267867
            ],
            [
              49.0942383,
              55.8267052
            ],
            [
              49.0947041,
              55.8267021
            ],
            [
              49.0949322,
              55.8267443
            ],
            [
              49.0949141,
              55.8268372
            ],
            [
              49.0953778,
              55.8268663
            ],
            [
              49.0959471,
              55.8270265
            ],
            [
              49.1009127,
              55.8270412
            ],
            [
              49.1050142,
              55.8269428
            ],
            [
              49.1049829,
              55.8224721
            ],
            [
              49.1050092,
              55.8140083
            ],
            [
              49.1046899,
              55.8091762
            ],
            [
              49.1196665,
              55.8066993
            ],
            [
              49.1354531,
              55.804182
            ],
            [
              49.1399764,
              55.8054916
            ],
            [
              49.1439911,
              55.8073926
            ],
            [
              49.1604664,
              55.8133479
            ],
            [
              49.1677877,
              55.820117
            ],
            [
              49.1686837,
              55.8217324
            ],
            [
              49.1681484,
              55.8236472
            ],
            [
              49.1681445,
              55.8244139
            ],
            [
              49.1695692,
              55.8258619
            ],
            [
              49.1704445,
              55.8263797
            ],
            [
              49.171938,
              55.8268488
            ],
            [
              49.1731687,
              55.8271976
            ],
            [
              49.1742645,
              55.8279198
            ],
            [
              49.17525,
              55.8287888
            ],
            [
              49.1755181,
              55.8298414
            ],
            [
              49.1750811,
              55.8316292
            ],
            [
              49.1742405,
              55.8322765
            ],
            [
              49.1718354,
              55.8332064
            ],
            [
              49.1710188,
              55.8340944
            ],
            [
              49.1712843,
              55.8357112
            ],
            [
              49.1723437,
              55.8367918
            ],
            [
              49.1733058,
              55.8384643
            ],
            [
              49.1734413,
              55.8396659
            ],
            [
              49.1723015,
              55.8406283
            ],
            [
              49.1703411,
              55.8407361
            ],
            [
              49.1666526,
              55.8404902
            ],
            [
              49.1628385,
              55.8425331
            ],
            [
              49.1621769,
              55.8438181
            ],
            [
              49.1635142,
              55.8475544
            ],
            [
              49.1635919,
              55.847775
            ],
            [
              49.1513306,
              55.8502446
            ],
            [
              49.1493967,
              55.8503905
            ],
            [
              49.1487632,
              55.8503944
            ],
            [
              49.1478703,
              55.8503697
            ],
            [
              49.1330979,
              55.8488524
            ],
            [
              49.1324531,
              55.8487855
            ],
            [
              49.1284305,
              55.8483791
            ],
            [
              49.1280305,
              55.8483207
            ],
            [
              49.1124153,
              55.8467386
            ],
            [
              49.0983844,
              55.8452191
            ],
            [
              49.0977463,
              55.8452035
            ],
            [
              49.0853872,
              55.8439422
            ]
          ]
        ]
      },
      "id": "relation/2133465"
    },
    {
      "type": "Feature",
      "properties": {
        "@id": "relation/2133466",
        "admin_level": "9",
        "boundary": "administrative",
        "name": "Приволжский район",
        "name:ba": "Волга буйы районы",
        "name:ru": "Приволжский район",
        "type": "boundary",
        "wikidata": "Q4377895",
        "wikipedia": "ru:Приволжский район (Казань)"
      },
      "geometry": {
        "type": "Polygon",
        "coordinates": [
          [
            [
              49.3132449,
              55.7393122
            ],
            [
              49.3133335,
              55.7395568
            ],
            [
              49.313355,
              55.7397682
            ],
            [
              49.3132262,
              55.7399615
            ],
            [
              49.3129473,
              55.7400702
            ],
            [
              49.3126361,
              55.7400883
            ],
            [
              49.3122606,
              55.7399917
            ],
            [
              49.3119066,
              55.7400581
            ],
            [
              49.3113916,
              55.7402635
            ],
            [
              49.3109088,
              55.740493
            ],
            [
              49.3106191,
              55.7407708
            ],
            [
              49.3103294,
              55.7410668
            ],
            [
              49.3101685,
              55.7411332
            ],
            [
              49.3099003,
              55.7411332
            ],
            [
              49.3094604,
              55.7410426
            ],
            [
              49.3091063,
              55.7410607
            ],
            [
              49.3087738,
              55.7411332
            ],
            [
              49.3084626,
              55.7413204
            ],
            [
              49.3083768,
              55.7414895
            ],
            [
              49.3083124,
              55.7416345
            ],
            [
              49.308248,
              55.7416466
            ],
            [
              49.3081193,
              55.7416043
            ],
            [
              49.3078296,
              55.7414956
            ],
            [
              49.307497,
              55.7415076
            ],
            [
              49.3072288,
              55.7416405
            ],
            [
              49.3068855,
              55.7417371
            ],
            [
              49.3064456,
              55.7417432
            ],
            [
              49.305759,
              55.741713
            ],
            [
              49.305083,
              55.7416707
            ],
            [
              49.3044178,
              55.7417251
            ],
            [
              49.3040745,
              55.7418217
            ],
            [
              49.3039887,
              55.7419787
            ],
            [
              49.3040745,
              55.7421237
            ],
            [
              49.3044286,
              55.7423713
            ],
            [
              49.3048577,
              55.7425585
            ],
            [
              49.3051152,
              55.7426612
            ],
            [
              49.3055336,
              55.742933
            ],
            [
              49.305877,
              55.7431262
            ],
            [
              49.3060272,
              55.743241
            ],
            [
              49.3060915,
              55.7433799
            ],
            [
              49.3060379,
              55.7434765
            ],
            [
              49.3059843,
              55.743712
            ],
            [
              49.3059199,
              55.7439475
            ],
            [
              49.3057375,
              55.7440925
            ],
            [
              49.3053191,
              55.7442857
            ],
            [
              49.3050136,
              55.7443622
            ],
            [
              49.3059121,
              55.7449447
            ],
            [
              49.3061451,
              55.7450668
            ],
            [
              49.3062582,
              55.7451119
            ],
            [
              49.3063638,
              55.7452303
            ],
            [
              49.3065833,
              55.7453967
            ],
            [
              49.3072164,
              55.7456793
            ],
            [
              49.3074797,
              55.7458574
            ],
            [
              49.3082028,
              55.7459743
            ],
            [
              49.3087193,
              55.7460798
            ],
            [
              49.3091761,
              55.7461842
            ],
            [
              49.3094415,
              55.7462797
            ],
            [
              49.3097697,
              55.7464668
            ],
            [
              49.3099154,
              55.7465312
            ],
            [
              49.3102019,
              55.7466414
            ],
            [
              49.3104035,
              55.7466904
            ],
            [
              49.3112803,
              55.7471082
            ],
            [
              49.3123951,
              55.7475446
            ],
            [
              49.3139124,
              55.748121
            ],
            [
              49.3142599,
              55.7482863
            ],
            [
              49.3143928,
              55.7484654
            ],
            [
              49.3142696,
              55.7486895
            ],
            [
              49.3141821,
              55.7488398
            ],
            [
              49.3127967,
              55.7491779
            ],
            [
              49.3123958,
              55.7492572
            ],
            [
              49.3120301,
              55.7493295
            ],
            [
              49.3113512,
              55.7495044
            ],
            [
              49.3112522,
              55.7495396
            ],
            [
              49.3104559,
              55.7497798
            ],
            [
              49.3101739,
              55.7498957
            ],
            [
              49.3100769,
              55.7499356
            ],
            [
              49.308548,
              55.7505319
            ],
            [
              49.3082945,
              55.750627
            ],
            [
              49.3081957,
              55.7506655
            ],
            [
              49.304977,
              55.7518997
            ],
            [
              49.3042839,
              55.7521486
            ],
            [
              49.3028721,
              55.7527247
            ],
            [
              49.3015859,
              55.7532495
            ],
            [
              49.3024008,
              55.7537177
            ],
            [
              49.3034079,
              55.7542162
            ],
            [
              49.304045,
              55.754515
            ],
            [
              49.3044565,
              55.75463
            ],
            [
              49.3050574,
              55.7548345
            ],
            [
              49.3055996,
              55.7549979
            ],
            [
              49.3060471,
              55.7550833
            ],
            [
              49.3065627,
              55.755175
            ],
            [
              49.3070336,
              55.7551688
            ],
            [
              49.3079355,
              55.7555803
            ],
            [
              49.3087345,
              55.7558785
            ],
            [
              49.3088519,
              55.7560628
            ],
            [
              49.3088536,
              55.7562025
            ],
            [
              49.3088643,
              55.7562984
            ],
            [
              49.3085855,
              55.757733
            ],
            [
              49.3084812,
              55.758069
            ],
            [
              49.3084833,
              55.7585248
            ],
            [
              49.308251,
              55.7587942
            ],
            [
              49.3080973,
              55.7591301
            ],
            [
              49.3080076,
              55.7592815
            ],
            [
              49.3078169,
              55.7595211
            ],
            [
              49.3071545,
              55.7599452
            ],
            [
              49.3069314,
              55.7600958
            ],
            [
              49.3066556,
              55.7606253
            ],
            [
              49.3065933,
              55.7608212
            ],
            [
              49.3066058,
              55.7613022
            ],
            [
              49.3065246,
              55.7619358
            ],
            [
              49.306462,
              55.7621272
            ],
            [
              49.3062908,
              55.7622181
            ],
            [
              49.306044,
              55.7622973
            ],
            [
              49.3050095,
              55.7625908
            ],
            [
              49.3048599,
              55.7625608
            ],
            [
              49.3040142,
              55.7625504
            ],
            [
              49.3033202,
              55.7625994
            ],
            [
              49.3026143,
              55.7625824
            ],
            [
              49.3017154,
              55.7626432
            ],
            [
              49.3000468,
              55.7628074
            ],
            [
              49.2994667,
              55.7628809
            ],
            [
              49.2989263,
              55.7628818
            ],
            [
              49.2983094,
              55.7629484
            ],
            [
              49.2979355,
              55.7629314
            ],
            [
              49.2973296,
              55.7628429
            ],
            [
              49.2968543,
              55.7627219
            ],
            [
              49.2957547,
              55.7624051
            ],
            [
              49.2953267,
              55.7621268
            ],
            [
              49.2951343,
              55.7619471
            ],
            [
              49.2941727,
              55.7616375
            ],
            [
              49.2935624,
              55.7616145
            ],
            [
              49.2928699,
              55.7616157
            ],
            [
              49.2924949,
              55.7615667
            ],
            [
              49.2917688,
              55.76159
            ],
            [
              49.290799,
              55.7614837
            ],
            [
              49.2894767,
              55.7615128
            ],
            [
              49.2891738,
              55.7615772
            ],
            [
              49.2886897,
              55.7616482
            ],
            [
              49.2883386,
              55.7616375
            ],
            [
              49.287833,
              55.7615843
            ],
            [
              49.2873113,
              55.7615099
            ],
            [
              49.2862375,
              55.761598
            ],
            [
              49.2942701,
              55.7548194
            ],
            [
              49.2961872,
              55.751451
            ],
            [
              49.2963297,
              55.7514086
            ],
            [
              49.2962688,
              55.7513133
            ],
            [
              49.2968088,
              55.7503659
            ],
            [
              49.2968388,
              55.7503461
            ],
            [
              49.2968429,
              55.7502909
            ],
            [
              49.2945415,
              55.7511162
            ],
            [
              49.2913289,
              55.7516736
            ],
            [
              49.2836345,
              55.7529541
            ],
            [
              49.2802248,
              55.7541057
            ],
            [
              49.2730377,
              55.7570016
            ],
            [
              49.2693153,
              55.7580951
            ],
            [
              49.2691897,
              55.7580293
            ],
            [
              49.2689531,
              55.7579833
            ],
            [
              49.2681148,
              55.7579505
            ],
            [
              49.2676008,
              55.7577302
            ],
            [
              49.2677059,
              55.7568019
            ],
            [
              49.2699842,
              55.754869
            ],
            [
              49.2697739,
              55.7535606
            ],
            [
              49.2691428,
              55.7527671
            ],
            [
              49.2623253,
              55.7519612
            ],
            [
              49.2620857,
              55.7520111
            ],
            [
              49.261871,
              55.7520797
            ],
            [
              49.2613381,
              55.7522099
            ],
            [
              49.2605202,
              55.7523791
            ],
            [
              49.2604209,
              55.7524095
            ],
            [
              49.2600581,
              55.7525633
            ],
            [
              49.259771,
              55.7527062
            ],
            [
              49.2596677,
              55.7528073
            ],
            [
              49.2595273,
              55.7529933
            ],
            [
              49.2594075,
              55.7531363
            ],
            [
              49.2591576,
              55.7533408
            ],
            [
              49.2588022,
              55.753563
            ],
            [
              49.2576078,
              55.7544074
            ],
            [
              49.2570997,
              55.754641
            ],
            [
              49.2568337,
              55.7548137
            ],
            [
              49.2562389,
              55.7555332
            ],
            [
              49.2559374,
              55.7559439
            ],
            [
              49.2547407,
              55.7569387
            ],
            [
              49.2542727,
              55.7572454
            ],
            [
              49.2542727,
              55.7572997
            ],
            [
              49.2541164,
              55.7574205
            ],
            [
              49.2542122,
              55.7581197
            ],
            [
              49.2539168,
              55.7586136
            ],
            [
              49.2532332,
              55.7592732
            ],
            [
              49.2530515,
              55.7600309
            ],
            [
              49.2534067,
              55.7605213
            ],
            [
              49.2534619,
              55.7608524
            ],
            [
              49.2531245,
              55.7608433
            ],
            [
              49.2508991,
              55.7599858
            ],
            [
              49.246697,
              55.7596143
            ],
            [
              49.2452756,
              55.7594412
            ],
            [
              49.2427913,
              55.759095
            ],
            [
              49.2418109,
              55.7589154
            ],
            [
              49.2413815,
              55.7587378
            ],
            [
              49.2413245,
              55.7587345
            ],
            [
              49.2413231,
              55.7581034
            ],
            [
              49.2370704,
              55.7581159
            ],
            [
              49.2314228,
              55.7576527
            ],
            [
              49.2298965,
              55.7575137
            ],
            [
              49.2190217,
              55.7575159
            ],
            [
              49.2191207,
              55.7594186
            ],
            [
              49.2183689,
              55.7594407
            ],
            [
              49.2183646,
              55.7601841
            ],
            [
              49.21789,
              55.7601627
            ],
            [
              49.2173423,
              55.7602301
            ],
            [
              49.2173394,
              55.7605958
            ],
            [
              49.21554,
              55.7606081
            ],
            [
              49.2149325,
              55.7608826
            ],
            [
              49.2134696,
              55.760954
            ],
            [
              49.2123738,
              55.7604787
            ],
            [
              49.2117438,
              55.7601411
            ],
            [
              49.2114846,
              55.760287
            ],
            [
              49.2111697,
              55.7601409
            ],
            [
              49.2111699,
              55.7598396
            ],
            [
              49.211516,
              55.7596901
            ],
            [
              49.210675,
              55.7592167
            ],
            [
              49.2104726,
              55.7592522
            ],
            [
              49.2101927,
              55.7596182
            ],
            [
              49.2100606,
              55.7597461
            ],
            [
              49.2083318,
              55.7604375
            ],
            [
              49.2081825,
              55.7605027
            ],
            [
              49.2079356,
              55.7603823
            ],
            [
              49.2079913,
              55.7603503
            ],
            [
              49.2065898,
              55.7596274
            ],
            [
              49.2045326,
              55.7597346
            ],
            [
              49.2043853,
              55.7598186
            ],
            [
              49.2042522,
              55.7597975
            ],
            [
              49.2037085,
              55.7598366
            ],
            [
              49.2036424,
              55.7598401
            ],
            [
              49.2036265,
              55.7597452
            ],
            [
              49.2003655,
              55.7596751
            ],
            [
              49.2003745,
              55.7596319
            ],
            [
              49.2002606,
              55.75963
            ],
            [
              49.1994996,
              55.7595995
            ],
            [
              49.1993336,
              55.7595959
            ],
            [
              49.1993332,
              55.759399
            ],
            [
              49.1991518,
              55.7593965
            ],
            [
              49.1991459,
              55.7595913
            ],
            [
              49.1987234,
              55.7595801
            ],
            [
              49.1987038,
              55.7595796
            ],
            [
              49.1986914,
              55.7595787
            ],
            [
              49.1986703,
              55.7595761
            ],
            [
              49.1986385,
              55.7595711
            ],
            [
              49.198618,
              55.759567
            ],
            [
              49.1986039,
              55.7595641
            ],
            [
              49.1985866,
              55.7595606
            ],
            [
              49.1985692,
              55.7595565
            ],
            [
              49.1985508,
              55.7595505
            ],
            [
              49.1985422,
              55.7595467
            ],
            [
              49.1985336,
              55.7595419
            ],
            [
              49.1984834,
              55.7595095
            ],
            [
              49.1983947,
              55.7594525
            ],
            [
              49.197859,
              55.7594392
            ],
            [
              49.1974269,
              55.7594285
            ],
            [
              49.1974075,
              55.7592226
            ],
            [
              49.1973885,
              55.7590541
            ],
            [
              49.1974134,
              55.758944
            ],
            [
              49.1974513,
              55.7588881
            ],
            [
              49.1974513,
              55.7587632
            ],
            [
              49.1944841,
              55.7587038
            ],
            [
              49.1949159,
              55.7584501
            ],
            [
              49.1949562,
              55.7583495
            ],
            [
              49.1888568,
              55.7584125
            ],
            [
              49.1887537,
              55.7607313
            ],
            [
              49.186632,
              55.7603844
            ],
            [
              49.1862352,
              55.7603087
            ],
            [
              49.1855883,
              55.7601029
            ],
            [
              49.1853139,
              55.7599777
            ],
            [
              49.1850103,
              55.7597932
            ],
            [
              49.1846772,
              55.7595508
            ],
            [
              49.1842222,
              55.7592062
            ],
            [
              49.1822953,
              55.757825
            ],
            [
              49.1820193,
              55.7577027
            ],
            [
              49.1818226,
              55.7576513
            ],
            [
              49.1814603,
              55.7575979
            ],
            [
              49.1798748,
              55.7573668
            ],
            [
              49.1772921,
              55.7570232
            ],
            [
              49.1758792,
              55.7568261
            ],
            [
              49.1752029,
              55.7567232
            ],
            [
              49.1745438,
              55.756596
            ],
            [
              49.1740453,
              55.7564465
            ],
            [
              49.1735432,
              55.756265
            ],
            [
              49.1729687,
              55.756032
            ],
            [
              49.1725148,
              55.7557991
            ],
            [
              49.1721499,
              55.7555777
            ],
            [
              49.1719422,
              55.7554353
            ],
            [
              49.1700585,
              55.7541602
            ],
            [
              49.169109,
              55.753534
            ],
            [
              49.1686655,
              55.7533052
            ],
            [
              49.1682204,
              55.7531732
            ],
            [
              49.1675527,
              55.7530508
            ],
            [
              49.1667384,
              55.7529246
            ],
            [
              49.1660708,
              55.7527994
            ],
            [
              49.1657326,
              55.7526974
            ],
            [
              49.1651202,
              55.7525576
            ],
            [
              49.1644917,
              55.7526422
            ],
            [
              49.1645569,
              55.7533219
            ],
            [
              49.1643112,
              55.7549823
            ],
            [
              49.1640126,
              55.7563811
            ],
            [
              49.1637896,
              55.7581607
            ],
            [
              49.1635103,
              55.7589731
            ],
            [
              49.1627844,
              55.7603641
            ],
            [
              49.1618788,
              55.7623411
            ],
            [
              49.160846,
              55.7630469
            ],
            [
              49.1607383,
              55.7633186
            ],
            [
              49.1607766,
              55.7637046
            ],
            [
              49.1608016,
              55.7637107
            ],
            [
              49.1608356,
              55.7639429
            ],
            [
              49.1604969,
              55.764373
            ],
            [
              49.1601768,
              55.7648436
            ],
            [
              49.1558707,
              55.7687725
            ],
            [
              49.153875,
              55.7701961
            ],
            [
              49.1523229,
              55.7714986
            ],
            [
              49.1522827,
              55.7714854
            ],
            [
              49.149356,
              55.7741151
            ],
            [
              49.1442348,
              55.7764857
            ],
            [
              49.1438238,
              55.7761414
            ],
            [
              49.1412156,
              55.7743734
            ],
            [
              49.1411397,
              55.7742814
            ],
            [
              49.1399931,
              55.773566
            ],
            [
              49.1395028,
              55.7732375
            ],
            [
              49.1361873,
              55.7711484
            ],
            [
              49.1360458,
              55.7710023
            ],
            [
              49.1359828,
              55.7709956
            ],
            [
              49.1353753,
              55.7707491
            ],
            [
              49.1349985,
              55.7706325
            ],
            [
              49.132247,
              55.7695892
            ],
            [
              49.1298624,
              55.7688853
            ],
            [
              49.127875,
              55.768091
            ],
            [
              49.1259044,
              55.7674619
            ],
            [
              49.1257902,
              55.7674952
            ],
            [
              49.1256064,
              55.7676056
            ],
            [
              49.1253059,
              55.7678861
            ],
            [
              49.1236738,
              55.7694664
            ],
            [
              49.1225448,
              55.7691559
            ],
            [
              49.1221447,
              55.7692134
            ],
            [
              49.1202111,
              55.7710027
            ],
            [
              49.1187587,
              55.7723342
            ],
            [
              49.1186153,
              55.7724743
            ],
            [
              49.1160922,
              55.7747353
            ],
            [
              49.1160457,
              55.7748096
            ],
            [
              49.1117147,
              55.7737351
            ],
            [
              49.1113929,
              55.773688
            ],
            [
              49.1106845,
              55.7735242
            ],
            [
              49.1103768,
              55.7735114
            ],
            [
              49.1099864,
              55.7736241
            ],
            [
              49.1096756,
              55.7736892
            ],
            [
              49.1085609,
              55.7733592
            ],
            [
              49.1073794,
              55.7731047
            ],
            [
              49.1072668,
              55.7730216
            ],
            [
              49.1062372,
              55.7728009
            ],
            [
              49.1061226,
              55.7728044
            ],
            [
              49.1055515,
              55.7726923
            ],
            [
              49.1062271,
              55.7717052
            ],
            [
              49.1063249,
              55.7714711
            ],
            [
              49.1066698,
              55.7697862
            ],
            [
              49.1066586,
              55.7696464
            ],
            [
              49.1067088,
              55.7690486
            ],
            [
              49.1068802,
              55.768348
            ],
            [
              49.1074062,
              55.7665127
            ],
            [
              49.1078633,
              55.7654898
            ],
            [
              49.1084756,
              55.7646107
            ],
            [
              49.1093656,
              55.7638303
            ],
            [
              49.1105093,
              55.7630911
            ],
            [
              49.1119321,
              55.7626209
            ],
            [
              49.1133473,
              55.7622536
            ],
            [
              49.1134889,
              55.7621993
            ],
            [
              49.1137153,
              55.7621969
            ],
            [
              49.1135926,
              55.7620794
            ],
            [
              49.1129252,
              55.7619737
            ],
            [
              49.1127062,
              55.7620422
            ],
            [
              49.1115709,
              55.7619426
            ],
            [
              49.1115074,
              55.7619229
            ],
            [
              49.1108559,
              55.7618754
            ],
            [
              49.1104732,
              55.7618155
            ],
            [
              49.1105772,
              55.761228
            ],
            [
              49.10889,
              55.7611895
            ],
            [
              49.1075828,
              55.7611912
            ],
            [
              49.1065024,
              55.7611039
            ],
            [
              49.1061904,
              55.7611496
            ],
            [
              49.1055291,
              55.7610767
            ],
            [
              49.1048771,
              55.7612331
            ],
            [
              49.1045763,
              55.7615894
            ],
            [
              49.1041957,
              55.7615732
            ],
            [
              49.1039459,
              55.7616195
            ],
            [
              49.1028863,
              55.7615219
            ],
            [
              49.1026868,
              55.7615035
            ],
            [
              49.102925,
              55.7606016
            ],
            [
              49.1027992,
              55.7600748
            ],
            [
              49.1008094,
              55.7601392
            ],
            [
              49.0799179,
              55.7573831
            ],
            [
              49.0798246,
              55.7573174
            ],
            [
              49.0796501,
              55.7572918
            ],
            [
              49.0795567,
              55.7572102
            ],
            [
              49.0778687,
              55.7569943
            ],
            [
              49.0777851,
              55.7570731
            ],
            [
              49.0773897,
              55.7570502
            ],
            [
              49.0767447,
              55.7569659
            ],
            [
              49.0124832,
              55.748491
            ],
            [
              49.0018453,
              55.7243852
            ],
            [
              48.9980816,
              55.7206125
            ],
            [
              48.9904023,
              55.7087848
            ],
            [
              48.9896035,
              55.7058614
            ],
            [
              48.9888517,
              55.7021428
            ],
            [
              48.9883259,
              55.696668
            ],
            [
              48.9883715,
              55.693419
            ],
            [
              48.9885063,
              55.6838208
            ],
            [
              48.9914322,
              55.6739816
            ],
            [
              48.9914368,
              55.6738946
            ],
            [
              49.0388886,
              55.6737989
            ],
            [
              49.044,
              55.6749899
            ],
            [
              49.0441525,
              55.6750622
            ],
            [
              49.0443717,
              55.6750896
            ],
            [
              49.0532104,
              55.6779364
            ],
            [
              49.0533684,
              55.6780294
            ],
            [
              49.0536395,
              55.6780832
            ],
            [
              49.0542026,
              55.6782185
            ],
            [
              49.054742,
              55.6783718
            ],
            [
              49.0552469,
              55.6784958
            ],
            [
              49.0583418,
              55.6795247
            ],
            [
              49.0585095,
              55.6795996
            ],
            [
              49.0589024,
              55.6796843
            ],
            [
              49.0596789,
              55.6799542
            ],
            [
              49.0601201,
              55.6800427
            ],
            [
              49.0605748,
              55.6800865
            ],
            [
              49.0609825,
              55.6799164
            ],
            [
              49.0611112,
              55.6799126
            ],
            [
              49.0612292,
              55.6799769
            ],
            [
              49.0615967,
              55.6796926
            ],
            [
              49.0614277,
              55.6796064
            ],
            [
              49.0645775,
              55.6774575
            ],
            [
              49.068443,
              55.6800079
            ],
            [
              49.0705848,
              55.6814423
            ],
            [
              49.0708885,
              55.6816744
            ],
            [
              49.0812479,
              55.6817129
            ],
            [
              49.089151,
              55.683334
            ],
            [
              49.0912183,
              55.6831442
            ],
            [
              49.0960061,
              55.6827877
            ],
            [
              49.0967739,
              55.685401
            ],
            [
              49.1037557,
              55.6846291
            ],
            [
              49.1037932,
              55.6846163
            ],
            [
              49.1062461,
              55.6845263
            ],
            [
              49.1063453,
              55.6842677
            ],
            [
              49.1068053,
              55.6838995
            ],
            [
              49.1069435,
              55.68383
            ],
            [
              49.1075188,
              55.6835359
            ],
            [
              49.1084093,
              55.6830036
            ],
            [
              49.1090544,
              55.6828259
            ],
            [
              49.1093923,
              55.6828085
            ],
            [
              49.1097075,
              55.6826883
            ],
            [
              49.1098818,
              55.6825
            ],
            [
              49.1101393,
              55.6823556
            ],
            [
              49.110889,
              55.682215
            ],
            [
              49.1112712,
              55.6820713
            ],
            [
              49.1116548,
              55.6818392
            ],
            [
              49.1123106,
              55.6815148
            ],
            [
              49.1128671,
              55.6811791
            ],
            [
              49.1134127,
              55.6807945
            ],
            [
              49.1133285,
              55.6807602
            ],
            [
              49.1133716,
              55.6807344
            ],
            [
              49.1121899,
              55.6801531
            ],
            [
              49.1121449,
              55.6801777
            ],
            [
              49.1118063,
              55.6800197
            ],
            [
              49.1113596,
              55.6798346
            ],
            [
              49.1113496,
              55.6797958
            ],
            [
              49.1117464,
              55.679546
            ],
            [
              49.1118705,
              55.6796141
            ],
            [
              49.1121886,
              55.6794085
            ],
            [
              49.111685,
              55.6791952
            ],
            [
              49.1116056,
              55.6792492
            ],
            [
              49.1114509,
              55.6791814
            ],
            [
              49.1110477,
              55.6795292
            ],
            [
              49.1109244,
              55.6795562
            ],
            [
              49.1108286,
              55.6795535
            ],
            [
              49.1098722,
              55.6792382
            ],
            [
              49.1088331,
              55.6788177
            ],
            [
              49.1090222,
              55.6780748
            ],
            [
              49.109572,
              55.6777905
            ],
            [
              49.1095935,
              55.6777999
            ],
            [
              49.1097584,
              55.6776706
            ],
            [
              49.1098697,
              55.6777084
            ],
            [
              49.1099422,
              55.6776736
            ],
            [
              49.1098143,
              55.6776129
            ],
            [
              49.1100763,
              55.6774793
            ],
            [
              49.1101031,
              55.6774854
            ],
            [
              49.1105162,
              55.6769152
            ],
            [
              49.1106382,
              55.6766301
            ],
            [
              49.1102573,
              55.6765688
            ],
            [
              49.1102225,
              55.676612
            ],
            [
              49.1100857,
              55.6765787
            ],
            [
              49.110091,
              55.6765705
            ],
            [
              49.1097108,
              55.67648
            ],
            [
              49.1097289,
              55.6764528
            ],
            [
              49.1093923,
              55.6763431
            ],
            [
              49.1090108,
              55.6761976
            ],
            [
              49.1090363,
              55.6761669
            ],
            [
              49.1085776,
              55.6760811
            ],
            [
              49.1085716,
              55.6761015
            ],
            [
              49.1084381,
              55.6761057
            ],
            [
              49.1081002,
              55.6761488
            ],
            [
              49.1078849,
              55.6761412
            ],
            [
              49.1078789,
              55.6761609
            ],
            [
              49.107551,
              55.6761711
            ],
            [
              49.107262,
              55.6761193
            ],
            [
              49.1073015,
              55.6759476
            ],
            [
              49.1073451,
              55.6757363
            ],
            [
              49.1074477,
              55.6754765
            ],
            [
              49.1083516,
              55.675464
            ],
            [
              49.1087258,
              55.6754591
            ],
            [
              49.1088297,
              55.6754584
            ],
            [
              49.1089777,
              55.6754733
            ],
            [
              49.1099135,
              55.6754915
            ],
            [
              49.1104676,
              55.6755321
            ],
            [
              49.1109185,
              55.6755419
            ],
            [
              49.1112752,
              55.675523
            ],
            [
              49.111585,
              55.6753604
            ],
            [
              49.1113088,
              55.6746791
            ],
            [
              49.1111398,
              55.6743214
            ],
            [
              49.1109198,
              55.6739266
            ],
            [
              49.1107294,
              55.6737436
            ],
            [
              49.1102677,
              55.6736672
            ],
            [
              49.1088708,
              55.6735006
            ],
            [
              49.10804,
              55.673442
            ],
            [
              49.1064325,
              55.6732513
            ],
            [
              49.106112,
              55.6732331
            ],
            [
              49.1060302,
              55.6731182
            ],
            [
              49.106454,
              55.6717561
            ],
            [
              49.1065961,
              55.6704303
            ],
            [
              49.1073119,
              55.6673091
            ],
            [
              49.1134196,
              55.6683609
            ],
            [
              49.1132694,
              55.6536818
            ],
            [
              49.0983456,
              55.6444133
            ],
            [
              49.1050565,
              55.6375953
            ],
            [
              49.1062313,
              55.6363297
            ],
            [
              49.1061321,
              55.6361207
            ],
            [
              49.10578,
              55.6356355
            ],
            [
              49.1052235,
              55.6352627
            ],
            [
              49.1050713,
              55.6351783
            ],
            [
              49.1052178,
              55.6350683
            ],
            [
              49.1053838,
              55.6351548
            ],
            [
              49.1056319,
              55.6349928
            ],
            [
              49.1054226,
              55.6349232
            ],
            [
              49.1057982,
              55.6346506
            ],
            [
              49.1069984,
              55.6352245
            ],
            [
              49.1115825,
              55.6376405
            ],
            [
              49.1119638,
              55.6378406
            ],
            [
              49.1118377,
              55.6354971
            ],
            [
              49.1118157,
              55.6350882
            ],
            [
              49.1114888,
              55.6321762
            ],
            [
              49.1127353,
              55.6319585
            ],
            [
              49.1123305,
              55.6294306
            ],
            [
              49.1114512,
              55.6223841
            ],
            [
              49.1115405,
              55.6220656
            ],
            [
              49.1114742,
              55.6216249
            ],
            [
              49.1114499,
              55.6214633
            ],
            [
              49.0993876,
              55.6229514
            ],
            [
              49.0982061,
              55.6229654
            ],
            [
              49.0981042,
              55.6229501
            ],
            [
              49.0979862,
              55.6231076
            ],
            [
              49.0933728,
              55.6236225
            ],
            [
              49.0858972,
              55.6242494
            ],
            [
              49.0861284,
              55.6231398
            ],
            [
              49.0862272,
              55.6226657
            ],
            [
              49.0869639,
              55.620775
            ],
            [
              49.087319,
              55.6198637
            ],
            [
              49.0891219,
              55.6146147
            ],
            [
              49.0897872,
              55.6122194
            ],
            [
              49.0896177,
              55.6121898
            ],
            [
              49.0897894,
              55.6114566
            ],
            [
              49.0900683,
              55.6109051
            ],
            [
              49.0903199,
              55.6102138
            ],
            [
              49.0908081,
              55.610423
            ],
            [
              49.0932548,
              55.6105234
            ],
            [
              49.0941667,
              55.6104809
            ],
            [
              49.0969884,
              55.6106264
            ],
            [
              49.0971279,
              55.6106749
            ],
            [
              49.100484,
              55.6108061
            ],
            [
              49.1013014,
              55.6099931
            ],
            [
              49.1021388,
              55.6090785
            ],
            [
              49.1017707,
              55.608968
            ],
            [
              49.1012921,
              55.6086713
            ],
            [
              49.1013385,
              55.6086203
            ],
            [
              49.1016394,
              55.608519
            ],
            [
              49.1016496,
              55.6084798
            ],
            [
              49.1016199,
              55.6084673
            ],
            [
              49.1019824,
              55.6081617
            ],
            [
              49.1022951,
              55.6079287
            ],
            [
              49.1030063,
              55.6074852
            ],
            [
              49.1029055,
              55.6074376
            ],
            [
              49.1030146,
              55.6073796
            ],
            [
              49.1030706,
              55.6074076
            ],
            [
              49.1032059,
              55.6074056
            ],
            [
              49.1049065,
              55.6064012
            ],
            [
              49.1052765,
              55.6061358
            ],
            [
              49.10577,
              55.6058449
            ],
            [
              49.1065693,
              55.6055661
            ],
            [
              49.1071218,
              55.6054267
            ],
            [
              49.1075402,
              55.6052237
            ],
            [
              49.1083835,
              55.6049787
            ],
            [
              49.1088277,
              55.6049297
            ],
            [
              49.109686,
              55.6049176
            ],
            [
              49.1101103,
              55.6049336
            ],
            [
              49.1105528,
              55.6049095
            ],
            [
              49.1108018,
              55.604857
            ],
            [
              49.1119605,
              55.6044085
            ],
            [
              49.1121215,
              55.6043752
            ],
            [
              49.1122556,
              55.6043025
            ],
            [
              49.1123468,
              55.6041691
            ],
            [
              49.1125774,
              55.6039873
            ],
            [
              49.1131997,
              55.6034145
            ],
            [
              49.1131514,
              55.6033327
            ],
            [
              49.1128671,
              55.6032267
            ],
            [
              49.1154635,
              55.6031661
            ],
            [
              49.1155112,
              55.6033453
            ],
            [
              49.1158229,
              55.6033327
            ],
            [
              49.1167349,
              55.6033691
            ],
            [
              49.1175342,
              55.6032903
            ],
            [
              49.1180491,
              55.6032054
            ],
            [
              49.1182423,
              55.6031994
            ],
            [
              49.1186929,
              55.6031357
            ],
            [
              49.1187735,
              55.603554
            ],
            [
              49.1224415,
              55.603478
            ],
            [
              49.1227773,
              55.6035046
            ],
            [
              49.1229859,
              55.6082669
            ],
            [
              49.1213276,
              55.6093017
            ],
            [
              49.1209044,
              55.6096013
            ],
            [
              49.1201032,
              55.6106019
            ],
            [
              49.1192866,
              55.6113853
            ],
            [
              49.1181235,
              55.6127857
            ],
            [
              49.1165793,
              55.6146802
            ],
            [
              49.1158175,
              55.6153406
            ],
            [
              49.1157892,
              55.6153836
            ],
            [
              49.1168395,
              55.6159041
            ],
            [
              49.1171479,
              55.6159677
            ],
            [
              49.1184652,
              55.6167575
            ],
            [
              49.1184984,
              55.6207821
            ],
            [
              49.1185078,
              55.6211584
            ],
            [
              49.1184637,
              55.6214472
            ],
            [
              49.1184676,
              55.6227623
            ],
            [
              49.118453,
              55.6239954
            ],
            [
              49.1184674,
              55.6241643
            ],
            [
              49.1184527,
              55.6247326
            ],
            [
              49.1184513,
              55.6248283
            ],
            [
              49.1184485,
              55.6250173
            ],
            [
              49.1187341,
              55.6267643
            ],
            [
              49.1187308,
              55.6275248
            ],
            [
              49.1186649,
              55.6275664
            ],
            [
              49.1182892,
              55.6281481
            ],
            [
              49.1181667,
              55.6285295
            ],
            [
              49.118108,
              55.6286107
            ],
            [
              49.1180063,
              55.6290066
            ],
            [
              49.1179958,
              55.6295787
            ],
            [
              49.1180418,
              55.6299766
            ],
            [
              49.1182129,
              55.6306057
            ],
            [
              49.1184066,
              55.6311486
            ],
            [
              49.1184068,
              55.631528
            ],
            [
              49.1185762,
              55.6317306
            ],
            [
              49.118601,
              55.6332292
            ],
            [
              49.1185809,
              55.6337995
            ],
            [
              49.1186052,
              55.6356134
            ],
            [
              49.1187603,
              55.6374684
            ],
            [
              49.11873,
              55.6387005
            ],
            [
              49.1187173,
              55.6392185
            ],
            [
              49.118714,
              55.6393515
            ],
            [
              49.1165233,
              55.6400251
            ],
            [
              49.1158685,
              55.6402143
            ],
            [
              49.1152268,
              55.6403838
            ],
            [
              49.1151094,
              55.6404209
            ],
            [
              49.1148265,
              55.6405655
            ],
            [
              49.1121463,
              55.6413333
            ],
            [
              49.1114294,
              55.6415131
            ],
            [
              49.1076824,
              55.6425032
            ],
            [
              49.1074677,
              55.6425043
            ],
            [
              49.1073987,
              55.6426407
            ],
            [
              49.1075597,
              55.6439906
            ],
            [
              49.1075665,
              55.6444855
            ],
            [
              49.1077301,
              55.6459786
            ],
            [
              49.1077188,
              55.6461929
            ],
            [
              49.1078273,
              55.6468064
            ],
            [
              49.1127391,
              55.6518751
            ],
            [
              49.1131706,
              55.6523603
            ],
            [
              49.1134634,
              55.652847
            ],
            [
              49.1157648,
              55.6525765
            ],
            [
              49.118252,
              55.652369
            ],
            [
              49.118217,
              55.6523135
            ],
            [
              49.1234233,
              55.6515522
            ],
            [
              49.1226498,
              55.6493285
            ],
            [
              49.1242143,
              55.6488654
            ],
            [
              49.125964,
              55.6483243
            ],
            [
              49.1316588,
              55.6483187
            ],
            [
              49.1317069,
              55.6482154
            ],
            [
              49.1326968,
              55.6482273
            ],
            [
              49.1341775,
              55.6489696
            ],
            [
              49.1350971,
              55.6494307
            ],
            [
              49.1529104,
              55.6583606
            ],
            [
              49.1629733,
              55.6633723
            ],
            [
              49.1631174,
              55.6634427
            ],
            [
              49.1761502,
              55.6698079
            ],
            [
              49.178667,
              55.6677589
            ],
            [
              49.1819625,
              55.6632503
            ],
            [
              49.1830298,
              55.6616125
            ],
            [
              49.186263,
              55.6611583
            ],
            [
              49.1869614,
              55.6604584
            ],
            [
              49.1902772,
              55.6571348
            ],
            [
              49.1907272,
              55.6566838
            ],
            [
              49.189634,
              55.656242
            ],
            [
              49.1896963,
              55.6561744
            ],
            [
              49.1901713,
              55.6558158
            ],
            [
              49.1906912,
              55.6555316
            ],
            [
              49.1919196,
              55.6550445
            ],
            [
              49.1925691,
              55.6544201
            ],
            [
              49.1926753,
              55.6542633
            ],
            [
              49.1932027,
              55.6536599
            ],
            [
              49.1932919,
              55.6535018
            ],
            [
              49.1933258,
              55.6533959
            ],
            [
              49.1936543,
              55.6538682
            ],
            [
              49.194142,
              55.6541538
            ],
            [
              49.1945426,
              55.6543081
            ],
            [
              49.194755,
              55.6543865
            ],
            [
              49.1969828,
              55.6548888
            ],
            [
              49.1980494,
              55.6552038
            ],
            [
              49.1991913,
              55.6555411
            ],
            [
              49.1997518,
              55.65566
            ],
            [
              49.2010831,
              55.6558336
            ],
            [
              49.2040047,
              55.6564781
            ],
            [
              49.2047411,
              55.6565579
            ],
            [
              49.2148753,
              55.658776
            ],
            [
              49.2155516,
              55.6590931
            ],
            [
              49.2159935,
              55.6594855
            ],
            [
              49.2164885,
              55.6600127
            ],
            [
              49.2168041,
              55.6608209
            ],
            [
              49.2170087,
              55.6612582
            ],
            [
              49.2173059,
              55.6614772
            ],
            [
              49.2177502,
              55.6615854
            ],
            [
              49.2179678,
              55.6616017
            ],
            [
              49.2170992,
              55.6641112
            ],
            [
              49.2164605,
              55.6659235
            ],
            [
              49.2161946,
              55.6665522
            ],
            [
              49.2161152,
              55.66674
            ],
            [
              49.216056,
              55.6669324
            ],
            [
              49.2158033,
              55.667753
            ],
            [
              49.2159335,
              55.6678501
            ],
            [
              49.2159383,
              55.6679186
            ],
            [
              49.2159551,
              55.6681613
            ],
            [
              49.2160061,
              55.6682097
            ],
            [
              49.2159364,
              55.668367
            ],
            [
              49.2158822,
              55.668429
            ],
            [
              49.215811,
              55.6685224
            ],
            [
              49.2156397,
              55.6686766
            ],
            [
              49.2155208,
              55.6686394
            ],
            [
              49.2154831,
              55.6686743
            ],
            [
              49.2154898,
              55.6687459
            ],
            [
              49.2154402,
              55.6688138
            ],
            [
              49.2144304,
              55.6697287
            ],
            [
              49.2139839,
              55.6702627
            ],
            [
              49.2130816,
              55.6713662
            ],
            [
              49.2125666,
              55.671965
            ],
            [
              49.2118092,
              55.6727665
            ],
            [
              49.2102018,
              55.6745233
            ],
            [
              49.2099525,
              55.6744779
            ],
            [
              49.2079084,
              55.6766865
            ],
            [
              49.2060742,
              55.6786166
            ],
            [
              49.2062541,
              55.6786757
            ],
            [
              49.2031037,
              55.6820885
            ],
            [
              49.2019262,
              55.6834784
            ],
            [
              49.2018521,
              55.6834398
            ],
            [
              49.2014685,
              55.6838481
            ],
            [
              49.2015563,
              55.6838841
            ],
            [
              49.1979677,
              55.687673
            ],
            [
              49.1944768,
              55.6913552
            ],
            [
              49.1938411,
              55.6914131
            ],
            [
              49.1903412,
              55.6890599
            ],
            [
              49.1874223,
              55.6871546
            ],
            [
              49.1873495,
              55.6853898
            ],
            [
              49.1870156,
              55.6853002
            ],
            [
              49.1867546,
              55.6851662
            ],
            [
              49.1865974,
              55.6850281
            ],
            [
              49.186444,
              55.6845295
            ],
            [
              49.1863272,
              55.6844679
            ],
            [
              49.1860332,
              55.6844835
            ],
            [
              49.1857185,
              55.6845497
            ],
            [
              49.1855798,
              55.684538
            ],
            [
              49.184702,
              55.6842947
            ],
            [
              49.1843228,
              55.6842293
            ],
            [
              49.1842112,
              55.6842125
            ],
            [
              49.1840771,
              55.6842156
            ],
            [
              49.1836241,
              55.6842821
            ],
            [
              49.1830761,
              55.6844706
            ],
            [
              49.1821431,
              55.6854227
            ],
            [
              49.1820911,
              55.6855138
            ],
            [
              49.1821888,
              55.6855903
            ],
            [
              49.1829742,
              55.685852
            ],
            [
              49.1833787,
              55.6860317
            ],
            [
              49.1836707,
              55.6862154
            ],
            [
              49.1838221,
              55.686397
            ],
            [
              49.1838414,
              55.6865365
            ],
            [
              49.1838018,
              55.6867283
            ],
            [
              49.1835704,
              55.6869698
            ],
            [
              49.1831726,
              55.6872386
            ],
            [
              49.1828867,
              55.6873475
            ],
            [
              49.1825601,
              55.6873972
            ],
            [
              49.1823951,
              55.6873736
            ],
            [
              49.1822663,
              55.687331
            ],
            [
              49.1812148,
              55.6867852
            ],
            [
              49.1805785,
              55.6865915
            ],
            [
              49.1804452,
              55.6866011
            ],
            [
              49.1803717,
              55.6866266
            ],
            [
              49.1802725,
              55.6867109
            ],
            [
              49.1801968,
              55.6868695
            ],
            [
              49.1801799,
              55.6871625
            ],
            [
              49.1802353,
              55.6873855
            ],
            [
              49.1806794,
              55.6883856
            ],
            [
              49.1806952,
              55.6886067
            ],
            [
              49.1806093,
              55.6888112
            ],
            [
              49.1804827,
              55.68895
            ],
            [
              49.180216,
              55.689045
            ],
            [
              49.1798836,
              55.6890921
            ],
            [
              49.1796183,
              55.6890542
            ],
            [
              49.1795531,
              55.6890096
            ],
            [
              49.1793088,
              55.6886234
            ],
            [
              49.1791846,
              55.6885645
            ],
            [
              49.1789992,
              55.6885434
            ],
            [
              49.1788049,
              55.6885645
            ],
            [
              49.1785901,
              55.6886479
            ],
            [
              49.1782997,
              55.6888065
            ],
            [
              49.1777957,
              55.6892321
            ],
            [
              49.1775629,
              55.6894837
            ],
            [
              49.1772815,
              55.6902016
            ],
            [
              49.1769786,
              55.6905615
            ],
            [
              49.1766814,
              55.690701
            ],
            [
              49.1765288,
              55.6907838
            ],
            [
              49.1762135,
              55.6908628
            ],
            [
              49.1760621,
              55.6908825
            ],
            [
              49.1757197,
              55.6908793
            ],
            [
              49.1754982,
              55.6908335
            ],
            [
              49.1751569,
              55.6906373
            ],
            [
              49.1751433,
              55.6904959
            ],
            [
              49.1751603,
              55.6904041
            ],
            [
              49.1753366,
              55.6901455
            ],
            [
              49.1757095,
              55.6897366
            ],
            [
              49.1757886,
              55.6895047
            ],
            [
              49.1757502,
              55.6893646
            ],
            [
              49.1756338,
              55.6892149
            ],
            [
              49.1754858,
              55.6891238
            ],
            [
              49.1752869,
              55.6890957
            ],
            [
              49.1751106,
              55.6890881
            ],
            [
              49.1746823,
              55.6891435
            ],
            [
              49.1745399,
              55.6892219
            ],
            [
              49.1744562,
              55.6894639
            ],
            [
              49.1743613,
              55.689985
            ],
            [
              49.1741014,
              55.6903634
            ],
            [
              49.1732474,
              55.6913747
            ],
            [
              49.1729805,
              55.691772
            ],
            [
              49.1728271,
              55.6919143
            ],
            [
              49.1725698,
              55.6923053
            ],
            [
              49.1722933,
              55.6925917
            ],
            [
              49.1720504,
              55.6927674
            ],
            [
              49.1715837,
              55.6929358
            ],
            [
              49.1695269,
              55.6931146
            ],
            [
              49.1686052,
              55.6933185
            ],
            [
              49.1679038,
              55.6934932
            ],
            [
              49.1663148,
              55.6939391
            ],
            [
              49.1655192,
              55.6942002
            ],
            [
              49.1651418,
              55.6943098
            ],
            [
              49.1647926,
              55.6943805
            ],
            [
              49.1642603,
              55.6944486
            ],
            [
              49.1639656,
              55.6944411
            ],
            [
              49.1634153,
              55.69435
            ],
            [
              49.1629266,
              55.6941923
            ],
            [
              49.1627994,
              55.6941083
            ],
            [
              49.162678,
              55.6940414
            ],
            [
              49.1626469,
              55.6940317
            ],
            [
              49.1623525,
              55.6941681
            ],
            [
              49.1613943,
              55.6946178
            ],
            [
              49.1611707,
              55.694873
            ],
            [
              49.160528,
              55.6958341
            ],
            [
              49.159621,
              55.6971907
            ],
            [
              49.1595641,
              55.6972757
            ],
            [
              49.1595432,
              55.697316
            ],
            [
              49.1594131,
              55.6986632
            ],
            [
              49.1575898,
              55.6993475
            ],
            [
              49.1571302,
              55.7005475
            ],
            [
              49.1573857,
              55.7015706
            ],
            [
              49.157463,
              55.7017412
            ],
            [
              49.1585397,
              55.7019625
            ],
            [
              49.1586272,
              55.7019627
            ],
            [
              49.1588297,
              55.7020249
            ],
            [
              49.1588593,
              55.7020052
            ],
            [
              49.1590158,
              55.7020519
            ],
            [
              49.1596143,
              55.7021935
            ],
            [
              49.1605995,
              55.702285
            ],
            [
              49.1619001,
              55.7026204
            ],
            [
              49.1625476,
              55.7027448
            ],
            [
              49.1628826,
              55.7028952
            ],
            [
              49.1634852,
              55.7033307
            ],
            [
              49.1644859,
              55.7036285
            ],
            [
              49.1651487,
              55.7036761
            ],
            [
              49.1652439,
              55.7036128
            ],
            [
              49.1655296,
              55.7036912
            ],
            [
              49.1663636,
              55.7037416
            ],
            [
              49.1673769,
              55.7034757
            ],
            [
              49.1678622,
              55.703512
            ],
            [
              49.1691884,
              55.7038289
            ],
            [
              49.170382,
              55.7042163
            ],
            [
              49.171172,
              55.7046538
            ],
            [
              49.1714245,
              55.7047382
            ],
            [
              49.1716191,
              55.7048207
            ],
            [
              49.1720526,
              55.7050074
            ],
            [
              49.1728301,
              55.7052635
            ],
            [
              49.1737633,
              55.7054965
            ],
            [
              49.1749305,
              55.7055877
            ],
            [
              49.1752016,
              55.7057617
            ],
            [
              49.1751319,
              55.7060972
            ],
            [
              49.1756575,
              55.7060703
            ],
            [
              49.1757971,
              55.7061153
            ],
            [
              49.1762686,
              55.706125
            ],
            [
              49.1769652,
              55.7064081
            ],
            [
              49.1773655,
              55.7064715
            ],
            [
              49.1780618,
              55.7068645
            ],
            [
              49.1779532,
              55.7071024
            ],
            [
              49.1781833,
              55.7072524
            ],
            [
              49.1787162,
              55.7072403
            ],
            [
              49.1789851,
              55.7075427
            ],
            [
              49.1793599,
              55.7077319
            ],
            [
              49.1798824,
              55.7077403
            ],
            [
              49.1807254,
              55.7072918
            ],
            [
              49.1838007,
              55.7056558
            ],
            [
              49.1805008,
              55.7037284
            ],
            [
              49.1792401,
              55.703067
            ],
            [
              49.1790276,
              55.7027628
            ],
            [
              49.1793173,
              55.7027224
            ],
            [
              49.1810841,
              55.7025205
            ],
            [
              49.1829347,
              55.7022378
            ],
            [
              49.1866397,
              55.7015461
            ],
            [
              49.1876735,
              55.701258
            ],
            [
              49.1878634,
              55.7012278
            ],
            [
              49.1896197,
              55.7009841
            ],
            [
              49.1900181,
              55.700897
            ],
            [
              49.1956646,
              55.6999936
            ],
            [
              49.1959939,
              55.6999306
            ],
            [
              49.1962911,
              55.699891
            ],
            [
              49.1966875,
              55.6998063
            ],
            [
              49.2017366,
              55.6989783
            ],
            [
              49.2023364,
              55.6989943
            ],
            [
              49.2086678,
              55.6977944
            ],
            [
              49.2089528,
              55.6976151
            ],
            [
              49.2092109,
              55.6974528
            ],
            [
              49.2095104,
              55.6972643
            ],
            [
              49.2096838,
              55.6971553
            ],
            [
              49.2097668,
              55.697103
            ],
            [
              49.2098271,
              55.6970693
            ],
            [
              49.2099961,
              55.6969849
            ],
            [
              49.2102044,
              55.6969276
            ],
            [
              49.2104216,
              55.6968919
            ],
            [
              49.2115351,
              55.6969355
            ],
            [
              49.2119107,
              55.6969294
            ],
            [
              49.212146,
              55.6969801
            ],
            [
              49.2125005,
              55.6970868
            ],
            [
              49.2128027,
              55.6972214
            ],
            [
              49.2142281,
              55.6967065
            ],
            [
              49.2149125,
              55.6964593
            ],
            [
              49.215491,
              55.6962223
            ],
            [
              49.2158712,
              55.6960621
            ],
            [
              49.216083,
              55.6959652
            ],
            [
              49.2163673,
              55.6958424
            ],
            [
              49.2185822,
              55.6948776
            ],
            [
              49.2199437,
              55.6943756
            ],
            [
              49.2180471,
              55.6928777
            ],
            [
              49.2191864,
              55.6922967
            ],
            [
              49.221292,
              55.6912417
            ],
            [
              49.2222636,
              55.6903971
            ],
            [
              49.2231222,
              55.6899449
            ],
            [
              49.2233597,
              55.689801
            ],
            [
              49.2250542,
              55.6891424
            ],
            [
              49.2277877,
              55.6880567
            ],
            [
              49.2324072,
              55.6862421
            ],
            [
              49.2328821,
              55.6859458
            ],
            [
              49.2327707,
              55.6858068
            ],
            [
              49.2333302,
              55.6855807
            ],
            [
              49.2340124,
              55.6852148
            ],
            [
              49.2344671,
              55.6855335
            ],
            [
              49.2346894,
              55.6853842
            ],
            [
              49.2372922,
              55.6843678
            ],
            [
              49.2375247,
              55.6841012
            ],
            [
              49.2383179,
              55.6838943
            ],
            [
              49.2393645,
              55.6835608
            ],
            [
              49.2393427,
              55.6835395
            ],
            [
              49.2426402,
              55.6822748
            ],
            [
              49.2478711,
              55.6802595
            ],
            [
              49.248642,
              55.6799625
            ],
            [
              49.2496346,
              55.6795801
            ],
            [
              49.2510759,
              55.6790247
            ],
            [
              49.2525459,
              55.6784584
            ],
            [
              49.2538917,
              55.6779398
            ],
            [
              49.254475,
              55.6776916
            ],
            [
              49.2588029,
              55.6759745
            ],
            [
              49.2620638,
              55.6746825
            ],
            [
              49.273823,
              55.6700878
            ],
            [
              49.2737916,
              55.6700629
            ],
            [
              49.2754636,
              55.6693471
            ],
            [
              49.2755038,
              55.6693752
            ],
            [
              49.27571,
              55.6692671
            ],
            [
              49.2819519,
              55.6668349
            ],
            [
              49.2862771,
              55.6650816
            ],
            [
              49.2874426,
              55.6647039
            ],
            [
              49.2926246,
              55.6626451
            ],
            [
              49.2944488,
              55.6619308
            ],
            [
              49.294891,
              55.6617577
            ],
            [
              49.2950523,
              55.6616535
            ],
            [
              49.2951432,
              55.6615336
            ],
            [
              49.2952258,
              55.6613691
            ],
            [
              49.2953192,
              55.660846
            ],
            [
              49.2951951,
              55.6603236
            ],
            [
              49.2943825,
              55.6586748
            ],
            [
              49.2953087,
              55.6585433
            ],
            [
              49.2956993,
              55.6591777
            ],
            [
              49.296008,
              55.6595988
            ],
            [
              49.2962852,
              55.6598831
            ],
            [
              49.2965356,
              55.6600576
            ],
            [
              49.2969798,
              55.6602655
            ],
            [
              49.2975909,
              55.6604538
            ],
            [
              49.2981595,
              55.6605297
            ],
            [
              49.298621,
              55.6605089
            ],
            [
              49.2993707,
              55.6604112
            ],
            [
              49.3001068,
              55.6602428
            ],
            [
              49.3004169,
              55.6604482
            ],
            [
              49.3633584,
              55.7021189
            ],
            [
              49.3600762,
              55.7027168
            ],
            [
              49.3561944,
              55.7035992
            ],
            [
              49.3555523,
              55.7037233
            ],
            [
              49.3486612,
              55.7051865
            ],
            [
              49.3470371,
              55.7055313
            ],
            [
              49.3448059,
              55.7059129
            ],
            [
              49.3409539,
              55.7065717
            ],
            [
              49.3370607,
              55.7072375
            ],
            [
              49.333178,
              55.7079015
            ],
            [
              49.3312168,
              55.7082369
            ],
            [
              49.3294307,
              55.7085961
            ],
            [
              49.3255292,
              55.7093808
            ],
            [
              49.3218357,
              55.7101236
            ],
            [
              49.3182099,
              55.7108596
            ],
            [
              49.3157905,
              55.7113393
            ],
            [
              49.313699,
              55.7116842
            ],
            [
              49.311986,
              55.7122254
            ],
            [
              49.2957621,
              55.7173502
            ],
            [
              49.3002401,
              55.7232867
            ],
            [
              49.2963036,
              55.7241565
            ],
            [
              49.2963932,
              55.7242961
            ],
            [
              49.2965932,
              55.7243417
            ],
            [
              49.297984,
              55.7243104
            ],
            [
              49.298902,
              55.7243951
            ],
            [
              49.3003857,
              55.7244093
            ],
            [
              49.3008119,
              55.7245303
            ],
            [
              49.3014074,
              55.724498
            ],
            [
              49.3018126,
              55.7245543
            ],
            [
              49.3029722,
              55.7249063
            ],
            [
              49.3031698,
              55.724941
            ],
            [
              49.3033844,
              55.7249592
            ],
            [
              49.3036848,
              55.7249712
            ],
            [
              49.3045378,
              55.7251585
            ],
            [
              49.3054033,
              55.7254323
            ],
            [
              49.305954,
              55.7254727
            ],
            [
              49.3061911,
              55.7255561
            ],
            [
              49.3064797,
              55.7255332
            ],
            [
              49.3069625,
              55.7255815
            ],
            [
              49.3072951,
              55.725654
            ],
            [
              49.3076062,
              55.7258534
            ],
            [
              49.3078422,
              55.7259108
            ],
            [
              49.3080763,
              55.725867
            ],
            [
              49.3082607,
              55.725799
            ],
            [
              49.3086898,
              55.7258262
            ],
            [
              49.3091726,
              55.7259923
            ],
            [
              49.3093926,
              55.7259833
            ],
            [
              49.3096286,
              55.7258443
            ],
            [
              49.31019,
              55.7257277
            ],
            [
              49.3104087,
              55.7256283
            ],
            [
              49.3111202,
              55.7254443
            ],
            [
              49.3112924,
              55.7254452
            ],
            [
              49.3114787,
              55.7254977
            ],
            [
              49.3117315,
              55.7255912
            ],
            [
              49.3118602,
              55.7256389
            ],
            [
              49.3122878,
              55.72566
            ],
            [
              49.312774,
              55.7255622
            ],
            [
              49.3133515,
              55.7255815
            ],
            [
              49.3142188,
              55.7255716
            ],
            [
              49.3144479,
              55.7254165
            ],
            [
              49.314798,
              55.7253126
            ],
            [
              49.3149994,
              55.7253022
            ],
            [
              49.3151692,
              55.7253403
            ],
            [
              49.3153195,
              55.7255044
            ],
            [
              49.3155035,
              55.7255185
            ],
            [
              49.3164012,
              55.725518
            ],
            [
              49.3175787,
              55.7256208
            ],
            [
              49.318436,
              55.7255735
            ],
            [
              49.3198264,
              55.725799
            ],
            [
              49.3201557,
              55.7259389
            ],
            [
              49.3203885,
              55.7262173
            ],
            [
              49.3203735,
              55.7264938
            ],
            [
              49.3205452,
              55.7267355
            ],
            [
              49.3210771,
              55.7269498
            ],
            [
              49.3216602,
              55.7274504
            ],
            [
              49.3218418,
              55.7276771
            ],
            [
              49.3219526,
              55.7279117
            ],
            [
              49.3220524,
              55.7282632
            ],
            [
              49.3220774,
              55.7285782
            ],
            [
              49.3221276,
              55.7291727
            ],
            [
              49.3250326,
              55.7311513
            ],
            [
              49.3247723,
              55.7318345
            ],
            [
              49.3246114,
              55.7331877
            ],
            [
              49.3251084,
              55.7330812
            ],
            [
              49.3254306,
              55.7330718
            ],
            [
              49.3256391,
              55.7331033
            ],
            [
              49.3257677,
              55.7331396
            ],
            [
              49.325897,
              55.7331934
            ],
            [
              49.3261921,
              55.7333193
            ],
            [
              49.3266204,
              55.7335682
            ],
            [
              49.3267197,
              55.7336482
            ],
            [
              49.3268456,
              55.7337072
            ],
            [
              49.3269942,
              55.7337462
            ],
            [
              49.3272843,
              55.7338031
            ],
            [
              49.3271737,
              55.7338004
            ],
            [
              49.3269377,
              55.7337581
            ],
            [
              49.3266158,
              55.7336554
            ],
            [
              49.3261492,
              55.7333434
            ],
            [
              49.3258081,
              55.7332115
            ],
            [
              49.3254935,
              55.7331378
            ],
            [
              49.3253355,
              55.7331331
            ],
            [
              49.325165,
              55.7331497
            ],
            [
              49.3243861,
              55.7334142
            ],
            [
              49.3226051,
              55.7340303
            ],
            [
              49.3219702,
              55.7340118
            ],
            [
              49.3212836,
              55.7336011
            ],
            [
              49.3209188,
              55.7335407
            ],
            [
              49.3206184,
              55.7336131
            ],
            [
              49.3202536,
              55.7338064
            ],
            [
              49.3197815,
              55.7340904
            ],
            [
              49.3193417,
              55.7343803
            ],
            [
              49.319052,
              55.7344528
            ],
            [
              49.3187194,
              55.7344105
            ],
            [
              49.3173783,
              55.7341659
            ],
            [
              49.3161552,
              55.7343199
            ],
            [
              49.3154042,
              55.7344649
            ],
            [
              49.3151789,
              55.7346038
            ],
            [
              49.3151467,
              55.7347669
            ],
            [
              49.3151789,
              55.7350629
            ],
            [
              49.3154042,
              55.7355643
            ],
            [
              49.3154578,
              55.7357696
            ],
            [
              49.3158119,
              55.7362831
            ],
            [
              49.3159299,
              55.7365307
            ],
            [
              49.3159299,
              55.7368569
            ],
            [
              49.3158119,
              55.7370321
            ],
            [
              49.3153827,
              55.7371952
            ],
            [
              49.3152432,
              55.7373462
            ],
            [
              49.3153076,
              55.7375274
            ],
            [
              49.3152111,
              55.7377448
            ],
            [
              49.3149858,
              55.7378958
            ],
            [
              49.3139343,
              55.7381344
            ],
            [
              49.3136017,
              55.7382401
            ],
            [
              49.3132584,
              55.7385844
            ],
            [
              49.3131297,
              55.7389226
            ],
            [
              49.3132449,
              55.7393122
            ]
          ]
        ]
      },
      "id": "relation/2133466"
    },
    {
      "type": "Feature",
      "properties": {
        "@id": "relation/2133467",
        "admin_level": "9",
        "boundary": "administrative",
        "name": "Советский район",
        "name:ba": "Совет районы",
        "name:ru": "Советский район",
        "type": "boundary",
        "wikidata": "Q4426460",
        "wikipedia": "ru:Советский район (Казань)"
      },
      "geometry": {
        "type": "MultiPolygon",
        "coordinates": [
          [
            [
              [
                49.2081079,
                55.8975301
              ],
              [
                49.2073508,
                55.8976644
              ],
              [
                49.2068584,
                55.8977085
              ],
              [
                49.2009336,
                55.8995906
              ],
              [
                49.201194,
                55.8997961
              ],
              [
                49.2060898,
                55.9039418
              ],
              [
                49.2065113,
                55.904274
              ],
              [
                49.2071791,
                55.9045388
              ],
              [
                49.2075048,
                55.9046489
              ],
              [
                49.2076433,
                55.9046564
              ],
              [
                49.207658,
                55.9045804
              ],
              [
                49.2078287,
                55.9045551
              ],
              [
                49.2083764,
                55.9043686
              ],
              [
                49.2086029,
                55.9041939
              ],
              [
                49.2087138,
                55.9039711
              ],
              [
                49.2091994,
                55.9040741
              ],
              [
                49.2097619,
                55.904302
              ],
              [
                49.210516,
                55.9041512
              ],
              [
                49.2109053,
                55.9042435
              ],
              [
                49.2110387,
                55.9042572
              ],
              [
                49.2114881,
                55.9043236
              ],
              [
                49.2118661,
                55.9043292
              ],
              [
                49.21197,
                55.9043237
              ],
              [
                49.2122155,
                55.9043095
              ],
              [
                49.2124801,
                55.9042558
              ],
              [
                49.2126876,
                55.9041814
              ],
              [
                49.2128059,
                55.9041068
              ],
              [
                49.2129489,
                55.9036989
              ],
              [
                49.2136119,
                55.9035771
              ],
              [
                49.2139012,
                55.903644
              ],
              [
                49.2139233,
                55.9036446
              ],
              [
                49.2141421,
                55.9036832
              ],
              [
                49.2143108,
                55.903739
              ],
              [
                49.2148759,
                55.9038702
              ],
              [
                49.215564,
                55.9038569
              ],
              [
                49.215657,
                55.9038247
              ],
              [
                49.2157118,
                55.9037725
              ],
              [
                49.2158425,
                55.9037465
              ],
              [
                49.2165799,
                55.9034987
              ],
              [
                49.2170112,
                55.9032529
              ],
              [
                49.2172401,
                55.9031005
              ],
              [
                49.2173545,
                55.9030422
              ],
              [
                49.217533,
                55.9029239
              ],
              [
                49.2177892,
                55.9028803
              ],
              [
                49.2180307,
                55.9028279
              ],
              [
                49.2182859,
                55.9027944
              ],
              [
                49.2190704,
                55.9026602
              ],
              [
                49.2195346,
                55.9022141
              ],
              [
                49.2195666,
                55.9020808
              ],
              [
                49.2194564,
                55.9016412
              ],
              [
                49.2194365,
                55.9012992
              ],
              [
                49.2194385,
                55.900982
              ],
              [
                49.2194257,
                55.9008076
              ],
              [
                49.2193583,
                55.900674
              ],
              [
                49.2192068,
                55.9005151
              ],
              [
                49.2191498,
                55.9003728
              ],
              [
                49.2191687,
                55.9002173
              ],
              [
                49.2192357,
                55.9000868
              ],
              [
                49.2192644,
                55.9000693
              ],
              [
                49.2192657,
                55.900056
              ],
              [
                49.2193536,
                55.8999011
              ],
              [
                49.2197862,
                55.8996669
              ],
              [
                49.2199542,
                55.8995463
              ],
              [
                49.220086,
                55.899382
              ],
              [
                49.2201213,
                55.8992666
              ],
              [
                49.2202213,
                55.8990909
              ],
              [
                49.2202372,
                55.8990377
              ],
              [
                49.2203456,
                55.8988884
              ],
              [
                49.2204859,
                55.898766
              ],
              [
                49.2209815,
                55.8984815
              ],
              [
                49.2215527,
                55.8982596
              ],
              [
                49.2216587,
                55.898206
              ],
              [
                49.2219866,
                55.8979133
              ],
              [
                49.2221113,
                55.8978367
              ],
              [
                49.2223226,
                55.8977308
              ],
              [
                49.2227794,
                55.8975799
              ],
              [
                49.2234405,
                55.8974563
              ],
              [
                49.2235455,
                55.8973875
              ],
              [
                49.2250166,
                55.8974235
              ],
              [
                49.2259493,
                55.897795
              ],
              [
                49.2270599,
                55.8976935
              ],
              [
                49.2286328,
                55.8975319
              ],
              [
                49.2326866,
                55.8960733
              ],
              [
                49.2329543,
                55.8959983
              ],
              [
                49.2334891,
                55.8964707
              ],
              [
                49.2336829,
                55.8967367
              ],
              [
                49.2338614,
                55.896763
              ],
              [
                49.2338915,
                55.8967763
              ],
              [
                49.2339105,
                55.8970613
              ],
              [
                49.233887,
                55.8976156
              ],
              [
                49.2332439,
                55.8983252
              ],
              [
                49.2325833,
                55.8987713
              ],
              [
                49.2321591,
                55.8989644
              ],
              [
                49.2316391,
                55.8991311
              ],
              [
                49.2314434,
                55.8992041
              ],
              [
                49.231136,
                55.8994207
              ],
              [
                49.230989,
                55.8996609
              ],
              [
                49.2309596,
                55.8997654
              ],
              [
                49.2308504,
                55.899975
              ],
              [
                49.230589,
                55.9009897
              ],
              [
                49.2304684,
                55.9016281
              ],
              [
                49.2296467,
                55.90213
              ],
              [
                49.2294872,
                55.902872
              ],
              [
                49.2289488,
                55.9031984
              ],
              [
                49.2288588,
                55.9032083
              ],
              [
                49.2285406,
                55.9031255
              ],
              [
                49.2282391,
                55.9030914
              ],
              [
                49.2280152,
                55.9031429
              ],
              [
                49.227917,
                55.9032001
              ],
              [
                49.227224,
                55.9037172
              ],
              [
                49.2268125,
                55.9038394
              ],
              [
                49.2271917,
                55.903982
              ],
              [
                49.2280652,
                55.9042608
              ],
              [
                49.2285377,
                55.9043677
              ],
              [
                49.2303754,
                55.9037411
              ],
              [
                49.2305967,
                55.9036234
              ],
              [
                49.2307431,
                55.9034952
              ],
              [
                49.2308567,
                55.9033464
              ],
              [
                49.2309199,
                55.9029905
              ],
              [
                49.2312209,
                55.9026096
              ],
              [
                49.2327469,
                55.9009904
              ],
              [
                49.2335281,
                55.9001789
              ],
              [
                49.2335488,
                55.9001847
              ],
              [
                49.2339509,
                55.8997395
              ],
              [
                49.2339845,
                55.8996792
              ],
              [
                49.2338661,
                55.8996437
              ],
              [
                49.2340089,
                55.8995021
              ],
              [
                49.2340299,
                55.8994879
              ],
              [
                49.2339793,
                55.8994052
              ],
              [
                49.2349135,
                55.8991961
              ],
              [
                49.235442,
                55.8990851
              ],
              [
                49.2358079,
                55.8991203
              ],
              [
                49.2359512,
                55.8994467
              ],
              [
                49.2360972,
                55.8997157
              ],
              [
                49.2363744,
                55.9002602
              ],
              [
                49.2368548,
                55.9015214
              ],
              [
                49.2374976,
                55.9032977
              ],
              [
                49.2375531,
                55.903603
              ],
              [
                49.237538,
                55.9036256
              ],
              [
                49.2375396,
                55.9036434
              ],
              [
                49.237239,
                55.9037683
              ],
              [
                49.2368698,
                55.9041474
              ],
              [
                49.2369728,
                55.9042711
              ],
              [
                49.2372067,
                55.9044357
              ],
              [
                49.236963,
                55.9046006
              ],
              [
                49.2368623,
                55.9047805
              ],
              [
                49.2365581,
                55.9048886
              ],
              [
                49.236444,
                55.9048662
              ],
              [
                49.2361543,
                55.904714
              ],
              [
                49.2354535,
                55.9049973
              ],
              [
                49.2354698,
                55.9050046
              ],
              [
                49.2354448,
                55.905021
              ],
              [
                49.2354211,
                55.9050099
              ],
              [
                49.2345041,
                55.9053803
              ],
              [
                49.2331539,
                55.9056939
              ],
              [
                49.2327939,
                55.9056517
              ],
              [
                49.2322528,
                55.9055208
              ],
              [
                49.2315918,
                55.9062054
              ],
              [
                49.2312098,
                55.9066939
              ],
              [
                49.2299765,
                55.9082275
              ],
              [
                49.229459,
                55.9089434
              ],
              [
                49.2293488,
                55.908934
              ],
              [
                49.2287306,
                55.9097038
              ],
              [
                49.2287373,
                55.9097065
              ],
              [
                49.2287063,
                55.9097427
              ],
              [
                49.2286989,
                55.9097415
              ],
              [
                49.2286814,
                55.9097646
              ],
              [
                49.2286572,
                55.9097932
              ],
              [
                49.2286565,
                55.909811
              ],
              [
                49.2286417,
                55.9098113
              ],
              [
                49.2286115,
                55.9098449
              ],
              [
                49.2286121,
                55.9098596
              ],
              [
                49.2285987,
                55.90986
              ],
              [
                49.2281951,
                55.9103256
              ],
              [
                49.2280361,
                55.9105613
              ],
              [
                49.227984,
                55.9108112
              ],
              [
                49.227429,
                55.9115282
              ],
              [
                49.2298466,
                55.9118959
              ],
              [
                49.2298641,
                55.9120407
              ],
              [
                49.2296434,
                55.9125665
              ],
              [
                49.2293505,
                55.9129031
              ],
              [
                49.2289317,
                55.913223
              ],
              [
                49.2282276,
                55.913105
              ],
              [
                49.2281416,
                55.9131705
              ],
              [
                49.2274408,
                55.9127942
              ],
              [
                49.2269453,
                55.9126236
              ],
              [
                49.226484,
                55.9125394
              ],
              [
                49.2260856,
                55.9125024
              ],
              [
                49.2256185,
                55.9124975
              ],
              [
                49.225064,
                55.9125703
              ],
              [
                49.2246642,
                55.9126982
              ],
              [
                49.2243176,
                55.9128657
              ],
              [
                49.2236816,
                55.9132684
              ],
              [
                49.2233081,
                55.9135555
              ],
              [
                49.223033,
                55.9136555
              ],
              [
                49.2226317,
                55.9136913
              ],
              [
                49.2222697,
                55.9136322
              ],
              [
                49.2213394,
                55.9135148
              ],
              [
                49.2208788,
                55.9134859
              ],
              [
                49.2202746,
                55.9134388
              ],
              [
                49.2196254,
                55.9133425
              ],
              [
                49.2189584,
                55.913302
              ],
              [
                49.2183183,
                55.9133499
              ],
              [
                49.2176297,
                55.9134937
              ],
              [
                49.2172095,
                55.9136551
              ],
              [
                49.2168958,
                55.9138356
              ],
              [
                49.2168169,
                55.913905
              ],
              [
                49.216785,
                55.9139234
              ],
              [
                49.2166344,
                55.9140545
              ],
              [
                49.216299,
                55.9142044
              ],
              [
                49.2157723,
                55.9143295
              ],
              [
                49.21539,
                55.9143574
              ],
              [
                49.2149075,
                55.9142933
              ],
              [
                49.2143321,
                55.9141428
              ],
              [
                49.2141161,
                55.914076
              ],
              [
                49.213513,
                55.9138595
              ],
              [
                49.2130076,
                55.9135589
              ],
              [
                49.2126456,
                55.9132311
              ],
              [
                49.2123501,
                55.9128589
              ],
              [
                49.2120512,
                55.9124447
              ],
              [
                49.2117686,
                55.912175
              ],
              [
                49.21166,
                55.9121104
              ],
              [
                49.2112907,
                55.9119275
              ],
              [
                49.2107372,
                55.9116965
              ],
              [
                49.2097916,
                55.911422
              ],
              [
                49.2093012,
                55.9112589
              ],
              [
                49.2090757,
                55.911101
              ],
              [
                49.2088856,
                55.9107987
              ],
              [
                49.208862,
                55.9106973
              ],
              [
                49.2088435,
                55.9106738
              ],
              [
                49.2087687,
                55.9104465
              ],
              [
                49.2087056,
                55.9101459
              ],
              [
                49.2087308,
                55.9099844
              ],
              [
                49.2088128,
                55.9097922
              ],
              [
                49.2089611,
                55.9095323
              ],
              [
                49.209041,
                55.9094121
              ],
              [
                49.2092172,
                55.9091894
              ],
              [
                49.2093218,
                55.908748
              ],
              [
                49.2093415,
                55.9082735
              ],
              [
                49.2091497,
                55.9074201
              ],
              [
                49.2089255,
                55.9069976
              ],
              [
                49.2086174,
                55.9066222
              ],
              [
                49.2082625,
                55.9063166
              ],
              [
                49.2078839,
                55.9060945
              ],
              [
                49.207364,
                55.9059252
              ],
              [
                49.2069232,
                55.9058668
              ],
              [
                49.2067188,
                55.905888
              ],
              [
                49.2062603,
                55.9059719
              ],
              [
                49.2061955,
                55.9060012
              ],
              [
                49.2056997,
                55.9062905
              ],
              [
                49.2053272,
                55.906737
              ],
              [
                49.2052975,
                55.9067345
              ],
              [
                49.2052157,
                55.9068426
              ],
              [
                49.2048009,
                55.9067651
              ],
              [
                49.2047262,
                55.9067315
              ],
              [
                49.2041581,
                55.9066289
              ],
              [
                49.20379,
                55.9065946
              ],
              [
                49.2037375,
                55.9065391
              ],
              [
                49.2036319,
                55.9064965
              ],
              [
                49.2035847,
                55.9063901
              ],
              [
                49.2035847,
                55.9063837
              ],
              [
                49.203537,
                55.9063328
              ],
              [
                49.2037366,
                55.9059711
              ],
              [
                49.2051315,
                55.9056288
              ],
              [
                49.2058185,
                55.9052897
              ],
              [
                49.2060902,
                55.9052647
              ],
              [
                49.2061676,
                55.9052506
              ],
              [
                49.2063198,
                55.9051912
              ],
              [
                49.2064065,
                55.9050964
              ],
              [
                49.2064385,
                55.9049846
              ],
              [
                49.2064351,
                55.9048323
              ],
              [
                49.2064014,
                55.9045541
              ],
              [
                49.2061756,
                55.9044601
              ],
              [
                49.2056905,
                55.904097
              ],
              [
                49.2008237,
                55.899917
              ],
              [
                49.2004563,
                55.8996014
              ],
              [
                49.2064158,
                55.8976819
              ],
              [
                49.2069354,
                55.8975264
              ],
              [
                49.2071921,
                55.8974324
              ],
              [
                49.2057088,
                55.8968327
              ],
              [
                49.2053802,
                55.8966669
              ],
              [
                49.2051659,
                55.8965453
              ],
              [
                49.2049086,
                55.8962401
              ],
              [
                49.2046196,
                55.8952905
              ],
              [
                49.2000088,
                55.8950455
              ],
              [
                49.198252,
                55.8953918
              ],
              [
                49.1972882,
                55.8963853
              ],
              [
                49.1943257,
                55.89483
              ],
              [
                49.1929843,
                55.8951451
              ],
              [
                49.1928663,
                55.8956777
              ],
              [
                49.1927985,
                55.8958579
              ],
              [
                49.1926133,
                55.8959243
              ],
              [
                49.192462,
                55.8957825
              ],
              [
                49.1924594,
                55.8955741
              ],
              [
                49.1923923,
                55.89508
              ],
              [
                49.1908319,
                55.8942521
              ],
              [
                49.1897298,
                55.8932463
              ],
              [
                49.1893576,
                55.8927514
              ],
              [
                49.189559,
                55.8921716
              ],
              [
                49.1895745,
                55.891802
              ],
              [
                49.1880183,
                55.8905686
              ],
              [
                49.1889808,
                55.890605
              ],
              [
                49.1897256,
                55.890418
              ],
              [
                49.1904,
                55.889971
              ],
              [
                49.1907713,
                55.8895128
              ],
              [
                49.1908876,
                55.8889737
              ],
              [
                49.1907187,
                55.888441
              ],
              [
                49.1893269,
                55.8865609
              ],
              [
                49.1891238,
                55.8858474
              ],
              [
                49.1892753,
                55.885077
              ],
              [
                49.1897298,
                55.8842677
              ],
              [
                49.1907589,
                55.8831754
              ],
              [
                49.1912156,
                55.8825263
              ],
              [
                49.1915493,
                55.8819524
              ],
              [
                49.1916154,
                55.8812485
              ],
              [
                49.1913087,
                55.8805446
              ],
              [
                49.190871,
                55.8800041
              ],
              [
                49.1899551,
                55.8796628
              ],
              [
                49.1890351,
                55.8796662
              ],
              [
                49.1883413,
                55.879963
              ],
              [
                49.1875009,
                55.880399
              ],
              [
                49.1865871,
                55.8807038
              ],
              [
                49.1856578,
                55.8807805
              ],
              [
                49.1851506,
                55.8805912
              ],
              [
                49.1846425,
                55.8800587
              ],
              [
                49.1845227,
                55.8794619
              ],
              [
                49.1847606,
                55.8787729
              ],
              [
                49.1859934,
                55.8769444
              ],
              [
                49.1862088,
                55.8765495
              ],
              [
                49.1860396,
                55.8759815
              ],
              [
                49.185701,
                55.8754701
              ],
              [
                49.1850198,
                55.874886
              ],
              [
                49.1828638,
                55.8736118
              ],
              [
                49.1804423,
                55.8720926
              ],
              [
                49.1798825,
                55.8716352
              ],
              [
                49.179629,
                55.8710765
              ],
              [
                49.1796786,
                55.8705989
              ],
              [
                49.1799304,
                55.8701919
              ],
              [
                49.1812243,
                55.8693013
              ],
              [
                49.1821242,
                55.8687747
              ],
              [
                49.1826804,
                55.8682049
              ],
              [
                49.1829499,
                55.8674646
              ],
              [
                49.18285,
                55.8652103
              ],
              [
                49.1809127,
                55.8635105
              ],
              [
                49.1774712,
                55.860348
              ],
              [
                49.1746044,
                55.8582752
              ],
              [
                49.1706656,
                55.8577558
              ],
              [
                49.1690601,
                55.8573094
              ],
              [
                49.1675341,
                55.8552378
              ],
              [
                49.1666674,
                55.8546908
              ],
              [
                49.1647004,
                55.854227
              ],
              [
                49.1623378,
                55.8539814
              ],
              [
                49.1614982,
                55.8537811
              ],
              [
                49.1602925,
                55.8530546
              ],
              [
                49.1599707,
                55.8520216
              ],
              [
                49.160641,
                55.8505415
              ],
              [
                49.1612017,
                55.8499178
              ],
              [
                49.1624385,
                55.8492518
              ],
              [
                49.1634142,
                55.848919
              ],
              [
                49.1637523,
                55.8487065
              ],
              [
                49.1637589,
                55.8482493
              ],
              [
                49.1635919,
                55.847775
              ],
              [
                49.1635142,
                55.8475544
              ],
              [
                49.1621769,
                55.8438181
              ],
              [
                49.1628385,
                55.8425331
              ],
              [
                49.1666526,
                55.8404902
              ],
              [
                49.1703411,
                55.8407361
              ],
              [
                49.1723015,
                55.8406283
              ],
              [
                49.1734413,
                55.8396659
              ],
              [
                49.1733058,
                55.8384643
              ],
              [
                49.1723437,
                55.8367918
              ],
              [
                49.1712843,
                55.8357112
              ],
              [
                49.1710188,
                55.8340944
              ],
              [
                49.1718354,
                55.8332064
              ],
              [
                49.1742405,
                55.8322765
              ],
              [
                49.1750811,
                55.8316292
              ],
              [
                49.1755181,
                55.8298414
              ],
              [
                49.17525,
                55.8287888
              ],
              [
                49.1742645,
                55.8279198
              ],
              [
                49.1731687,
                55.8271976
              ],
              [
                49.171938,
                55.8268488
              ],
              [
                49.1704445,
                55.8263797
              ],
              [
                49.1695692,
                55.8258619
              ],
              [
                49.1681445,
                55.8244139
              ],
              [
                49.1681484,
                55.8236472
              ],
              [
                49.1686837,
                55.8217324
              ],
              [
                49.1677877,
                55.820117
              ],
              [
                49.1604664,
                55.8133479
              ],
              [
                49.1439911,
                55.8073926
              ],
              [
                49.1533227,
                55.8056613
              ],
              [
                49.1677293,
                55.8073604
              ],
              [
                49.1669869,
                55.8063882
              ],
              [
                49.1650408,
                55.8038394
              ],
              [
                49.1652298,
                55.803834
              ],
              [
                49.1653407,
                55.8034909
              ],
              [
                49.1656783,
                55.8033246
              ],
              [
                49.1662493,
                55.8033101
              ],
              [
                49.1671788,
                55.8030935
              ],
              [
                49.1676184,
                55.8028083
              ],
              [
                49.1666579,
                55.8013721
              ],
              [
                49.165801,
                55.8012485
              ],
              [
                49.1656447,
                55.8009238
              ],
              [
                49.1664038,
                55.8007987
              ],
              [
                49.1662676,
                55.8004796
              ],
              [
                49.1662153,
                55.8002009
              ],
              [
                49.1670121,
                55.7947346
              ],
              [
                49.1669436,
                55.7940864
              ],
              [
                49.1667645,
                55.7933466
              ],
              [
                49.1663711,
                55.7924177
              ],
              [
                49.1628324,
                55.789303
              ],
              [
                49.162188,
                55.7883369
              ],
              [
                49.1618245,
                55.7876959
              ],
              [
                49.1617419,
                55.7867482
              ],
              [
                49.1616391,
                55.7848274
              ],
              [
                49.1618036,
                55.7841107
              ],
              [
                49.1622005,
                55.783548
              ],
              [
                49.1624686,
                55.7830959
              ],
              [
                49.1630666,
                55.78261
              ],
              [
                49.1669304,
                55.7787461
              ],
              [
                49.1682782,
                55.7772817
              ],
              [
                49.1687222,
                55.7767684
              ],
              [
                49.1691208,
                55.7760934
              ],
              [
                49.1695616,
                55.7752138
              ],
              [
                49.1699074,
                55.7743744
              ],
              [
                49.1701305,
                55.7735184
              ],
              [
                49.1702242,
                55.7729844
              ],
              [
                49.1702651,
                55.7724751
              ],
              [
                49.1702463,
                55.7719078
              ],
              [
                49.1701637,
                55.7711015
              ],
              [
                49.1698942,
                55.7701056
              ],
              [
                49.1696255,
                55.7692907
              ],
              [
                49.1693889,
                55.7687665
              ],
              [
                49.1691143,
                55.7683081
              ],
              [
                49.1687054,
                55.7678184
              ],
              [
                49.168463,
                55.7675736
              ],
              [
                49.1680395,
                55.7671941
              ],
              [
                49.1673881,
                55.7667159
              ],
              [
                49.1662055,
                55.7660688
              ],
              [
                49.1651665,
                55.7655779
              ],
              [
                49.1641887,
                55.7651214
              ],
              [
                49.1635128,
                55.7648095
              ],
              [
                49.161819,
                55.7641352
              ],
              [
                49.1610475,
                55.76398
              ],
              [
                49.1608356,
                55.7639429
              ],
              [
                49.1608016,
                55.7637107
              ],
              [
                49.1607766,
                55.7637046
              ],
              [
                49.1607383,
                55.7633186
              ],
              [
                49.160846,
                55.7630469
              ],
              [
                49.1618788,
                55.7623411
              ],
              [
                49.1627844,
                55.7603641
              ],
              [
                49.1635103,
                55.7589731
              ],
              [
                49.1637896,
                55.7581607
              ],
              [
                49.1640126,
                55.7563811
              ],
              [
                49.1643112,
                55.7549823
              ],
              [
                49.1645569,
                55.7533219
              ],
              [
                49.1644917,
                55.7526422
              ],
              [
                49.1651202,
                55.7525576
              ],
              [
                49.1657326,
                55.7526974
              ],
              [
                49.1660708,
                55.7527994
              ],
              [
                49.1667384,
                55.7529246
              ],
              [
                49.1675527,
                55.7530508
              ],
              [
                49.1682204,
                55.7531732
              ],
              [
                49.1686655,
                55.7533052
              ],
              [
                49.169109,
                55.753534
              ],
              [
                49.1700585,
                55.7541602
              ],
              [
                49.1719422,
                55.7554353
              ],
              [
                49.1721499,
                55.7555777
              ],
              [
                49.1725148,
                55.7557991
              ],
              [
                49.1729687,
                55.756032
              ],
              [
                49.1735432,
                55.756265
              ],
              [
                49.1740453,
                55.7564465
              ],
              [
                49.1745438,
                55.756596
              ],
              [
                49.1752029,
                55.7567232
              ],
              [
                49.1758792,
                55.7568261
              ],
              [
                49.1772921,
                55.7570232
              ],
              [
                49.1798748,
                55.7573668
              ],
              [
                49.1814603,
                55.7575979
              ],
              [
                49.1818226,
                55.7576513
              ],
              [
                49.1820193,
                55.7577027
              ],
              [
                49.1822953,
                55.757825
              ],
              [
                49.1842222,
                55.7592062
              ],
              [
                49.1846772,
                55.7595508
              ],
              [
                49.1850103,
                55.7597932
              ],
              [
                49.1853139,
                55.7599777
              ],
              [
                49.1855883,
                55.7601029
              ],
              [
                49.1862352,
                55.7603087
              ],
              [
                49.186632,
                55.7603844
              ],
              [
                49.1887537,
                55.7607313
              ],
              [
                49.1888568,
                55.7584125
              ],
              [
                49.1949562,
                55.7583495
              ],
              [
                49.1949159,
                55.7584501
              ],
              [
                49.1944841,
                55.7587038
              ],
              [
                49.1974513,
                55.7587632
              ],
              [
                49.1974513,
                55.7588881
              ],
              [
                49.1974134,
                55.758944
              ],
              [
                49.1973885,
                55.7590541
              ],
              [
                49.1974075,
                55.7592226
              ],
              [
                49.1974269,
                55.7594285
              ],
              [
                49.197859,
                55.7594392
              ],
              [
                49.1983947,
                55.7594525
              ],
              [
                49.1984834,
                55.7595095
              ],
              [
                49.1985336,
                55.7595419
              ],
              [
                49.1985422,
                55.7595467
              ],
              [
                49.1985508,
                55.7595505
              ],
              [
                49.1985692,
                55.7595565
              ],
              [
                49.1985866,
                55.7595606
              ],
              [
                49.1986039,
                55.7595641
              ],
              [
                49.198618,
                55.759567
              ],
              [
                49.1986385,
                55.7595711
              ],
              [
                49.1986703,
                55.7595761
              ],
              [
                49.1986914,
                55.7595787
              ],
              [
                49.1987038,
                55.7595796
              ],
              [
                49.1987234,
                55.7595801
              ],
              [
                49.1991459,
                55.7595913
              ],
              [
                49.1991518,
                55.7593965
              ],
              [
                49.1993332,
                55.759399
              ],
              [
                49.1993336,
                55.7595959
              ],
              [
                49.1994996,
                55.7595995
              ],
              [
                49.2002606,
                55.75963
              ],
              [
                49.2003745,
                55.7596319
              ],
              [
                49.2003655,
                55.7596751
              ],
              [
                49.2036265,
                55.7597452
              ],
              [
                49.2036424,
                55.7598401
              ],
              [
                49.2037085,
                55.7598366
              ],
              [
                49.2042522,
                55.7597975
              ],
              [
                49.2043853,
                55.7598186
              ],
              [
                49.2045326,
                55.7597346
              ],
              [
                49.2065898,
                55.7596274
              ],
              [
                49.2079913,
                55.7603503
              ],
              [
                49.2079356,
                55.7603823
              ],
              [
                49.2081825,
                55.7605027
              ],
              [
                49.2083318,
                55.7604375
              ],
              [
                49.2100606,
                55.7597461
              ],
              [
                49.2101927,
                55.7596182
              ],
              [
                49.2104726,
                55.7592522
              ],
              [
                49.210675,
                55.7592167
              ],
              [
                49.211516,
                55.7596901
              ],
              [
                49.2111699,
                55.7598396
              ],
              [
                49.2111697,
                55.7601409
              ],
              [
                49.2114846,
                55.760287
              ],
              [
                49.2117438,
                55.7601411
              ],
              [
                49.2123738,
                55.7604787
              ],
              [
                49.2134696,
                55.760954
              ],
              [
                49.2149325,
                55.7608826
              ],
              [
                49.21554,
                55.7606081
              ],
              [
                49.2173394,
                55.7605958
              ],
              [
                49.2173423,
                55.7602301
              ],
              [
                49.21789,
                55.7601627
              ],
              [
                49.2183646,
                55.7601841
              ],
              [
                49.2183689,
                55.7594407
              ],
              [
                49.2191207,
                55.7594186
              ],
              [
                49.2190217,
                55.7575159
              ],
              [
                49.2298965,
                55.7575137
              ],
              [
                49.2314228,
                55.7576527
              ],
              [
                49.2370704,
                55.7581159
              ],
              [
                49.2413231,
                55.7581034
              ],
              [
                49.2413245,
                55.7587345
              ],
              [
                49.2413815,
                55.7587378
              ],
              [
                49.2418109,
                55.7589154
              ],
              [
                49.2427913,
                55.759095
              ],
              [
                49.2452756,
                55.7594412
              ],
              [
                49.246697,
                55.7596143
              ],
              [
                49.2508991,
                55.7599858
              ],
              [
                49.2531245,
                55.7608433
              ],
              [
                49.2534619,
                55.7608524
              ],
              [
                49.2534067,
                55.7605213
              ],
              [
                49.2530515,
                55.7600309
              ],
              [
                49.2532332,
                55.7592732
              ],
              [
                49.2539168,
                55.7586136
              ],
              [
                49.2542122,
                55.7581197
              ],
              [
                49.2541164,
                55.7574205
              ],
              [
                49.2542727,
                55.7572997
              ],
              [
                49.2542727,
                55.7572454
              ],
              [
                49.2547407,
                55.7569387
              ],
              [
                49.2559374,
                55.7559439
              ],
              [
                49.2562389,
                55.7555332
              ],
              [
                49.2568337,
                55.7548137
              ],
              [
                49.2570997,
                55.754641
              ],
              [
                49.2576078,
                55.7544074
              ],
              [
                49.2588022,
                55.753563
              ],
              [
                49.2591576,
                55.7533408
              ],
              [
                49.2594075,
                55.7531363
              ],
              [
                49.2595273,
                55.7529933
              ],
              [
                49.2596677,
                55.7528073
              ],
              [
                49.259771,
                55.7527062
              ],
              [
                49.2600581,
                55.7525633
              ],
              [
                49.2604209,
                55.7524095
              ],
              [
                49.2605202,
                55.7523791
              ],
              [
                49.2613381,
                55.7522099
              ],
              [
                49.261871,
                55.7520797
              ],
              [
                49.2620857,
                55.7520111
              ],
              [
                49.2623253,
                55.7519612
              ],
              [
                49.2691428,
                55.7527671
              ],
              [
                49.2697739,
                55.7535606
              ],
              [
                49.2699842,
                55.754869
              ],
              [
                49.2677059,
                55.7568019
              ],
              [
                49.2676008,
                55.7577302
              ],
              [
                49.2681148,
                55.7579505
              ],
              [
                49.2689531,
                55.7579833
              ],
              [
                49.2691897,
                55.7580293
              ],
              [
                49.2693153,
                55.7580951
              ],
              [
                49.2730377,
                55.7570016
              ],
              [
                49.2802248,
                55.7541057
              ],
              [
                49.2836345,
                55.7529541
              ],
              [
                49.2913289,
                55.7516736
              ],
              [
                49.2945415,
                55.7511162
              ],
              [
                49.2968429,
                55.7502909
              ],
              [
                49.2968388,
                55.7503461
              ],
              [
                49.2968088,
                55.7503659
              ],
              [
                49.2962688,
                55.7513133
              ],
              [
                49.2963297,
                55.7514086
              ],
              [
                49.2961872,
                55.751451
              ],
              [
                49.2942701,
                55.7548194
              ],
              [
                49.2862375,
                55.761598
              ],
              [
                49.2873113,
                55.7615099
              ],
              [
                49.287833,
                55.7615843
              ],
              [
                49.2883386,
                55.7616375
              ],
              [
                49.2886897,
                55.7616482
              ],
              [
                49.2891738,
                55.7615772
              ],
              [
                49.2894767,
                55.7615128
              ],
              [
                49.290799,
                55.7614837
              ],
              [
                49.2917688,
                55.76159
              ],
              [
                49.2924949,
                55.7615667
              ],
              [
                49.2928699,
                55.7616157
              ],
              [
                49.2935624,
                55.7616145
              ],
              [
                49.2941727,
                55.7616375
              ],
              [
                49.2951343,
                55.7619471
              ],
              [
                49.2953267,
                55.7621268
              ],
              [
                49.2957547,
                55.7624051
              ],
              [
                49.2968543,
                55.7627219
              ],
              [
                49.2973296,
                55.7628429
              ],
              [
                49.2979355,
                55.7629314
              ],
              [
                49.2983094,
                55.7629484
              ],
              [
                49.2989263,
                55.7628818
              ],
              [
                49.2994667,
                55.7628809
              ],
              [
                49.3000468,
                55.7628074
              ],
              [
                49.3017154,
                55.7626432
              ],
              [
                49.3026143,
                55.7625824
              ],
              [
                49.3033202,
                55.7625994
              ],
              [
                49.3040142,
                55.7625504
              ],
              [
                49.3048599,
                55.7625608
              ],
              [
                49.3050095,
                55.7625908
              ],
              [
                49.306044,
                55.7622973
              ],
              [
                49.3062908,
                55.7622181
              ],
              [
                49.306462,
                55.7621272
              ],
              [
                49.3065246,
                55.7619358
              ],
              [
                49.3066058,
                55.7613022
              ],
              [
                49.3065933,
                55.7608212
              ],
              [
                49.3066556,
                55.7606253
              ],
              [
                49.3069314,
                55.7600958
              ],
              [
                49.3071545,
                55.7599452
              ],
              [
                49.3078169,
                55.7595211
              ],
              [
                49.3080076,
                55.7592815
              ],
              [
                49.3080973,
                55.7591301
              ],
              [
                49.308251,
                55.7587942
              ],
              [
                49.3084833,
                55.7585248
              ],
              [
                49.3084812,
                55.758069
              ],
              [
                49.3085855,
                55.757733
              ],
              [
                49.3088643,
                55.7562984
              ],
              [
                49.3088536,
                55.7562025
              ],
              [
                49.3088519,
                55.7560628
              ],
              [
                49.3087345,
                55.7558785
              ],
              [
                49.3079355,
                55.7555803
              ],
              [
                49.3070336,
                55.7551688
              ],
              [
                49.3065627,
                55.755175
              ],
              [
                49.3060471,
                55.7550833
              ],
              [
                49.3055996,
                55.7549979
              ],
              [
                49.3050574,
                55.7548345
              ],
              [
                49.3044565,
                55.75463
              ],
              [
                49.304045,
                55.754515
              ],
              [
                49.3034079,
                55.7542162
              ],
              [
                49.3024008,
                55.7537177
              ],
              [
                49.3015859,
                55.7532495
              ],
              [
                49.3028721,
                55.7527247
              ],
              [
                49.3042839,
                55.7521486
              ],
              [
                49.304977,
                55.7518997
              ],
              [
                49.3081957,
                55.7506655
              ],
              [
                49.3082945,
                55.750627
              ],
              [
                49.308548,
                55.7505319
              ],
              [
                49.3100769,
                55.7499356
              ],
              [
                49.3101739,
                55.7498957
              ],
              [
                49.3104559,
                55.7497798
              ],
              [
                49.3112522,
                55.7495396
              ],
              [
                49.3113512,
                55.7495044
              ],
              [
                49.3120301,
                55.7493295
              ],
              [
                49.3123958,
                55.7492572
              ],
              [
                49.3127967,
                55.7491779
              ],
              [
                49.3141821,
                55.7488398
              ],
              [
                49.3142696,
                55.7486895
              ],
              [
                49.3143928,
                55.7484654
              ],
              [
                49.3142599,
                55.7482863
              ],
              [
                49.3139124,
                55.748121
              ],
              [
                49.3123951,
                55.7475446
              ],
              [
                49.3112803,
                55.7471082
              ],
              [
                49.3104035,
                55.7466904
              ],
              [
                49.3102019,
                55.7466414
              ],
              [
                49.3099154,
                55.7465312
              ],
              [
                49.3097697,
                55.7464668
              ],
              [
                49.3094415,
                55.7462797
              ],
              [
                49.3091761,
                55.7461842
              ],
              [
                49.3087193,
                55.7460798
              ],
              [
                49.3082028,
                55.7459743
              ],
              [
                49.3074797,
                55.7458574
              ],
              [
                49.3072164,
                55.7456793
              ],
              [
                49.3065833,
                55.7453967
              ],
              [
                49.3063638,
                55.7452303
              ],
              [
                49.3062582,
                55.7451119
              ],
              [
                49.3061451,
                55.7450668
              ],
              [
                49.3059121,
                55.7449447
              ],
              [
                49.3050136,
                55.7443622
              ],
              [
                49.3053191,
                55.7442857
              ],
              [
                49.3057375,
                55.7440925
              ],
              [
                49.3059199,
                55.7439475
              ],
              [
                49.3059843,
                55.743712
              ],
              [
                49.3060379,
                55.7434765
              ],
              [
                49.3060915,
                55.7433799
              ],
              [
                49.3060272,
                55.743241
              ],
              [
                49.305877,
                55.7431262
              ],
              [
                49.3055336,
                55.742933
              ],
              [
                49.3051152,
                55.7426612
              ],
              [
                49.3048577,
                55.7425585
              ],
              [
                49.3044286,
                55.7423713
              ],
              [
                49.3040745,
                55.7421237
              ],
              [
                49.3039887,
                55.7419787
              ],
              [
                49.3040745,
                55.7418217
              ],
              [
                49.3044178,
                55.7417251
              ],
              [
                49.305083,
                55.7416707
              ],
              [
                49.305759,
                55.741713
              ],
              [
                49.3064456,
                55.7417432
              ],
              [
                49.3068855,
                55.7417371
              ],
              [
                49.3072288,
                55.7416405
              ],
              [
                49.307497,
                55.7415076
              ],
              [
                49.3078296,
                55.7414956
              ],
              [
                49.3081193,
                55.7416043
              ],
              [
                49.308248,
                55.7416466
              ],
              [
                49.3083124,
                55.7416345
              ],
              [
                49.3083768,
                55.7414895
              ],
              [
                49.3084626,
                55.7413204
              ],
              [
                49.3087738,
                55.7411332
              ],
              [
                49.3091063,
                55.7410607
              ],
              [
                49.3094604,
                55.7410426
              ],
              [
                49.3099003,
                55.7411332
              ],
              [
                49.3101685,
                55.7411332
              ],
              [
                49.3103294,
                55.7410668
              ],
              [
                49.3106191,
                55.7407708
              ],
              [
                49.3109088,
                55.740493
              ],
              [
                49.3113916,
                55.7402635
              ],
              [
                49.3119066,
                55.7400581
              ],
              [
                49.3122606,
                55.7399917
              ],
              [
                49.3126361,
                55.7400883
              ],
              [
                49.3129473,
                55.7400702
              ],
              [
                49.3132262,
                55.7399615
              ],
              [
                49.313355,
                55.7397682
              ],
              [
                49.3133335,
                55.7395568
              ],
              [
                49.3132449,
                55.7393122
              ],
              [
                49.3131297,
                55.7389226
              ],
              [
                49.3132584,
                55.7385844
              ],
              [
                49.3136017,
                55.7382401
              ],
              [
                49.3139343,
                55.7381344
              ],
              [
                49.3149858,
                55.7378958
              ],
              [
                49.3152111,
                55.7377448
              ],
              [
                49.3153076,
                55.7375274
              ],
              [
                49.3152432,
                55.7373462
              ],
              [
                49.3153827,
                55.7371952
              ],
              [
                49.3158119,
                55.7370321
              ],
              [
                49.3159299,
                55.7368569
              ],
              [
                49.3159299,
                55.7365307
              ],
              [
                49.3158119,
                55.7362831
              ],
              [
                49.3154578,
                55.7357696
              ],
              [
                49.3154042,
                55.7355643
              ],
              [
                49.3151789,
                55.7350629
              ],
              [
                49.3151467,
                55.7347669
              ],
              [
                49.3151789,
                55.7346038
              ],
              [
                49.3154042,
                55.7344649
              ],
              [
                49.3161552,
                55.7343199
              ],
              [
                49.3173783,
                55.7341659
              ],
              [
                49.3187194,
                55.7344105
              ],
              [
                49.319052,
                55.7344528
              ],
              [
                49.3193417,
                55.7343803
              ],
              [
                49.3197815,
                55.7340904
              ],
              [
                49.3202536,
                55.7338064
              ],
              [
                49.3206184,
                55.7336131
              ],
              [
                49.3209188,
                55.7335407
              ],
              [
                49.3212836,
                55.7336011
              ],
              [
                49.3219702,
                55.7340118
              ],
              [
                49.3226051,
                55.7340303
              ],
              [
                49.3243861,
                55.7334142
              ],
              [
                49.325165,
                55.7331497
              ],
              [
                49.3253355,
                55.7331331
              ],
              [
                49.3254935,
                55.7331378
              ],
              [
                49.3258081,
                55.7332115
              ],
              [
                49.3261492,
                55.7333434
              ],
              [
                49.3266158,
                55.7336554
              ],
              [
                49.3269377,
                55.7337581
              ],
              [
                49.3271737,
                55.7338004
              ],
              [
                49.3272843,
                55.7338031
              ],
              [
                49.3276458,
                55.7338125
              ],
              [
                49.328547,
                55.7337944
              ],
              [
                49.3290083,
                55.7338608
              ],
              [
                49.3294375,
                55.7341266
              ],
              [
                49.3296628,
                55.7343259
              ],
              [
                49.3298774,
                55.7343803
              ],
              [
                49.3301671,
                55.7343803
              ],
              [
                49.3304889,
                55.7342474
              ],
              [
                49.3309395,
                55.7339212
              ],
              [
                49.3314545,
                55.7336433
              ],
              [
                49.3317227,
                55.733438
              ],
              [
                49.3317871,
                55.733154
              ],
              [
                49.3318408,
                55.732858
              ],
              [
                49.3318944,
                55.732707
              ],
              [
                49.3320982,
                55.732562
              ],
              [
                49.3325489,
                55.7325318
              ],
              [
                49.3335359,
                55.7325439
              ],
              [
                49.3347483,
                55.7325379
              ],
              [
                49.3354564,
                55.7326829
              ],
              [
                49.3361001,
                55.7328822
              ],
              [
                49.3368618,
                55.732997
              ],
              [
                49.3375592,
                55.7330997
              ],
              [
                49.3389111,
                55.7333957
              ],
              [
                49.3398767,
                55.7336917
              ],
              [
                49.3406062,
                55.7338669
              ],
              [
                49.3414967,
                55.7340541
              ],
              [
                49.3421833,
                55.7343018
              ],
              [
                49.3428485,
                55.7344588
              ],
              [
                49.3439,
                55.734628
              ],
              [
                49.3447046,
                55.7348273
              ],
              [
                49.3453805,
                55.7351354
              ],
              [
                49.3460672,
                55.7353106
              ],
              [
                49.3467431,
                55.7354616
              ],
              [
                49.3472366,
                55.7356609
              ],
              [
                49.347698,
                55.735673
              ],
              [
                49.3487172,
                55.7352864
              ],
              [
                49.349436,
                55.7351656
              ],
              [
                49.3501549,
                55.7352502
              ],
              [
                49.3507557,
                55.7354193
              ],
              [
                49.3511634,
                55.7354495
              ],
              [
                49.3517857,
                55.7352622
              ],
              [
                49.352129,
                55.7351535
              ],
              [
                49.352601,
                55.73522
              ],
              [
                49.3533628,
                55.7356065
              ],
              [
                49.3539207,
                55.73583
              ],
              [
                49.3542747,
                55.7358784
              ],
              [
                49.3546824,
                55.7358784
              ],
              [
                49.3552082,
                55.7360113
              ],
              [
                49.355691,
                55.7363495
              ],
              [
                49.3561738,
                55.7366515
              ],
              [
                49.3567317,
                55.7367784
              ],
              [
                49.3575685,
                55.7367965
              ],
              [
                49.3581157,
                55.7368509
              ],
              [
                49.3587809,
                55.7368992
              ],
              [
                49.3592851,
                55.7371408
              ],
              [
                49.3599503,
                55.7374488
              ],
              [
                49.3607013,
                55.7376603
              ],
              [
                49.361506,
                55.7379321
              ],
              [
                49.3620961,
                55.7383126
              ],
              [
                49.3624501,
                55.7384092
              ],
              [
                49.3628256,
                55.7384092
              ],
              [
                49.3631582,
                55.7382401
              ],
              [
                49.363405,
                55.7382099
              ],
              [
                49.3635552,
                55.7383186
              ],
              [
                49.363523,
                55.7387293
              ],
              [
                49.363411,
                55.7389978
              ],
              [
                49.3633621,
                55.7391189
              ],
              [
                49.363423,
                55.7392809
              ],
              [
                49.3636384,
                55.739504
              ],
              [
                49.3639951,
                55.7397018
              ],
              [
                49.3643277,
                55.7397743
              ],
              [
                49.3645012,
                55.7397626
              ],
              [
                49.364722,
                55.7397199
              ],
              [
                49.3650116,
                55.7395976
              ],
              [
                49.3651745,
                55.7395844
              ],
              [
                49.3655052,
                55.739664
              ],
              [
                49.3657761,
                55.7398165
              ],
              [
                49.3659879,
                55.7398452
              ],
              [
                49.3661481,
                55.7397943
              ],
              [
                49.3664195,
                55.7396512
              ],
              [
                49.3667603,
                55.7396006
              ],
              [
                49.3671486,
                55.7396599
              ],
              [
                49.3675099,
                55.7398341
              ],
              [
                49.3681195,
                55.7400455
              ],
              [
                49.3682241,
                55.740214
              ],
              [
                49.3683717,
                55.7402608
              ],
              [
                49.3686023,
                55.740279
              ],
              [
                49.3688867,
                55.7403929
              ],
              [
                49.3690824,
                55.7404375
              ],
              [
                49.3694016,
                55.7404435
              ],
              [
                49.3694687,
                55.7404632
              ],
              [
                49.3696028,
                55.7405462
              ],
              [
                49.3697002,
                55.7405569
              ],
              [
                49.370048,
                55.7405251
              ],
              [
                49.3705353,
                55.7404205
              ],
              [
                49.3708983,
                55.7404179
              ],
              [
                49.3711477,
                55.7403001
              ],
              [
                49.3714467,
                55.7402311
              ],
              [
                49.3718183,
                55.739986
              ],
              [
                49.3719605,
                55.7399936
              ],
              [
                49.3720597,
                55.7400661
              ],
              [
                49.3720999,
                55.7403122
              ],
              [
                49.3721938,
                55.7403756
              ],
              [
                49.3723923,
                55.7404088
              ],
              [
                49.3725398,
                55.7403937
              ],
              [
                49.3725961,
                55.7404103
              ],
              [
                49.3726552,
                55.7404903
              ],
              [
                49.3727557,
                55.7405088
              ],
              [
                49.3729958,
                55.7404662
              ],
              [
                49.3731782,
                55.7403937
              ],
              [
                49.3732855,
                55.7403801
              ],
              [
                49.3735215,
                55.7404466
              ],
              [
                49.3735671,
                55.740507
              ],
              [
                49.373484,
                55.7407168
              ],
              [
                49.373551,
                55.7407923
              ],
              [
                49.3736637,
                55.7408301
              ],
              [
                49.3737254,
                55.7408799
              ],
              [
                49.373787,
                55.7409916
              ],
              [
                49.373728,
                55.7410837
              ],
              [
                49.3736261,
                55.741194
              ],
              [
                49.3736395,
                55.7412695
              ],
              [
                49.3738031,
                55.7413329
              ],
              [
                49.374022,
                55.7414464
              ],
              [
                49.3743825,
                55.7415307
              ],
              [
                49.3747928,
                55.7413782
              ],
              [
                49.3752392,
                55.7412457
              ],
              [
                49.3755882,
                55.7414507
              ],
              [
                49.3758255,
                55.741616
              ],
              [
                49.3759597,
                55.7417223
              ],
              [
                49.3763781,
                55.7420969
              ],
              [
                49.3765765,
                55.7424713
              ],
              [
                49.3764294,
                55.742744
              ],
              [
                49.3765604,
                55.7431175
              ],
              [
                49.3763995,
                55.7434738
              ],
              [
                49.3764585,
                55.743723
              ],
              [
                49.3763677,
                55.7439154
              ],
              [
                49.3762202,
                55.7444027
              ],
              [
                49.3762604,
                55.7460914
              ],
              [
                49.3765926,
                55.7463333
              ],
              [
                49.3767965,
                55.7466292
              ],
              [
                49.3769145,
                55.7468617
              ],
              [
                49.3769252,
                55.7470731
              ],
              [
                49.3770647,
                55.7474777
              ],
              [
                49.3772685,
                55.7477011
              ],
              [
                49.377805,
                55.7482355
              ],
              [
                49.3780196,
                55.7486069
              ],
              [
                49.3779874,
                55.7487971
              ],
              [
                49.3777996,
                55.7490054
              ],
              [
                49.3777245,
                55.7491111
              ],
              [
                49.3776601,
                55.7492047
              ],
              [
                49.3777259,
                55.7493051
              ],
              [
                49.3787011,
                55.7494647
              ],
              [
                49.3787326,
                55.7495023
              ],
              [
                49.3787954,
                55.749478
              ],
              [
                49.3791883,
                55.7487085
              ],
              [
                49.3800133,
                55.7484299
              ],
              [
                49.3801076,
                55.7484233
              ],
              [
                49.3801862,
                55.7484365
              ],
              [
                49.3804887,
                55.7487372
              ],
              [
                49.3807362,
                55.7488633
              ],
              [
                49.3810034,
                55.7490247
              ],
              [
                49.3811212,
                55.7491485
              ],
              [
                49.381188,
                55.7493873
              ],
              [
                49.3812076,
                55.749677
              ],
              [
                49.3812469,
                55.7498627
              ],
              [
                49.3792915,
                55.7570775
              ],
              [
                49.370052,
                55.7584615
              ],
              [
                49.3683764,
                55.7587444
              ],
              [
                49.3659095,
                55.7593501
              ],
              [
                49.3638987,
                55.7599862
              ],
              [
                49.36178,
                55.7608523
              ],
              [
                49.3602407,
                55.7616257
              ],
              [
                49.3597238,
                55.7619197
              ],
              [
                49.3576505,
                55.76323
              ],
              [
                49.3570029,
                55.7637541
              ],
              [
                49.3564337,
                55.7643321
              ],
              [
                49.3450713,
                55.7758248
              ],
              [
                49.3438863,
                55.7770716
              ],
              [
                49.3425356,
                55.7785951
              ],
              [
                49.341644,
                55.7795258
              ],
              [
                49.3401257,
                55.7813576
              ],
              [
                49.3399811,
                55.7813192
              ],
              [
                49.3398566,
                55.7814875
              ],
              [
                49.3400052,
                55.7815259
              ],
              [
                49.3397109,
                55.7819053
              ],
              [
                49.3392453,
                55.7826472
              ],
              [
                49.3384059,
                55.784488
              ],
              [
                49.3382131,
                55.785143
              ],
              [
                49.3380484,
                55.7857979
              ],
              [
                49.3378396,
                55.7871801
              ],
              [
                49.3377552,
                55.7884334
              ],
              [
                49.3378155,
                55.7894948
              ],
              [
                49.337952,
                55.7901339
              ],
              [
                49.3381689,
                55.7909671
              ],
              [
                49.3383818,
                55.7921097
              ],
              [
                49.3389293,
                55.794215
              ],
              [
                49.3385882,
                55.7942224
              ],
              [
                49.3385997,
                55.7951921
              ],
              [
                49.3383107,
                55.7960515
              ],
              [
                49.3377024,
                55.7970568
              ],
              [
                49.337619,
                55.7971413
              ],
              [
                49.3375534,
                55.7972076
              ],
              [
                49.3373411,
                55.7972183
              ],
              [
                49.3373502,
                55.7973462
              ],
              [
                49.3373026,
                55.7973432
              ],
              [
                49.3371942,
                55.7973216
              ],
              [
                49.3370663,
                55.7972186
              ],
              [
                49.3369552,
                55.7971138
              ],
              [
                49.3369127,
                55.7970852
              ],
              [
                49.3368348,
                55.7970613
              ],
              [
                49.3367428,
                55.7969924
              ],
              [
                49.3361181,
                55.7972465
              ],
              [
                49.3363704,
                55.7974817
              ],
              [
                49.3370193,
                55.7980456
              ],
              [
                49.3369497,
                55.7982657
              ],
              [
                49.3367892,
                55.7985113
              ],
              [
                49.3365694,
                55.7987125
              ],
              [
                49.3362513,
                55.7988753
              ],
              [
                49.3359089,
                55.7989864
              ],
              [
                49.3356627,
                55.799019
              ],
              [
                49.3349478,
                55.799151
              ],
              [
                49.3337654,
                55.7992732
              ],
              [
                49.3333068,
                55.7992539
              ],
              [
                49.3325902,
                55.7993177
              ],
              [
                49.3323053,
                55.7985514
              ],
              [
                49.3280857,
                55.7988693
              ],
              [
                49.3285066,
                55.8004379
              ],
              [
                49.3355441,
                55.7998216
              ],
              [
                49.3360797,
                55.7998058
              ],
              [
                49.3367814,
                55.7999126
              ],
              [
                49.3368047,
                55.7999573
              ],
              [
                49.3370622,
                55.8000387
              ],
              [
                49.3371695,
                55.8000025
              ],
              [
                49.3374914,
                55.8001231
              ],
              [
                49.3374646,
                55.8002377
              ],
              [
                49.3382102,
                55.8005091
              ],
              [
                49.3384784,
                55.8006478
              ],
              [
                49.3387037,
                55.8007865
              ],
              [
                49.3402487,
                55.8012991
              ],
              [
                49.3413484,
                55.8017694
              ],
              [
                49.3419146,
                55.8021787
              ],
              [
                49.3437562,
                55.8041878
              ],
              [
                49.3447083,
                55.8059596
              ],
              [
                49.3447521,
                55.8060844
              ],
              [
                49.3447987,
                55.8062173
              ],
              [
                49.3449787,
                55.80673
              ],
              [
                49.3450794,
                55.807017
              ],
              [
                49.345239,
                55.8074715
              ],
              [
                49.3456673,
                55.8096057
              ],
              [
                49.3456793,
                55.8100119
              ],
              [
                49.3459163,
                55.8107963
              ],
              [
                49.3459563,
                55.811288
              ],
              [
                49.3461802,
                55.8120858
              ],
              [
                49.346203,
                55.8127433
              ],
              [
                49.3463233,
                55.8130449
              ],
              [
                49.3466607,
                55.8144238
              ],
              [
                49.3468374,
                55.8155003
              ],
              [
                49.3470219,
                55.8165569
              ],
              [
                49.3475599,
                55.816531
              ],
              [
                49.3475787,
                55.8166282
              ],
              [
                49.3477531,
                55.816574
              ],
              [
                49.3489919,
                55.8166252
              ],
              [
                49.349784,
                55.8167185
              ],
              [
                49.3505403,
                55.816916
              ],
              [
                49.351131,
                55.8172055
              ],
              [
                49.35141,
                55.8172927
              ],
              [
                49.351691,
                55.8172882
              ],
              [
                49.3529355,
                55.8170169
              ],
              [
                49.3533218,
                55.8169023
              ],
              [
                49.3539387,
                55.816836
              ],
              [
                49.3547487,
                55.8167969
              ],
              [
                49.3552637,
                55.8167547
              ],
              [
                49.3563396,
                55.8164781
              ],
              [
                49.3567227,
                55.8163969
              ],
              [
                49.3570823,
                55.8163385
              ],
              [
                49.357564,
                55.8163265
              ],
              [
                49.3583751,
                55.8164138
              ],
              [
                49.3592548,
                55.8162996
              ],
              [
                49.3598594,
                55.8162074
              ],
              [
                49.3603059,
                55.8161773
              ],
              [
                49.3608935,
                55.8161732
              ],
              [
                49.3612353,
                55.8162045
              ],
              [
                49.3614926,
                55.8162532
              ],
              [
                49.3618341,
                55.8163531
              ],
              [
                49.3620655,
                55.8164895
              ],
              [
                49.3622944,
                55.8166617
              ],
              [
                49.3624385,
                55.8169093
              ],
              [
                49.3632842,
                55.8176286
              ],
              [
                49.3635359,
                55.817878
              ],
              [
                49.3635489,
                55.8181268
              ],
              [
                49.3634589,
                55.818304
              ],
              [
                49.3625279,
                55.8190271
              ],
              [
                49.3617143,
                55.8196975
              ],
              [
                49.3614551,
                55.8199709
              ],
              [
                49.3610591,
                55.820291
              ],
              [
                49.361754,
                55.820637
              ],
              [
                49.3617189,
                55.8218263
              ],
              [
                49.3615948,
                55.8221699
              ],
              [
                49.3615448,
                55.8222135
              ],
              [
                49.3613863,
                55.8222813
              ],
              [
                49.3607067,
                55.8229725
              ],
              [
                49.3605375,
                55.8237267
              ],
              [
                49.3602266,
                55.8238945
              ],
              [
                49.3581639,
                55.8255474
              ],
              [
                49.3588315,
                55.8257288
              ],
              [
                49.3588376,
                55.8261046
              ],
              [
                49.3506245,
                55.8273418
              ],
              [
                49.3497066,
                55.827384
              ],
              [
                49.3490543,
                55.8240701
              ],
              [
                49.3483429,
                55.8241077
              ],
              [
                49.348683,
                55.8249918
              ],
              [
                49.3489812,
                55.8267467
              ],
              [
                49.3490778,
                55.8275251
              ],
              [
                49.3494158,
                55.8289991
              ],
              [
                49.3494726,
                55.8296962
              ],
              [
                49.3498418,
                55.8308463
              ],
              [
                49.3498816,
                55.8314397
              ],
              [
                49.3500094,
                55.8323457
              ],
              [
                49.3501201,
                55.8327588
              ],
              [
                49.3500207,
                55.833081
              ],
              [
                49.3501002,
                55.834365
              ],
              [
                49.3501258,
                55.8353251
              ],
              [
                49.3499668,
                55.8357478
              ],
              [
                49.3495777,
                55.8366011
              ],
              [
                49.3492596,
                55.8371114
              ],
              [
                49.3487966,
                55.8377446
              ],
              [
                49.3483077,
                55.8382271
              ],
              [
                49.3480582,
                55.8384734
              ],
              [
                49.3476152,
                55.8388928
              ],
              [
                49.3473908,
                55.8390437
              ],
              [
                49.343763,
                55.8418069
              ],
              [
                49.3429848,
                55.8424782
              ],
              [
                49.3415505,
                55.8436104
              ],
              [
                49.3396761,
                55.8450694
              ],
              [
                49.3386621,
                55.8454888
              ],
              [
                49.338429,
                55.8456159
              ],
              [
                49.3366735,
                55.8465731
              ],
              [
                49.3347621,
                55.8484099
              ],
              [
                49.3338675,
                55.8490604
              ],
              [
                49.3333108,
                55.8495435
              ],
              [
                49.3321577,
                55.8503168
              ],
              [
                49.3311495,
                55.851047
              ],
              [
                49.3301674,
                55.8522785
              ],
              [
                49.3286935,
                55.8529842
              ],
              [
                49.3278228,
                55.8534342
              ],
              [
                49.3272913,
                55.8536623
              ],
              [
                49.3260542,
                55.8538273
              ],
              [
                49.3257585,
                55.8540177
              ],
              [
                49.3255626,
                55.8541999
              ],
              [
                49.324023,
                55.8551422
              ],
              [
                49.3240597,
                55.8551783
              ],
              [
                49.3151872,
                55.8586682
              ],
              [
                49.3132273,
                55.8595292
              ],
              [
                49.3084915,
                55.8613978
              ],
              [
                49.3061674,
                55.8623524
              ],
              [
                49.3057377,
                55.8625949
              ],
              [
                49.3026401,
                55.8648832
              ],
              [
                49.3009135,
                55.8661886
              ],
              [
                49.3007945,
                55.8662786
              ],
              [
                49.3003463,
                55.8660018
              ],
              [
                49.3000488,
                55.8661825
              ],
              [
                49.2996768,
                55.8668886
              ],
              [
                49.2985457,
                55.8676041
              ],
              [
                49.2973644,
                55.8685299
              ],
              [
                49.2938619,
                55.8710906
              ],
              [
                49.2928825,
                55.8712904
              ],
              [
                49.2926177,
                55.871465
              ],
              [
                49.2931465,
                55.8717922
              ],
              [
                49.2918909,
                55.8726728
              ],
              [
                49.2911072,
                55.8731531
              ],
              [
                49.2903145,
                55.8735307
              ],
              [
                49.2897522,
                55.8737495
              ],
              [
                49.2891699,
                55.8739123
              ],
              [
                49.2885695,
                55.8740477
              ],
              [
                49.2878856,
                55.8741728
              ],
              [
                49.2872126,
                55.8742604
              ],
              [
                49.2860485,
                55.87429
              ],
              [
                49.2842962,
                55.8742493
              ],
              [
                49.2808931,
                55.8742972
              ],
              [
                49.279719,
                55.8743694
              ],
              [
                49.2785689,
                55.8744732
              ],
              [
                49.2774688,
                55.8745294
              ],
              [
                49.2768403,
                55.8745352
              ],
              [
                49.2764991,
                55.8747683
              ],
              [
                49.2737306,
                55.8752446
              ],
              [
                49.2712148,
                55.8758659
              ],
              [
                49.2668295,
                55.8768293
              ],
              [
                49.262101,
                55.8776658
              ],
              [
                49.2587578,
                55.8777604
              ],
              [
                49.2585383,
                55.8778376
              ],
              [
                49.2558666,
                55.8778845
              ],
              [
                49.2555287,
                55.877865
              ],
              [
                49.2552488,
                55.8778094
              ],
              [
                49.2548851,
                55.8776639
              ],
              [
                49.2540586,
                55.8771706
              ],
              [
                49.2535647,
                55.8774612
              ],
              [
                49.253844,
                55.8780042
              ],
              [
                49.2538172,
                55.8785187
              ],
              [
                49.2534417,
                55.8790664
              ],
              [
                49.2529219,
                55.8794917
              ],
              [
                49.2524546,
                55.8797284
              ],
              [
                49.2519075,
                55.8799571
              ],
              [
                49.2503383,
                55.8803648
              ],
              [
                49.2459319,
                55.8817355
              ],
              [
                49.24507,
                55.8820494
              ],
              [
                49.2422547,
                55.8828651
              ],
              [
                49.23688,
                55.8844612
              ],
              [
                49.2364219,
                55.8849002
              ],
              [
                49.2358539,
                55.8848446
              ],
              [
                49.2354193,
                55.8849151
              ],
              [
                49.2347694,
                55.8851883
              ],
              [
                49.2335488,
                55.8856555
              ],
              [
                49.2320395,
                55.8862114
              ],
              [
                49.2318346,
                55.8862643
              ],
              [
                49.2314742,
                55.8863295
              ],
              [
                49.2304831,
                55.886338
              ],
              [
                49.2302582,
                55.8863872
              ],
              [
                49.2300371,
                55.8864856
              ],
              [
                49.2290697,
                55.8872506
              ],
              [
                49.2288638,
                55.8873612
              ],
              [
                49.2283837,
                55.8874154
              ],
              [
                49.2279605,
                55.8874932
              ],
              [
                49.2232271,
                55.8892316
              ],
              [
                49.2224422,
                55.8895953
              ],
              [
                49.2197565,
                55.8911465
              ],
              [
                49.2153147,
                55.8941136
              ],
              [
                49.2131907,
                55.8954589
              ],
              [
                49.2120982,
                55.8960563
              ],
              [
                49.2109865,
                55.8965405
              ],
              [
                49.2081079,
                55.8975301
              ]
            ]
          ],
          [
            [
              [
                49.2270043,
                55.9191199
              ],
              [
                49.2273599,
                55.9185982
              ],
              [
                49.2264372,
                55.91849
              ],
              [
                49.2265391,
                55.9181293
              ],
              [
                49.2272258,
                55.9182315
              ],
              [
                49.2279285,
                55.9171252
              ],
              [
                49.2276201,
                55.9169584
              ],
              [
                49.2277703,
                55.9166502
              ],
              [
                49.2281686,
                55.9162489
              ],
              [
                49.2288646,
                55.9156769
              ],
              [
                49.2291301,
                55.9156852
              ],
              [
                49.2292857,
                55.9159137
              ],
              [
                49.2280975,
                55.9174874
              ],
              [
                49.2282745,
                55.917525
              ],
              [
                49.2286795,
                55.917528
              ],
              [
                49.2287171,
                55.9175881
              ],
              [
                49.2291301,
                55.9174935
              ],
              [
                49.2289799,
                55.9173507
              ],
              [
                49.2293367,
                55.9172289
              ],
              [
                49.2295083,
                55.9176047
              ],
              [
                49.2297497,
                55.9179188
              ],
              [
                49.2296988,
                55.9179308
              ],
              [
                49.2299187,
                55.9183502
              ],
              [
                49.2305946,
                55.9183472
              ],
              [
                49.2306489,
                55.9183746
              ],
              [
                49.2309178,
                55.9183652
              ],
              [
                49.2309396,
                55.9187008
              ],
              [
                49.2299348,
                55.9188748
              ],
              [
                49.2286634,
                55.918989
              ],
              [
                49.2286903,
                55.9191393
              ],
              [
                49.2275959,
                55.9192565
              ],
              [
                49.2275101,
                55.9192475
              ],
              [
                49.2274779,
                55.9195391
              ],
              [
                49.2267054,
                55.9195571
              ],
              [
                49.2270541,
                55.9191152
              ],
              [
                49.2270043,
                55.9191199
              ]
            ]
          ]
        ]
      },
      "id": "relation/2133467"
    }
  ]
}