{
  "type": "FeatureCollection",
  "generator": "overpass-turbo",
  "copyright": "The data included in this document is from www.openstreetmap.org. The data is made available under ODbL.",
  "timestamp": "2026-06-04T19:07:58Z",
  "features": [
    {
      "type": "Feature",
      "properties": {
        "@id": "relation/3892924",
        "admin_level": "9",
        "boundary": "administrative",
        "contact:website": "http://adminlen.ru",
        "name": "Ленинский район",
        "note": "http://wiki.openstreetmap.org/wiki/RU:Саратов/Границы/Административно-территориальное_деление",
        "type": "boundary",
        "wikidata": "Q4258382",
        "wikipedia": "ru:Ленинский район (Саратов)"
      },
      "geometry": {
        "type": "Polygon",
        "coordinates": [
          [
            [
              45.8894562,
              51.6692545
            ],
            [
              45.888232,
              51.6681822
            ],
            [
              45.8884781,
              51.6671442
            ],
            [
              45.8877204,
              51.6661274
            ],
            [
              45.8861705,
              51.6654415
            ],
            [
              45.88543,
              51.6653133
            ],
            [
              45.8836046,
              51.6655347
            ],
            [
              45.8823556,
              51.6655773
            ],
            [
              45.8814909,
              51.6658241
            ],
            [
              45.8796792,
              51.6656198
            ],
            [
              45.8778,
              51.6656176
            ],
            [
              45.8772625,
              51.6650854
            ],
            [
              45.8773133,
              51.6647248
            ],
            [
              45.8777313,
              51.6641789
            ],
            [
              45.8784725,
              51.6636681
            ],
            [
              45.8785137,
              51.6632935
            ],
            [
              45.8783329,
              51.6629346
            ],
            [
              45.8783078,
              51.6628848
            ],
            [
              45.8772235,
              51.6621782
            ],
            [
              45.8766979,
              51.6620024
            ],
            [
              45.8755236,
              51.6621348
            ],
            [
              45.8742716,
              51.6620506
            ],
            [
              45.8736116,
              51.6614124
            ],
            [
              45.8727188,
              51.6612198
            ],
            [
              45.8720394,
              51.6608586
            ],
            [
              45.8714765,
              51.6608706
            ],
            [
              45.8710495,
              51.6606178
            ],
            [
              45.8704284,
              51.6607141
            ],
            [
              45.8700401,
              51.6601602
            ],
            [
              45.8692055,
              51.6598833
            ],
            [
              45.868565,
              51.6596063
            ],
            [
              45.8680021,
              51.6596184
            ],
            [
              45.8674198,
              51.6594498
            ],
            [
              45.8671579,
              51.6590456
            ],
            [
              45.8665851,
              51.6581614
            ],
            [
              45.8660999,
              51.657752
            ],
            [
              45.8639994,
              51.6573643
            ],
            [
              45.8637512,
              51.6573185
            ],
            [
              45.8609367,
              51.6566321
            ],
            [
              45.8584522,
              51.6562227
            ],
            [
              45.8563365,
              51.6563913
            ],
            [
              45.8542596,
              51.656006
            ],
            [
              45.8530367,
              51.656307
            ],
            [
              45.852338,
              51.6561866
            ],
            [
              45.8512316,
              51.6564515
            ],
            [
              45.8505716,
              51.6569452
            ],
            [
              45.8479124,
              51.6581614
            ],
            [
              45.8469225,
              51.6581012
            ],
            [
              45.8465537,
              51.6582577
            ],
            [
              45.8465343,
              51.658631
            ],
            [
              45.8454279,
              51.6590043
            ],
            [
              45.8394019,
              51.6552381
            ],
            [
              45.835892,
              51.6530443
            ],
            [
              45.835024,
              51.6525017
            ],
            [
              45.8347537,
              51.6523266
            ],
            [
              45.8306178,
              51.6496475
            ],
            [
              45.8291232,
              51.6482865
            ],
            [
              45.8290456,
              51.6472869
            ],
            [
              45.8291078,
              51.6460908
            ],
            [
              45.8290962,
              51.6447739
            ],
            [
              45.829269,
              51.6440192
            ],
            [
              45.829718,
              51.6433264
            ],
            [
              45.8301418,
              51.6430287
            ],
            [
              45.8303306,
              51.6428961
            ],
            [
              45.8309811,
              51.6424393
            ],
            [
              45.8310695,
              51.6423772
            ],
            [
              45.831404,
              51.6421423
            ],
            [
              45.8308123,
              51.6417459
            ],
            [
              45.8288496,
              51.6415756
            ],
            [
              45.8277104,
              51.6409453
            ],
            [
              45.8263242,
              51.6405534
            ],
            [
              45.8250889,
              51.6394035
            ],
            [
              45.8243889,
              51.639608
            ],
            [
              45.8237576,
              51.6393098
            ],
            [
              45.8229066,
              51.6392587
            ],
            [
              45.8227007,
              51.6385943
            ],
            [
              45.8172381,
              51.6363284
            ],
            [
              45.8166754,
              51.6365499
            ],
            [
              45.8142872,
              51.6354681
            ],
            [
              45.8172518,
              51.6346162
            ],
            [
              45.8183499,
              51.6329294
            ],
            [
              45.8200501,
              51.6313229
            ],
            [
              45.8225172,
              51.6289915
            ],
            [
              45.8244388,
              51.6254911
            ],
            [
              45.8237303,
              51.6246777
            ],
            [
              45.8191301,
              51.6231654
            ],
            [
              45.8181693,
              51.6232859
            ],
            [
              45.816665,
              51.6241535
            ],
            [
              45.8158012,
              51.6244066
            ],
            [
              45.8143454,
              51.6243946
            ],
            [
              45.8135276,
              51.6246044
            ],
            [
              45.8116253,
              51.6265203
            ],
            [
              45.8102084,
              51.6264601
            ],
            [
              45.8093543,
              51.6266529
            ],
            [
              45.8078809,
              51.6280181
            ],
            [
              45.8053143,
              51.6269275
            ],
            [
              45.806179,
              51.6259988
            ],
            [
              45.8102691,
              51.6236215
            ],
            [
              45.8178728,
              51.6216361
            ],
            [
              45.8197586,
              51.6207928
            ],
            [
              45.8201565,
              51.6202083
            ],
            [
              45.8232525,
              51.6174606
            ],
            [
              45.8244559,
              51.6149537
            ],
            [
              45.8243685,
              51.6155563
            ],
            [
              45.8244753,
              51.6158516
            ],
            [
              45.8244268,
              51.616177
            ],
            [
              45.8244171,
              51.6166049
            ],
            [
              45.8245238,
              51.616864
            ],
            [
              45.824747,
              51.6170809
            ],
            [
              45.8251061,
              51.6173159
            ],
            [
              45.8252711,
              51.6175208
            ],
            [
              45.8252226,
              51.6177679
            ],
            [
              45.8249606,
              51.618015
            ],
            [
              45.8309875,
              51.6200698
            ],
            [
              45.8357236,
              51.620835
            ],
            [
              45.8366359,
              51.620823
            ],
            [
              45.8375578,
              51.6196359
            ],
            [
              45.8376355,
              51.6192021
            ],
            [
              45.8360535,
              51.6181415
            ],
            [
              45.8360341,
              51.6175269
            ],
            [
              45.8368397,
              51.6168459
            ],
            [
              45.837849,
              51.6163819
            ],
            [
              45.8391204,
              51.615478
            ],
            [
              45.8408576,
              51.6163216
            ],
            [
              45.8460984,
              51.6111208
            ],
            [
              45.8385187,
              51.6075829
            ],
            [
              45.837684,
              51.6071188
            ],
            [
              45.8308128,
              51.6040989
            ],
            [
              45.8309972,
              51.6034118
            ],
            [
              45.8289688,
              51.6033455
            ],
            [
              45.8291726,
              51.6015913
            ],
            [
              45.8294637,
              51.6015732
            ],
            [
              45.8296773,
              51.5985771
            ],
            [
              45.829095,
              51.5985771
            ],
            [
              45.829095,
              51.5982878
            ],
            [
              45.8294443,
              51.5982456
            ],
            [
              45.8295996,
              51.5963948
            ],
            [
              45.8290852,
              51.5956713
            ],
            [
              45.8295414,
              51.5941821
            ],
            [
              45.8301916,
              51.5930245
            ],
            [
              45.8267463,
              51.5921865
            ],
            [
              45.8261058,
              51.5926809
            ],
            [
              45.8257176,
              51.5928135
            ],
            [
              45.8245335,
              51.5923975
            ],
            [
              45.8243783,
              51.5921141
            ],
            [
              45.825902,
              51.5913182
            ],
            [
              45.8268434,
              51.5909926
            ],
            [
              45.8278721,
              51.5907092
            ],
            [
              45.8293473,
              51.5901786
            ],
            [
              45.8302887,
              51.5891958
            ],
            [
              45.8307642,
              51.5888943
            ],
            [
              45.8319192,
              51.5869828
            ],
            [
              45.8315407,
              51.5868381
            ],
            [
              45.8320647,
              51.5859637
            ],
            [
              45.8326859,
              51.5851074
            ],
            [
              45.8330255,
              51.5843838
            ],
            [
              45.832598,
              51.5842338
            ],
            [
              45.8326392,
              51.5840718
            ],
            [
              45.8312392,
              51.5834492
            ],
            [
              45.829949,
              51.583526
            ],
            [
              45.8291942,
              51.5834407
            ],
            [
              45.8302373,
              51.581607
            ],
            [
              45.8318294,
              51.5810697
            ],
            [
              45.8336411,
              51.5814023
            ],
            [
              45.8348352,
              51.5814023
            ],
            [
              45.8363175,
              51.5815985
            ],
            [
              45.8359469,
              51.582332
            ],
            [
              45.8428278,
              51.5836817
            ],
            [
              45.8515911,
              51.5838178
            ],
            [
              45.85497,
              51.5821443
            ],
            [
              45.8565209,
              51.5833895
            ],
            [
              45.8573741,
              51.5830744
            ],
            [
              45.8590318,
              51.5844458
            ],
            [
              45.860894,
              51.5859864
            ],
            [
              45.8633642,
              51.5880298
            ],
            [
              45.8635548,
              51.5879292
            ],
            [
              45.8640286,
              51.5876791
            ],
            [
              45.865432,
              51.5866694
            ],
            [
              45.8664083,
              51.5856061
            ],
            [
              45.8664582,
              51.5842484
            ],
            [
              45.8662521,
              51.5839097
            ],
            [
              45.8660187,
              51.5825537
            ],
            [
              45.8667599,
              51.581155
            ],
            [
              45.8662932,
              51.5790142
            ],
            [
              45.8657991,
              51.5747835
            ],
            [
              45.8656344,
              51.5743399
            ],
            [
              45.8655658,
              51.5728641
            ],
            [
              45.8664991,
              51.5728215
            ],
            [
              45.8708363,
              51.5647936
            ],
            [
              45.8712755,
              51.5646145
            ],
            [
              45.8717769,
              51.5642977
            ],
            [
              45.8719206,
              51.5642476
            ],
            [
              45.872497,
              51.5644097
            ],
            [
              45.8727029,
              51.5642305
            ],
            [
              45.8729774,
              51.5629166
            ],
            [
              45.8730872,
              51.5615258
            ],
            [
              45.8736421,
              51.5605791
            ],
            [
              45.8736774,
              51.5605189
            ],
            [
              45.8751048,
              51.5589659
            ],
            [
              45.8755636,
              51.5588896
            ],
            [
              45.8762827,
              51.5592437
            ],
            [
              45.8766264,
              51.5590145
            ],
            [
              45.8757965,
              51.5586483
            ],
            [
              45.8751948,
              51.5582742
            ],
            [
              45.8744766,
              51.5582742
            ],
            [
              45.8748066,
              51.5572243
            ],
            [
              45.8743953,
              51.555843
            ],
            [
              45.8750589,
              51.5543761
            ],
            [
              45.8751948,
              51.5533986
            ],
            [
              45.8752142,
              51.5526865
            ],
            [
              45.8755477,
              51.5520257
            ],
            [
              45.8741878,
              51.5500987
            ],
            [
              45.8753227,
              51.5419989
            ],
            [
              45.8837463,
              51.540182
            ],
            [
              45.8874451,
              51.5410566
            ],
            [
              45.8894719,
              51.5415359
            ],
            [
              45.890369,
              51.541748
            ],
            [
              45.8985903,
              51.5437161
            ],
            [
              45.8988572,
              51.543812
            ],
            [
              45.8991354,
              51.5438816
            ],
            [
              45.8996366,
              51.5440298
            ],
            [
              45.9007748,
              51.5443921
            ],
            [
              45.902855,
              51.5450721
            ],
            [
              45.9040511,
              51.5454723
            ],
            [
              45.9064186,
              51.5462643
            ],
            [
              45.9070508,
              51.5464663
            ],
            [
              45.9072813,
              51.5465385
            ],
            [
              45.907504,
              51.5466069
            ],
            [
              45.9075737,
              51.546632
            ],
            [
              45.9077452,
              51.5466892
            ],
            [
              45.9091638,
              51.5471584
            ],
            [
              45.9099314,
              51.5474701
            ],
            [
              45.9108547,
              51.5478599
            ],
            [
              45.9124274,
              51.5485238
            ],
            [
              45.9138071,
              51.5491063
            ],
            [
              45.914736,
              51.549501
            ],
            [
              45.9179018,
              51.5624622
            ],
            [
              45.9317831,
              51.5615795
            ],
            [
              45.9330226,
              51.5627548
            ],
            [
              45.9383535,
              51.5625685
            ],
            [
              45.9370816,
              51.5545325
            ],
            [
              45.9529813,
              51.5544703
            ],
            [
              45.9690121,
              51.5544075
            ],
            [
              45.9713265,
              51.5569956
            ],
            [
              45.9718684,
              51.56148
            ],
            [
              45.9718839,
              51.5616085
            ],
            [
              45.9741284,
              51.5620377
            ],
            [
              45.9741944,
              51.5620267
            ],
            [
              45.9746222,
              51.5619508
            ],
            [
              45.9749387,
              51.5618683
            ],
            [
              45.975049,
              51.5618605
            ],
            [
              45.9751104,
              51.5618383
            ],
            [
              45.975278,
              51.5618033
            ],
            [
              45.9754953,
              51.5617924
            ],
            [
              45.9756348,
              51.5617733
            ],
            [
              45.9757487,
              51.5617491
            ],
            [
              45.9758567,
              51.5617449
            ],
            [
              45.9759875,
              51.5617499
            ],
            [
              45.9760987,
              51.5617739
            ],
            [
              45.9761524,
              51.5617783
            ],
            [
              45.9764979,
              51.561853
            ],
            [
              45.9766768,
              51.56193
            ],
            [
              45.9768096,
              51.5619967
            ],
            [
              45.9769115,
              51.5620634
            ],
            [
              45.9770703,
              51.5621486
            ],
            [
              45.9772494,
              51.5622135
            ],
            [
              45.9780595,
              51.5625603
            ],
            [
              45.9796335,
              51.5632956
            ],
            [
              45.9804332,
              51.5636516
            ],
            [
              45.9808731,
              51.56387
            ],
            [
              45.9813358,
              51.5640759
            ],
            [
              45.9814224,
              51.5641046
            ],
            [
              45.9815074,
              51.5641401
            ],
            [
              45.9828418,
              51.5647582
            ],
            [
              45.9836961,
              51.5651522
            ],
            [
              45.9839899,
              51.5652831
            ],
            [
              45.98405,
              51.5653013
            ],
            [
              45.9841159,
              51.5652873
            ],
            [
              45.9841816,
              51.5652684
            ],
            [
              45.9842634,
              51.5652448
            ],
            [
              45.9844673,
              51.5651922
            ],
            [
              45.9845504,
              51.5651594
            ],
            [
              45.9845933,
              51.5651164
            ],
            [
              45.984681,
              51.5650283
            ],
            [
              45.9852984,
              51.5644078
            ],
            [
              45.9853873,
              51.5643428
            ],
            [
              45.9861161,
              51.563896
            ],
            [
              45.9862513,
              51.5638232
            ],
            [
              45.9863037,
              51.5638137
            ],
            [
              45.9872677,
              51.5636421
            ],
            [
              45.9875134,
              51.5635972
            ],
            [
              45.9880091,
              51.5635065
            ],
            [
              45.9881397,
              51.5634971
            ],
            [
              45.9885583,
              51.563526
            ],
            [
              45.9892582,
              51.5634866
            ],
            [
              45.9899871,
              51.563798
            ],
            [
              45.9905661,
              51.5640393
            ],
            [
              45.9948219,
              51.5659214
            ],
            [
              45.9957467,
              51.5661494
            ],
            [
              45.9970696,
              51.5667251
            ],
            [
              46.0011877,
              51.5686306
            ],
            [
              46.0018245,
              51.5690345
            ],
            [
              46.0036095,
              51.5716871
            ],
            [
              46.004196,
              51.5726707
            ],
            [
              46.0066367,
              51.5734233
            ],
            [
              46.0071947,
              51.57398
            ],
            [
              46.0081398,
              51.5743386
            ],
            [
              46.0086662,
              51.5786617
            ],
            [
              46.0116137,
              51.5795202
            ],
            [
              46.0183252,
              51.5814748
            ],
            [
              46.0263585,
              51.5853079
            ],
            [
              46.0262841,
              51.5856015
            ],
            [
              46.0249182,
              51.587514
            ],
            [
              46.0163663,
              51.587793
            ],
            [
              46.0154941,
              51.5917384
            ],
            [
              46.0166552,
              51.5918361
            ],
            [
              46.0167461,
              51.5953454
            ],
            [
              46.0077925,
              51.5968419
            ],
            [
              46.0084015,
              51.5986197
            ],
            [
              46.0092687,
              51.5993211
            ],
            [
              46.0097263,
              51.6072851
            ],
            [
              46.0098439,
              51.6088492
            ],
            [
              46.0100616,
              51.6122835
            ],
            [
              46.0100196,
              51.6142416
            ],
            [
              46.0100448,
              51.6144751
            ],
            [
              46.00649,
              51.61462
            ],
            [
              46.004474,
              51.614581
            ],
            [
              46.0018013,
              51.6145203
            ],
            [
              46.0012745,
              51.6141683
            ],
            [
              46.0006019,
              51.6141598
            ],
            [
              46.0005215,
              51.6145253
            ],
            [
              45.9953999,
              51.6147168
            ],
            [
              45.9951962,
              51.6147128
            ],
            [
              45.993659,
              51.6143719
            ],
            [
              45.9834042,
              51.61477
            ],
            [
              45.9833848,
              51.6150533
            ],
            [
              45.9825113,
              51.6151135
            ],
            [
              45.9822298,
              51.6142819
            ],
            [
              45.9816766,
              51.6138781
            ],
            [
              45.9813078,
              51.6135105
            ],
            [
              45.9747685,
              51.6160981
            ],
            [
              45.9736705,
              51.6150669
            ],
            [
              45.973245,
              51.6151351
            ],
            [
              45.972745,
              51.6153486
            ],
            [
              45.9724077,
              51.6154078
            ],
            [
              45.972147,
              51.6150243
            ],
            [
              45.9712901,
              51.6152702
            ],
            [
              45.97053,
              51.6152576
            ],
            [
              45.962935,
              51.6150877
            ],
            [
              45.9603005,
              51.6150287
            ],
            [
              45.9591082,
              51.6150101
            ],
            [
              45.9594808,
              51.6156142
            ],
            [
              45.9585685,
              51.6158673
            ],
            [
              45.9588791,
              51.6165663
            ],
            [
              45.9592867,
              51.6164578
            ],
            [
              45.9597914,
              51.6163855
            ],
            [
              45.9604319,
              51.6171087
            ],
            [
              45.9607716,
              51.6172714
            ],
            [
              45.9606551,
              51.617416
            ],
            [
              45.9611501,
              51.617651
            ],
            [
              45.9609948,
              51.6177655
            ],
            [
              45.9649351,
              51.6205313
            ],
            [
              45.9637402,
              51.6211499
            ],
            [
              45.9636546,
              51.6211946
            ],
            [
              45.9607199,
              51.6227668
            ],
            [
              45.9580784,
              51.6208568
            ],
            [
              45.957465,
              51.6203966
            ],
            [
              45.954908,
              51.6224834
            ],
            [
              45.9499487,
              51.6204227
            ],
            [
              45.9469755,
              51.6195664
            ],
            [
              45.946771,
              51.6198481
            ],
            [
              45.9461676,
              51.6206793
            ],
            [
              45.9452071,
              51.6220024
            ],
            [
              45.9445699,
              51.62288
            ],
            [
              45.9457138,
              51.6232119
            ],
            [
              45.9455718,
              51.6234254
            ],
            [
              45.9443777,
              51.6230845
            ],
            [
              45.9442544,
              51.6232718
            ],
            [
              45.9400248,
              51.6296978
            ],
            [
              45.9366493,
              51.6337387
            ],
            [
              45.9352091,
              51.6354626
            ],
            [
              45.9359273,
              51.6356373
            ],
            [
              45.9359467,
              51.6358843
            ],
            [
              45.9361311,
              51.6361734
            ],
            [
              45.9372957,
              51.6368782
            ],
            [
              45.9376936,
              51.637619
            ],
            [
              45.9386447,
              51.637607
            ],
            [
              45.9394599,
              51.6373902
            ],
            [
              45.940906,
              51.6380407
            ],
            [
              45.942585,
              51.6380527
            ],
            [
              45.9429344,
              51.6382214
            ],
            [
              45.9431091,
              51.6386008
            ],
            [
              45.9458459,
              51.6397874
            ],
            [
              45.9471367,
              51.6408053
            ],
            [
              45.9480005,
              51.641522
            ],
            [
              45.9476123,
              51.641775
            ],
            [
              45.9477676,
              51.6423712
            ],
            [
              45.9492719,
              51.6430337
            ],
            [
              45.949563,
              51.6434252
            ],
            [
              45.9504074,
              51.64366
            ],
            [
              45.9508247,
              51.6445514
            ],
            [
              45.9503588,
              51.6449308
            ],
            [
              45.9502521,
              51.6455451
            ],
            [
              45.9501259,
              51.6462256
            ],
            [
              45.9509605,
              51.6473577
            ],
            [
              45.95098,
              51.6477793
            ],
            [
              45.9510576,
              51.648261
            ],
            [
              45.9507082,
              51.6485621
            ],
            [
              45.9520863,
              51.6513923
            ],
            [
              45.9517952,
              51.6520306
            ],
            [
              45.9517175,
              51.6526086
            ],
            [
              45.9521446,
              51.6530422
            ],
            [
              45.9528239,
              51.6533794
            ],
            [
              45.9496018,
              51.6557517
            ],
            [
              45.9327149,
              51.6475986
            ],
            [
              45.9300168,
              51.6460931
            ],
            [
              45.9289881,
              51.6458161
            ],
            [
              45.9286416,
              51.646374
            ],
            [
              45.927414,
              51.6483505
            ],
            [
              45.9271899,
              51.6487112
            ],
            [
              45.9269631,
              51.6490764
            ],
            [
              45.9257595,
              51.6510142
            ],
            [
              45.9250035,
              51.6522312
            ],
            [
              45.9240204,
              51.6538139
            ],
            [
              45.9237667,
              51.6542223
            ],
            [
              45.9405971,
              51.6624672
            ],
            [
              45.9336611,
              51.6677076
            ],
            [
              45.9507521,
              51.6763063
            ],
            [
              45.9438846,
              51.6807306
            ],
            [
              45.9431664,
              51.681555
            ],
            [
              45.9421939,
              51.6820603
            ],
            [
              45.9296641,
              51.6818434
            ],
            [
              45.9269531,
              51.6846643
            ],
            [
              45.923001,
              51.6855903
            ],
            [
              45.9221228,
              51.6856159
            ],
            [
              45.9216961,
              51.6853679
            ],
            [
              45.9211821,
              51.6850691
            ],
            [
              45.9203764,
              51.6847495
            ],
            [
              45.9197174,
              51.6847616
            ],
            [
              45.9189241,
              51.6848906
            ],
            [
              45.9180642,
              51.6846507
            ],
            [
              45.9174566,
              51.6846358
            ],
            [
              45.9162457,
              51.6846402
            ],
            [
              45.9153183,
              51.6843367
            ],
            [
              45.9149507,
              51.6837562
            ],
            [
              45.9148052,
              51.6831508
            ],
            [
              45.9139796,
              51.6829875
            ],
            [
              45.9132659,
              51.6826818
            ],
            [
              45.9122583,
              51.6821468
            ],
            [
              45.9121236,
              51.6820752
            ],
            [
              45.9115039,
              51.6817462
            ],
            [
              45.9129188,
              51.680455
            ],
            [
              45.9131861,
              51.6799857
            ],
            [
              45.9129594,
              51.6748897
            ],
            [
              45.9067579,
              51.6751832
            ],
            [
              45.9004687,
              51.6753855
            ],
            [
              45.900423,
              51.673911
            ],
            [
              45.9008912,
              51.6724957
            ],
            [
              45.9029496,
              51.6702939
            ],
            [
              45.9049817,
              51.6694769
            ],
            [
              45.8925476,
              51.6695411
            ],
            [
              45.8897119,
              51.669569
            ],
            [
              45.8894562,
              51.6692545
            ]
          ]
        ]
      },
      "id": "relation/3892924"
    },
    {
      "type": "Feature",
      "properties": {
        "@id": "relation/3893063",
        "admin_level": "9",
        "boundary": "administrative",
        "name": "Фрунзенский район",
        "note": "http://wiki.openstreetmap.org/wiki/RU:Саратов/Границы/Административно-территориальное_деление",
        "type": "boundary",
        "wikidata": "Q4493127",
        "wikipedia": "ru:Фрунзенский район (Саратов)"
      },
      "geometry": {
        "type": "Polygon",
        "coordinates": [
          [
            [
              45.9370816,
              51.5545325
            ],
            [
              45.9320092,
              51.554477
            ],
            [
              45.9315438,
              51.5498121
            ],
            [
              45.9315154,
              51.549527
            ],
            [
              45.9338827,
              51.5488061
            ],
            [
              45.9381125,
              51.548435
            ],
            [
              45.940742,
              51.547915
            ],
            [
              45.943241,
              51.5469691
            ],
            [
              45.9463379,
              51.5455695
            ],
            [
              45.9487272,
              51.5429684
            ],
            [
              45.953471,
              51.541815
            ],
            [
              45.9575651,
              51.5387661
            ],
            [
              45.9637876,
              51.5377347
            ],
            [
              45.9673429,
              51.5367414
            ],
            [
              45.9714483,
              51.5358787
            ],
            [
              45.9733952,
              51.536017
            ],
            [
              45.9750776,
              51.5353522
            ],
            [
              45.987477,
              51.5333869
            ],
            [
              45.9882173,
              51.5330576
            ],
            [
              45.9888098,
              51.5331761
            ],
            [
              45.9894784,
              51.5335554
            ],
            [
              45.9903926,
              51.5336651
            ],
            [
              45.992406,
              51.5335823
            ],
            [
              45.9940114,
              51.5326575
            ],
            [
              45.9951479,
              51.5327285
            ],
            [
              45.9964874,
              51.5339213
            ],
            [
              45.998428,
              51.5330708
            ],
            [
              45.9981592,
              51.5314727
            ],
            [
              45.9972853,
              51.5303457
            ],
            [
              46.0002268,
              51.5286079
            ],
            [
              46.0079875,
              51.5240162
            ],
            [
              46.0105313,
              51.5257479
            ],
            [
              46.0124462,
              51.5289264
            ],
            [
              46.0135747,
              51.5308919
            ],
            [
              46.0157628,
              51.5303928
            ],
            [
              46.0166598,
              51.5319849
            ],
            [
              46.0202213,
              51.5312264
            ],
            [
              46.0203137,
              51.5313795
            ],
            [
              46.0233982,
              51.5306413
            ],
            [
              46.0338632,
              51.5282091
            ],
            [
              46.0343709,
              51.5289892
            ],
            [
              46.0346636,
              51.5294737
            ],
            [
              46.0357171,
              51.5312043
            ],
            [
              46.0359215,
              51.5315456
            ],
            [
              46.030919,
              51.5327001
            ],
            [
              46.0254974,
              51.5339278
            ],
            [
              46.022379,
              51.5346229
            ],
            [
              46.022248,
              51.534653
            ],
            [
              46.021923,
              51.5347275
            ],
            [
              45.9967722,
              51.5403302
            ],
            [
              45.9959463,
              51.5405141
            ],
            [
              45.9936119,
              51.5422266
            ],
            [
              45.9529813,
              51.5544703
            ],
            [
              45.9370816,
              51.5545325
            ]
          ]
        ]
      },
      "id": "relation/3893063"
    },
    {
      "type": "Feature",
      "properties": {
        "@id": "relation/3893181",
        "admin_level": "9",
        "boundary": "administrative",
        "name": "Заводской район",
        "note": "http://wiki.openstreetmap.org/wiki/RU:Саратов/Границы/Административно-территориальное_деление",
        "type": "boundary",
        "wikidata": "Q16652734",
        "wikipedia": "ru:Заводской район (Саратов)"
      },
      "geometry": {
        "type": "Polygon",
        "coordinates": [
          [
            [
              45.9825774,
              51.4344916
            ],
            [
              45.981335,
              51.4454868
            ],
            [
              45.981335,
              51.4489708
            ],
            [
              45.9837807,
              51.4529625
            ],
            [
              45.9935635,
              51.4626864
            ],
            [
              46.0035016,
              51.4729885
            ],
            [
              46.0152642,
              51.489646
            ],
            [
              45.9919694,
              51.5076974
            ],
            [
              45.9900115,
              51.510219
            ],
            [
              45.9905205,
              51.5103585
            ],
            [
              45.9900512,
              51.5109877
            ],
            [
              45.9895632,
              51.5108293
            ],
            [
              45.9891622,
              51.5113663
            ],
            [
              45.9888924,
              51.5117612
            ],
            [
              45.9880694,
              51.5129439
            ],
            [
              45.9869828,
              51.5124584
            ],
            [
              45.9869022,
              51.5124224
            ],
            [
              45.9847505,
              51.5134059
            ],
            [
              45.9814074,
              51.5168794
            ],
            [
              45.9797654,
              51.5176196
            ],
            [
              45.9788377,
              51.516823
            ],
            [
              45.9726192,
              51.519439
            ],
            [
              45.9635089,
              51.5245105
            ],
            [
              45.960815,
              51.5216271
            ],
            [
              45.9460713,
              51.5273807
            ],
            [
              45.9415441,
              51.5244425
            ],
            [
              45.9396287,
              51.52623
            ],
            [
              45.9393594,
              51.5282409
            ],
            [
              45.9389404,
              51.5291719
            ],
            [
              45.9378929,
              51.5301773
            ],
            [
              45.9363366,
              51.5316108
            ],
            [
              45.9348403,
              51.5322252
            ],
            [
              45.9243356,
              51.5329327
            ],
            [
              45.9162252,
              51.5375308
            ],
            [
              45.9104791,
              51.5385546
            ],
            [
              45.9064186,
              51.5462643
            ],
            [
              45.9040511,
              51.5454723
            ],
            [
              45.902855,
              51.5450721
            ],
            [
              45.9007748,
              51.5443921
            ],
            [
              45.8996366,
              51.5440298
            ],
            [
              45.8991354,
              51.5438816
            ],
            [
              45.8988572,
              51.543812
            ],
            [
              45.8985903,
              51.5437161
            ],
            [
              45.890369,
              51.541748
            ],
            [
              45.8894719,
              51.5415359
            ],
            [
              45.8874451,
              51.5410566
            ],
            [
              45.8837463,
              51.540182
            ],
            [
              45.8753227,
              51.5419989
            ],
            [
              45.8749979,
              51.5419524
            ],
            [
              45.8765855,
              51.5312335
            ],
            [
              45.876081,
              51.5310678
            ],
            [
              45.871608,
              51.5295983
            ],
            [
              45.8712698,
              51.5295082
            ],
            [
              45.8709339,
              51.5292643
            ],
            [
              45.8710187,
              51.5289964
            ],
            [
              45.8711749,
              51.5267833
            ],
            [
              45.8711878,
              51.5266015
            ],
            [
              45.8712152,
              51.5262137
            ],
            [
              45.8710056,
              51.5261204
            ],
            [
              45.8707428,
              51.5260035
            ],
            [
              45.8646404,
              51.5232889
            ],
            [
              45.8639354,
              51.5231014
            ],
            [
              45.8631202,
              51.5229444
            ],
            [
              45.8619556,
              51.5219782
            ],
            [
              45.8615868,
              51.5213623
            ],
            [
              45.8616644,
              51.5200337
            ],
            [
              45.8625573,
              51.5182099
            ],
            [
              45.8632468,
              51.5166582
            ],
            [
              45.8639743,
              51.5150211
            ],
            [
              45.8646148,
              51.5141031
            ],
            [
              45.8660123,
              51.5131971
            ],
            [
              45.8661288,
              51.5126294
            ],
            [
              45.8661288,
              51.5119408
            ],
            [
              45.8655659,
              51.5117113
            ],
            [
              45.8651777,
              51.5108294
            ],
            [
              45.8659746,
              51.5112992
            ],
            [
              45.8659472,
              51.5107781
            ],
            [
              45.8656589,
              51.5102058
            ],
            [
              45.8651648,
              51.5096505
            ],
            [
              45.865357,
              51.5090782
            ],
            [
              45.8651236,
              51.5086083
            ],
            [
              45.865357,
              51.5085315
            ],
            [
              45.8651785,
              51.5082154
            ],
            [
              45.8655217,
              51.5075832
            ],
            [
              45.8653844,
              51.5071903
            ],
            [
              45.864904,
              51.506746
            ],
            [
              45.8643825,
              51.505738
            ],
            [
              45.8644786,
              51.5051656
            ],
            [
              45.8641766,
              51.5047982
            ],
            [
              45.8646021,
              51.5043113
            ],
            [
              45.866153,
              51.5037047
            ],
            [
              45.8683216,
              51.5025171
            ],
            [
              45.8699,
              51.5018336
            ],
            [
              45.8713,
              51.5014919
            ],
            [
              45.8729058,
              51.5013979
            ],
            [
              45.8737568,
              51.5038243
            ],
            [
              45.8774626,
              51.503363
            ],
            [
              45.8774077,
              51.5020558
            ],
            [
              45.8782037,
              51.5012014
            ],
            [
              45.8782723,
              51.5008169
            ],
            [
              45.8779018,
              51.5004581
            ],
            [
              45.8777233,
              51.4997745
            ],
            [
              45.8775724,
              51.4993644
            ],
            [
              45.8770234,
              51.4988774
            ],
            [
              45.8779292,
              51.498604
            ],
            [
              45.8783684,
              51.4978948
            ],
            [
              45.87819,
              51.4973138
            ],
            [
              45.8777219,
              51.4971283
            ],
            [
              45.8772841,
              51.4969549
            ],
            [
              45.8772758,
              51.4966238
            ],
            [
              45.8776822,
              51.4965789
            ],
            [
              45.8775449,
              51.4960577
            ],
            [
              45.8768449,
              51.496109
            ],
            [
              45.8768338,
              51.4966148
            ],
            [
              45.8765842,
              51.4966046
            ],
            [
              45.8759802,
              51.4962286
            ],
            [
              45.8732215,
              51.4962457
            ],
            [
              45.8720274,
              51.4965191
            ],
            [
              45.8714287,
              51.4960611
            ],
            [
              45.8708426,
              51.4956425
            ],
            [
              45.8703606,
              51.4939177
            ],
            [
              45.8726898,
              51.4932168
            ],
            [
              45.8768437,
              51.4911864
            ],
            [
              45.8791729,
              51.4897966
            ],
            [
              45.8836955,
              51.4876211
            ],
            [
              45.8862382,
              51.4868838
            ],
            [
              45.8874029,
              51.4866541
            ],
            [
              45.888024,
              51.4867388
            ],
            [
              45.8870923,
              51.4878024
            ],
            [
              45.8862188,
              51.4879353
            ],
            [
              45.8845939,
              51.4886398
            ],
            [
              45.8849918,
              51.48896
            ],
            [
              45.8847686,
              51.489099
            ],
            [
              45.8849433,
              51.4893589
            ],
            [
              45.885215,
              51.4892139
            ],
            [
              45.8854965,
              51.4894133
            ],
            [
              45.8850694,
              51.4896429
            ],
            [
              45.8855644,
              51.4900659
            ],
            [
              45.8850791,
              51.4905191
            ],
            [
              45.8856129,
              51.4907548
            ],
            [
              45.8861273,
              51.4903499
            ],
            [
              45.8863311,
              51.4906762
            ],
            [
              45.8860594,
              51.4908696
            ],
            [
              45.8861176,
              51.4910811
            ],
            [
              45.8847297,
              51.4920842
            ],
            [
              45.8858018,
              51.4925841
            ],
            [
              45.8868634,
              51.4926131
            ],
            [
              45.8871928,
              51.4924294
            ],
            [
              45.8875085,
              51.4926302
            ],
            [
              45.8885516,
              51.4923824
            ],
            [
              45.8888398,
              51.492126
            ],
            [
              45.8890869,
              51.4922798
            ],
            [
              45.8895123,
              51.4921516
            ],
            [
              45.88943,
              51.4918782
            ],
            [
              45.8899104,
              51.4916731
            ],
            [
              45.8911765,
              51.4905902
            ],
            [
              45.8947691,
              51.4890922
            ],
            [
              45.8946774,
              51.4886559
            ],
            [
              45.893835,
              51.4884631
            ],
            [
              45.8933843,
              51.488218
            ],
            [
              45.8907688,
              51.4874867
            ],
            [
              45.8902809,
              51.4873488
            ],
            [
              45.8902535,
              51.4871607
            ],
            [
              45.8896359,
              51.4867249
            ],
            [
              45.8902123,
              51.4861522
            ],
            [
              45.8897793,
              51.4860274
            ],
            [
              45.8895787,
              51.4859699
            ],
            [
              45.8886339,
              51.4857078
            ],
            [
              45.8886751,
              51.4851608
            ],
            [
              45.8868085,
              51.484742
            ],
            [
              45.8860262,
              51.4845967
            ],
            [
              45.8851889,
              51.4844258
            ],
            [
              45.8845438,
              51.4843745
            ],
            [
              45.8839262,
              51.4844258
            ],
            [
              45.8835007,
              51.4844429
            ],
            [
              45.8828831,
              51.4845198
            ],
            [
              45.8822929,
              51.4845454
            ],
            [
              45.8813047,
              51.4848959
            ],
            [
              45.87974,
              51.4854343
            ],
            [
              45.8773381,
              51.4865881
            ],
            [
              45.8758421,
              51.4870411
            ],
            [
              45.8746343,
              51.4874855
            ],
            [
              45.8702559,
              51.488964
            ],
            [
              45.8703657,
              51.489323
            ],
            [
              45.8693286,
              51.4923192
            ],
            [
              45.8698138,
              51.493431
            ],
            [
              45.8657959,
              51.494422
            ],
            [
              45.8642625,
              51.494422
            ],
            [
              45.8600955,
              51.4939816
            ],
            [
              45.8598408,
              51.4943653
            ],
            [
              45.8588801,
              51.4948353
            ],
            [
              45.8595114,
              51.4956898
            ],
            [
              45.8580977,
              51.5009788
            ],
            [
              45.8563134,
              51.5006627
            ],
            [
              45.8551056,
              51.5000732
            ],
            [
              45.85479,
              51.4996203
            ],
            [
              45.8537331,
              51.4987061
            ],
            [
              45.8531567,
              51.4985266
            ],
            [
              45.8523332,
              51.4981165
            ],
            [
              45.8518116,
              51.4980567
            ],
            [
              45.8499724,
              51.4980225
            ],
            [
              45.8498626,
              51.4975526
            ],
            [
              45.8493822,
              51.4973988
            ],
            [
              45.8478116,
              51.4974306
            ],
            [
              45.8472488,
              51.497311
            ],
            [
              45.8463155,
              51.4973537
            ],
            [
              45.8457863,
              51.4970655
            ],
            [
              45.844792,
              51.4973366
            ],
            [
              45.8435842,
              51.4973622
            ],
            [
              45.842596,
              51.4977638
            ],
            [
              45.842445,
              51.4981142
            ],
            [
              45.8420607,
              51.4983363
            ],
            [
              45.8412509,
              51.4980031
            ],
            [
              45.8405921,
              51.4979176
            ],
            [
              45.8394941,
              51.4974819
            ],
            [
              45.8382451,
              51.4973281
            ],
            [
              45.8380804,
              51.4967385
            ],
            [
              45.8376472,
              51.4962794
            ],
            [
              45.8367216,
              51.4964565
            ],
            [
              45.8363099,
              51.4965847
            ],
            [
              45.8357883,
              51.4962856
            ],
            [
              45.8362138,
              51.4923719
            ],
            [
              45.8370571,
              51.4924426
            ],
            [
              45.8370945,
              51.492198
            ],
            [
              45.8350843,
              51.4920013
            ],
            [
              45.8339299,
              51.4918884
            ],
            [
              45.830572,
              51.4915599
            ],
            [
              45.8289422,
              51.4914004
            ],
            [
              45.8259142,
              51.4909653
            ],
            [
              45.8223815,
              51.4888019
            ],
            [
              45.8215016,
              51.4883212
            ],
            [
              45.8184332,
              51.4886018
            ],
            [
              45.8184922,
              51.4882577
            ],
            [
              45.8135998,
              51.4874327
            ],
            [
              45.8141202,
              51.4870318
            ],
            [
              45.8140451,
              51.4866143
            ],
            [
              45.8146995,
              51.4865542
            ],
            [
              45.8148658,
              51.4862569
            ],
            [
              45.8142811,
              51.4857725
            ],
            [
              45.8136105,
              51.4856856
            ],
            [
              45.8131546,
              51.485709
            ],
            [
              45.8103812,
              51.4844029
            ],
            [
              45.811192,
              51.4841962
            ],
            [
              45.8151997,
              51.4823072
            ],
            [
              45.8150899,
              51.4808627
            ],
            [
              45.8176016,
              51.4803498
            ],
            [
              45.8193447,
              51.4816918
            ],
            [
              45.8201957,
              51.4808456
            ],
            [
              45.8218152,
              51.4813243
            ],
            [
              45.8225701,
              51.4807601
            ],
            [
              45.8226799,
              51.479931
            ],
            [
              45.8245603,
              51.4789907
            ],
            [
              45.8256583,
              51.4791189
            ],
            [
              45.8266739,
              51.4801703
            ],
            [
              45.8261112,
              51.4813414
            ],
            [
              45.8275523,
              51.4824269
            ],
            [
              45.8286504,
              51.4824611
            ],
            [
              45.8285131,
              51.4830936
            ],
            [
              45.8286366,
              51.4860765
            ],
            [
              45.8293692,
              51.4864571
            ],
            [
              45.8312032,
              51.4858628
            ],
            [
              45.8327078,
              51.4859011
            ],
            [
              45.8329875,
              51.4854953
            ],
            [
              45.8351561,
              51.484897
            ],
            [
              45.8344159,
              51.4859253
            ],
            [
              45.8356775,
              51.4859857
            ],
            [
              45.8366869,
              51.4854902
            ],
            [
              45.8389191,
              51.485611
            ],
            [
              45.8405301,
              51.4852484
            ],
            [
              45.8413454,
              51.4845716
            ],
            [
              45.8497974,
              51.4856907
            ],
            [
              45.8509778,
              51.4852719
            ],
            [
              45.8512797,
              51.4849727
            ],
            [
              45.8544914,
              51.484118
            ],
            [
              45.8589384,
              51.4834513
            ],
            [
              45.8627402,
              51.4848274
            ],
            [
              45.8640167,
              51.4841351
            ],
            [
              45.8638794,
              51.483571
            ],
            [
              45.864799,
              51.4832719
            ],
            [
              45.865101,
              51.4827932
            ],
            [
              45.8655813,
              51.4823231
            ],
            [
              45.8666794,
              51.4829556
            ],
            [
              45.8674342,
              51.4823146
            ],
            [
              45.8673656,
              51.4820154
            ],
            [
              45.8688205,
              51.4814854
            ],
            [
              45.8695754,
              51.4816308
            ],
            [
              45.8697263,
              51.4824257
            ],
            [
              45.8693901,
              51.4826821
            ],
            [
              45.8702204,
              51.4832163
            ],
            [
              45.8715449,
              51.4824385
            ],
            [
              45.8722792,
              51.4822718
            ],
            [
              45.8735596,
              51.4821419
            ],
            [
              45.8753648,
              51.4822688
            ],
            [
              45.8754521,
              51.4821358
            ],
            [
              45.8761024,
              51.482299
            ],
            [
              45.8760053,
              51.482571
            ],
            [
              45.8767623,
              51.4826314
            ],
            [
              45.8768303,
              51.4823957
            ],
            [
              45.8805959,
              51.4826314
            ],
            [
              45.8809064,
              51.4821963
            ],
            [
              45.8814014,
              51.4819303
            ],
            [
              45.8817023,
              51.4815012
            ],
            [
              45.8820731,
              51.4815039
            ],
            [
              45.8843013,
              51.4792459
            ],
            [
              45.8862423,
              51.477363
            ],
            [
              45.8863879,
              51.4774174
            ],
            [
              45.8880591,
              51.475892
            ],
            [
              45.8873118,
              51.4754507
            ],
            [
              45.8882241,
              51.4748462
            ],
            [
              45.8883988,
              51.4749248
            ],
            [
              45.8893887,
              51.4742599
            ],
            [
              45.8897187,
              51.4744775
            ],
            [
              45.8903107,
              51.4740846
            ],
            [
              45.890039,
              51.4739214
            ],
            [
              45.8913589,
              51.4730569
            ],
            [
              45.8917568,
              51.4732745
            ],
            [
              45.8929505,
              51.4725431
            ],
            [
              45.8939502,
              51.4721441
            ],
            [
              45.8946975,
              51.471201
            ],
            [
              45.8933484,
              51.4706327
            ],
            [
              45.8934406,
              51.4704859
            ],
            [
              45.8925437,
              51.469902
            ],
            [
              45.8901173,
              51.4689049
            ],
            [
              45.8879433,
              51.4676655
            ],
            [
              45.8866963,
              51.4670543
            ],
            [
              45.8861524,
              51.4666463
            ],
            [
              45.8858831,
              51.46635
            ],
            [
              45.8856911,
              51.4659593
            ],
            [
              45.8854776,
              51.465264
            ],
            [
              45.8855649,
              51.4639157
            ],
            [
              45.8852349,
              51.4632566
            ],
            [
              45.8845265,
              51.462265
            ],
            [
              45.8841965,
              51.4617329
            ],
            [
              45.8841577,
              51.4608259
            ],
            [
              45.8843324,
              51.4606082
            ],
            [
              45.8846041,
              51.4607533
            ],
            [
              45.8848953,
              51.4605538
            ],
            [
              45.8846914,
              51.4604208
            ],
            [
              45.8868072,
              51.4593323
            ],
            [
              45.8875933,
              51.4587034
            ],
            [
              45.8887967,
              51.4580503
            ],
            [
              45.8905048,
              51.4570646
            ],
            [
              45.8918053,
              51.4565204
            ],
            [
              45.8928548,
              51.4561209
            ],
            [
              45.8937366,
              51.4558068
            ],
            [
              45.8943772,
              51.4556919
            ],
            [
              45.8945713,
              51.4552927
            ],
            [
              45.8946101,
              51.4545187
            ],
            [
              45.8945034,
              51.4542828
            ],
            [
              45.8938628,
              51.4537687
            ],
            [
              45.8936881,
              51.4533877
            ],
            [
              45.8932902,
              51.4529281
            ],
            [
              45.8923294,
              51.4531882
            ],
            [
              45.892407,
              51.4536659
            ],
            [
              45.8928244,
              51.4541679
            ],
            [
              45.8918247,
              51.4547061
            ],
            [
              45.8897381,
              51.4552141
            ],
            [
              45.8876903,
              51.4560487
            ],
            [
              45.8843809,
              51.45698
            ],
            [
              45.8847885,
              51.4576935
            ],
            [
              45.8845265,
              51.4578326
            ],
            [
              45.8838471,
              51.4579233
            ],
            [
              45.8831192,
              51.4578266
            ],
            [
              45.8794021,
              51.4594774
            ],
            [
              45.8756074,
              51.4609347
            ],
            [
              45.8752839,
              51.4612638
            ],
            [
              45.8746787,
              51.4609931
            ],
            [
              45.8736082,
              51.4602408
            ],
            [
              45.8730308,
              51.4595665
            ],
            [
              45.8723853,
              51.4591086
            ],
            [
              45.8720845,
              51.4587941
            ],
            [
              45.8688138,
              51.4575242
            ],
            [
              45.8675813,
              51.4570828
            ],
            [
              45.8662614,
              51.4562785
            ],
            [
              45.8660381,
              51.4551839
            ],
            [
              45.8650288,
              51.4551778
            ],
            [
              45.8651162,
              51.454815
            ],
            [
              45.8648638,
              51.4546154
            ],
            [
              45.8650417,
              51.4424094
            ],
            [
              45.8653038,
              51.442361
            ],
            [
              45.8653178,
              51.4421339
            ],
            [
              45.8665221,
              51.442127
            ],
            [
              45.8665225,
              51.4417615
            ],
            [
              45.8650903,
              51.441744
            ],
            [
              45.8650611,
              51.4400259
            ],
            [
              45.8650514,
              51.4393363
            ],
            [
              45.8654105,
              51.4391367
            ],
            [
              45.8657793,
              51.4390036
            ],
            [
              45.866284,
              51.4388584
            ],
            [
              45.8673127,
              51.4387192
            ],
            [
              45.8680115,
              51.4386043
            ],
            [
              45.8682541,
              51.4385075
            ],
            [
              45.8683512,
              51.4383018
            ],
            [
              45.8681474,
              51.4381142
            ],
            [
              45.866876,
              51.4377634
            ],
            [
              45.8666722,
              51.4376
            ],
            [
              45.8664005,
              51.437237
            ],
            [
              45.8657502,
              51.4372249
            ],
            [
              45.8556456,
              51.4381844
            ],
            [
              45.8551577,
              51.4371093
            ],
            [
              45.85641,
              51.4354816
            ],
            [
              45.8566604,
              51.4350721
            ],
            [
              45.864067,
              51.4333582
            ],
            [
              45.8640767,
              51.4331827
            ],
            [
              45.8643873,
              51.4330799
            ],
            [
              45.8646979,
              51.4332554
            ],
            [
              45.8659013,
              51.4329407
            ],
            [
              45.8658334,
              51.4326806
            ],
            [
              45.8664836,
              51.4325353
            ],
            [
              45.8666583,
              51.4326806
            ],
            [
              45.8706568,
              51.4310953
            ],
            [
              45.8705501,
              51.430944
            ],
            [
              45.8736169,
              51.4297702
            ],
            [
              45.876577,
              51.4290985
            ],
            [
              45.8773048,
              51.4290138
            ],
            [
              45.8776445,
              51.4291469
            ],
            [
              45.8785859,
              51.4287597
            ],
            [
              45.8796341,
              51.4278399
            ],
            [
              45.879537,
              51.4277007
            ],
            [
              45.8815587,
              51.424585
            ],
            [
              45.8837136,
              51.4228048
            ],
            [
              45.8853057,
              51.4221629
            ],
            [
              45.8890801,
              51.4215382
            ],
            [
              45.8889703,
              51.4211616
            ],
            [
              45.8908239,
              51.420942
            ],
            [
              45.8946873,
              51.4190175
            ],
            [
              45.8951426,
              51.4194307
            ],
            [
              45.8977673,
              51.4185981
            ],
            [
              45.8994171,
              51.418356
            ],
            [
              45.900048,
              51.4184105
            ],
            [
              45.9030675,
              51.4194962
            ],
            [
              45.9057712,
              51.4207273
            ],
            [
              45.9097624,
              51.4209548
            ],
            [
              45.9126591,
              51.4211019
            ],
            [
              45.9154272,
              51.4212358
            ],
            [
              45.9160148,
              51.4211363
            ],
            [
              45.915905,
              51.4214787
            ],
            [
              45.9164128,
              51.4219494
            ],
            [
              45.9164677,
              51.4225057
            ],
            [
              45.9169481,
              51.4227967
            ],
            [
              45.9161246,
              51.4232075
            ],
            [
              45.9161795,
              51.423567
            ],
            [
              45.9176069,
              51.4235071
            ],
            [
              45.9193539,
              51.4235907
            ],
            [
              45.9220791,
              51.4235907
            ],
            [
              45.9241605,
              51.4233632
            ],
            [
              45.9252763,
              51.4229752
            ],
            [
              45.9267139,
              51.4220386
            ],
            [
              45.9259844,
              51.4213963
            ],
            [
              45.9274864,
              51.4208209
            ],
            [
              45.9281516,
              51.4202991
            ],
            [
              45.9295893,
              51.4191082
            ],
            [
              45.9290314,
              51.4186666
            ],
            [
              45.9304046,
              51.4180912
            ],
            [
              45.9315848,
              51.4172146
            ],
            [
              45.9321964,
              51.4166258
            ],
            [
              45.9324002,
              51.4162043
            ],
            [
              45.9299755,
              51.4154816
            ],
            [
              45.9281731,
              51.4148995
            ],
            [
              45.9268105,
              51.4145449
            ],
            [
              45.9256732,
              51.4144378
            ],
            [
              45.9256732,
              51.4139828
            ],
            [
              45.9249329,
              51.4139426
            ],
            [
              45.92489,
              51.413588
            ],
            [
              45.9238457,
              51.4135706
            ],
            [
              45.9236334,
              51.4131605
            ],
            [
              45.9232902,
              51.412236
            ],
            [
              45.922851,
              51.4116624
            ],
            [
              45.9229608,
              51.410969
            ],
            [
              45.9230239,
              51.4108454
            ],
            [
              45.9231396,
              51.4092873
            ],
            [
              45.9473608,
              51.3921102
            ],
            [
              45.9732048,
              51.3924735
            ],
            [
              45.9755624,
              51.3938125
            ],
            [
              45.9791149,
              51.3991167
            ],
            [
              45.982667,
              51.4063457
            ],
            [
              45.9830839,
              51.4084403
            ],
            [
              45.9834454,
              51.4105913
            ],
            [
              45.9833492,
              51.4118099
            ],
            [
              45.9825774,
              51.4344916
            ]
          ]
        ]
      },
      "id": "relation/3893181"
    },
    {
      "type": "Feature",
      "properties": {
        "@id": "relation/3893182",
        "admin_level": "9",
        "boundary": "administrative",
        "name": "Октябрьский район",
        "note": "http://wiki.openstreetmap.org/wiki/RU:Саратов/Границы/Административно-территориальное_деление",
        "type": "boundary",
        "wikidata": "Q4333158",
        "wikipedia": "ru:Октябрьский район (Саратов)"
      },
      "geometry": {
        "type": "Polygon",
        "coordinates": [
          [
            [
              46.0314234,
              51.5207455
            ],
            [
              46.0313523,
              51.5208481
            ],
            [
              46.0313469,
              51.5208437
            ],
            [
              46.0312818,
              51.5209343
            ],
            [
              46.0312744,
              51.5209424
            ],
            [
              46.0312135,
              51.5210379
            ],
            [
              46.0311598,
              51.5211273
            ],
            [
              46.0310371,
              51.5211928
            ],
            [
              46.0307958,
              51.521461
            ],
            [
              46.0307404,
              51.5215429
            ],
            [
              46.0306575,
              51.5215164
            ],
            [
              46.0304686,
              51.5217673
            ],
            [
              46.0303612,
              51.5219142
            ],
            [
              46.030126,
              51.5222252
            ],
            [
              46.0302237,
              51.5222475
            ],
            [
              46.0303927,
              51.5222918
            ],
            [
              46.0303001,
              51.5223992
            ],
            [
              46.0334789,
              51.5275255
            ],
            [
              46.0338632,
              51.5282091
            ],
            [
              46.0233982,
              51.5306413
            ],
            [
              46.0203137,
              51.5313795
            ],
            [
              46.0202213,
              51.5312264
            ],
            [
              46.0166598,
              51.5319849
            ],
            [
              46.0157628,
              51.5303928
            ],
            [
              46.0135747,
              51.5308919
            ],
            [
              46.0124462,
              51.5289264
            ],
            [
              46.0105313,
              51.5257479
            ],
            [
              46.0079875,
              51.5240162
            ],
            [
              46.0002268,
              51.5286079
            ],
            [
              45.9972853,
              51.5303457
            ],
            [
              45.9981592,
              51.5314727
            ],
            [
              45.998428,
              51.5330708
            ],
            [
              45.9964874,
              51.5339213
            ],
            [
              45.9951479,
              51.5327285
            ],
            [
              45.9940114,
              51.5326575
            ],
            [
              45.992406,
              51.5335823
            ],
            [
              45.9903926,
              51.5336651
            ],
            [
              45.9894784,
              51.5335554
            ],
            [
              45.9888098,
              51.5331761
            ],
            [
              45.9882173,
              51.5330576
            ],
            [
              45.987477,
              51.5333869
            ],
            [
              45.9750776,
              51.5353522
            ],
            [
              45.9733952,
              51.536017
            ],
            [
              45.9714483,
              51.5358787
            ],
            [
              45.9673429,
              51.5367414
            ],
            [
              45.9637876,
              51.5377347
            ],
            [
              45.9575651,
              51.5387661
            ],
            [
              45.953471,
              51.541815
            ],
            [
              45.9487272,
              51.5429684
            ],
            [
              45.9463379,
              51.5455695
            ],
            [
              45.943241,
              51.5469691
            ],
            [
              45.940742,
              51.547915
            ],
            [
              45.9381125,
              51.548435
            ],
            [
              45.9338827,
              51.5488061
            ],
            [
              45.9315154,
              51.549527
            ],
            [
              45.9315438,
              51.5498121
            ],
            [
              45.9320092,
              51.554477
            ],
            [
              45.9370816,
              51.5545325
            ],
            [
              45.9383535,
              51.5625685
            ],
            [
              45.9330226,
              51.5627548
            ],
            [
              45.9317831,
              51.5615795
            ],
            [
              45.9179018,
              51.5624622
            ],
            [
              45.914736,
              51.549501
            ],
            [
              45.9138071,
              51.5491063
            ],
            [
              45.9124274,
              51.5485238
            ],
            [
              45.9108547,
              51.5478599
            ],
            [
              45.9099314,
              51.5474701
            ],
            [
              45.9091638,
              51.5471584
            ],
            [
              45.9077452,
              51.5466892
            ],
            [
              45.9075737,
              51.546632
            ],
            [
              45.907504,
              51.5466069
            ],
            [
              45.9072813,
              51.5465385
            ],
            [
              45.9070508,
              51.5464663
            ],
            [
              45.9064186,
              51.5462643
            ],
            [
              45.9104791,
              51.5385546
            ],
            [
              45.9162252,
              51.5375308
            ],
            [
              45.9243356,
              51.5329327
            ],
            [
              45.9348403,
              51.5322252
            ],
            [
              45.9363366,
              51.5316108
            ],
            [
              45.9378929,
              51.5301773
            ],
            [
              45.9389404,
              51.5291719
            ],
            [
              45.9393594,
              51.5282409
            ],
            [
              45.9396287,
              51.52623
            ],
            [
              45.9415441,
              51.5244425
            ],
            [
              45.9460713,
              51.5273807
            ],
            [
              45.960815,
              51.5216271
            ],
            [
              45.9635089,
              51.5245105
            ],
            [
              45.9726192,
              51.519439
            ],
            [
              45.9788377,
              51.516823
            ],
            [
              45.9797654,
              51.5176196
            ],
            [
              45.9814074,
              51.5168794
            ],
            [
              45.9847505,
              51.5134059
            ],
            [
              45.9869022,
              51.5124224
            ],
            [
              45.9869828,
              51.5124584
            ],
            [
              45.9880694,
              51.5129439
            ],
            [
              45.9888924,
              51.5117612
            ],
            [
              45.9891622,
              51.5113663
            ],
            [
              45.9895632,
              51.5108293
            ],
            [
              45.9900512,
              51.5109877
            ],
            [
              45.9905205,
              51.5103585
            ],
            [
              45.9900115,
              51.510219
            ],
            [
              45.9919694,
              51.5076974
            ],
            [
              46.0152642,
              51.489646
            ],
            [
              46.0223296,
              51.4997729
            ],
            [
              46.028735,
              51.5030353
            ],
            [
              46.0327723,
              51.504316
            ],
            [
              46.042483,
              51.5077732
            ],
            [
              46.0316071,
              51.5204901
            ],
            [
              46.0314234,
              51.5207455
            ]
          ]
        ]
      },
      "id": "relation/3893182"
    },
    {
      "type": "Feature",
      "properties": {
        "@id": "relation/3927439",
        "admin_level": "9",
        "boundary": "administrative",
        "name": "Волжский район",
        "note": "http://wiki.openstreetmap.org/wiki/RU:Саратов/Границы/Административно-территориальное_деление",
        "type": "boundary",
        "wikidata": "Q4123145",
        "wikipedia": "ru:Волжский район (Саратов)"
      },
      "geometry": {
        "type": "Polygon",
        "coordinates": [
          [
            [
              46.2097151,
              51.5727647
            ],
            [
              46.1772666,
              51.5905471
            ],
            [
              46.1711718,
              51.5902094
            ],
            [
              46.1591004,
              51.5878586
            ],
            [
              46.1559999,
              51.5913255
            ],
            [
              46.15499,
              51.5920746
            ],
            [
              46.1533721,
              51.5926891
            ],
            [
              46.1532828,
              51.5926373
            ],
            [
              46.1532269,
              51.5925129
            ],
            [
              46.1533092,
              51.5924017
            ],
            [
              46.1534239,
              51.592274
            ],
            [
              46.15355,
              51.5922113
            ],
            [
              46.1535875,
              51.5920559
            ],
            [
              46.153361,
              51.5917285
            ],
            [
              46.1533081,
              51.5915916
            ],
            [
              46.1532711,
              51.5915338
            ],
            [
              46.1532018,
              51.5914763
            ],
            [
              46.153166,
              51.5914908
            ],
            [
              46.1529943,
              51.5915541
            ],
            [
              46.1526609,
              51.5916929
            ],
            [
              46.1524907,
              51.5919287
            ],
            [
              46.1522772,
              51.5921022
            ],
            [
              46.1520312,
              51.5922147
            ],
            [
              46.1518533,
              51.5922658
            ],
            [
              46.1513276,
              51.5923458
            ],
            [
              46.1508663,
              51.5923858
            ],
            [
              46.1506442,
              51.5924294
            ],
            [
              46.1503566,
              51.5925491
            ],
            [
              46.1500133,
              51.5925924
            ],
            [
              46.1497612,
              51.5925857
            ],
            [
              46.149273,
              51.5925624
            ],
            [
              46.1489029,
              51.5925724
            ],
            [
              46.1481572,
              51.5925724
            ],
            [
              46.1479373,
              51.592599
            ],
            [
              46.1477066,
              51.5926424
            ],
            [
              46.1475028,
              51.592719
            ],
            [
              46.1468161,
              51.5930356
            ],
            [
              46.1461831,
              51.5933755
            ],
            [
              46.145475,
              51.5937221
            ],
            [
              46.1451478,
              51.5938488
            ],
            [
              46.1449654,
              51.5940087
            ],
            [
              46.1447616,
              51.5941953
            ],
            [
              46.1446382,
              51.594292
            ],
            [
              46.1443539,
              51.5943486
            ],
            [
              46.1439515,
              51.5943886
            ],
            [
              46.143576,
              51.5945086
            ],
            [
              46.1433453,
              51.5945519
            ],
            [
              46.1430235,
              51.5947419
            ],
            [
              46.142766,
              51.5948652
            ],
            [
              46.1425621,
              51.5949751
            ],
            [
              46.1423798,
              51.5950918
            ],
            [
              46.142192,
              51.5953017
            ],
            [
              46.1421115,
              51.5953784
            ],
            [
              46.1418792,
              51.5954199
            ],
            [
              46.1416716,
              51.595415
            ],
            [
              46.1414034,
              51.5954783
            ],
            [
              46.1412747,
              51.5955283
            ],
            [
              46.1411137,
              51.5955583
            ],
            [
              46.1410065,
              51.5955617
            ],
            [
              46.1407865,
              51.5955483
            ],
            [
              46.1405076,
              51.5956183
            ],
            [
              46.1402233,
              51.5956216
            ],
            [
              46.1397726,
              51.595645
            ],
            [
              46.1396278,
              51.5956416
            ],
            [
              46.1394132,
              51.595605
            ],
            [
              46.1392094,
              51.5955917
            ],
            [
              46.1390538,
              51.5955717
            ],
            [
              46.1388875,
              51.5956083
            ],
            [
              46.1385656,
              51.5957283
            ],
            [
              46.1383833,
              51.5958083
            ],
            [
              46.138276,
              51.5959615
            ],
            [
              46.1380668,
              51.5961715
            ],
            [
              46.1378468,
              51.5963681
            ],
            [
              46.1375679,
              51.596618
            ],
            [
              46.1375089,
              51.5967047
            ],
            [
              46.1374136,
              51.596806
            ],
            [
              46.1371548,
              51.5970812
            ],
            [
              46.1368544,
              51.5973445
            ],
            [
              46.1363931,
              51.5976777
            ],
            [
              46.1362911,
              51.5978043
            ],
            [
              46.1362268,
              51.5979143
            ],
            [
              46.1361195,
              51.5979943
            ],
            [
              46.1359693,
              51.5980376
            ],
            [
              46.1358845,
              51.5981091
            ],
            [
              46.135803,
              51.5982025
            ],
            [
              46.1357252,
              51.5982209
            ],
            [
              46.1356404,
              51.598234
            ],
            [
              46.1355734,
              51.5982673
            ],
            [
              46.1355455,
              51.5983358
            ],
            [
              46.1355841,
              51.598379
            ],
            [
              46.1356233,
              51.5984008
            ],
            [
              46.135686,
              51.5984489
            ],
            [
              46.1356807,
              51.5984706
            ],
            [
              46.1356565,
              51.5985522
            ],
            [
              46.1354248,
              51.5986974
            ],
            [
              46.1351378,
              51.5988656
            ],
            [
              46.1350208,
              51.5989055
            ],
            [
              46.1349125,
              51.5989339
            ],
            [
              46.1348508,
              51.5989589
            ],
            [
              46.1348213,
              51.5990206
            ],
            [
              46.1348545,
              51.5991054
            ],
            [
              46.1348293,
              51.5991422
            ],
            [
              46.1347982,
              51.5991637
            ],
            [
              46.1347381,
              51.5991705
            ],
            [
              46.1346292,
              51.599172
            ],
            [
              46.1344431,
              51.5991489
            ],
            [
              46.1341733,
              51.5991437
            ],
            [
              46.1340651,
              51.599179
            ],
            [
              46.1340272,
              51.5992137
            ],
            [
              46.1340329,
              51.599254
            ],
            [
              46.1341076,
              51.599292
            ],
            [
              46.1342073,
              51.5993456
            ],
            [
              46.1342256,
              51.5993936
            ],
            [
              46.1342149,
              51.5994369
            ],
            [
              46.1341751,
              51.5994806
            ],
            [
              46.1341107,
              51.5995056
            ],
            [
              46.1340459,
              51.5995452
            ],
            [
              46.1339842,
              51.5995969
            ],
            [
              46.133952,
              51.5996852
            ],
            [
              46.1336275,
              51.5997135
            ],
            [
              46.133362,
              51.5997318
            ],
            [
              46.1331719,
              51.5997555
            ],
            [
              46.1330911,
              51.5997835
            ],
            [
              46.1329225,
              51.5998788
            ],
            [
              46.1328554,
              51.5998838
            ],
            [
              46.1327594,
              51.5998708
            ],
            [
              46.1327424,
              51.5998685
            ],
            [
              46.132496,
              51.5997605
            ],
            [
              46.1322944,
              51.5997035
            ],
            [
              46.1322032,
              51.5997002
            ],
            [
              46.1320048,
              51.5997118
            ],
            [
              46.1316883,
              51.5997885
            ],
            [
              46.1315036,
              51.5998588
            ],
            [
              46.1312273,
              51.5998921
            ],
            [
              46.1311254,
              51.5999171
            ],
            [
              46.131117,
              51.5999434
            ],
            [
              46.1310043,
              51.6000251
            ],
            [
              46.1309081,
              51.6000421
            ],
            [
              46.1308384,
              51.6000254
            ],
            [
              46.1308009,
              51.6000104
            ],
            [
              46.1306207,
              51.6000534
            ],
            [
              46.1304173,
              51.6001187
            ],
            [
              46.1303476,
              51.6001437
            ],
            [
              46.1302725,
              51.600137
            ],
            [
              46.1301088,
              51.6001737
            ],
            [
              46.1299556,
              51.6002466
            ],
            [
              46.1296421,
              51.600307
            ],
            [
              46.1290494,
              51.6004252
            ],
            [
              46.1285581,
              51.6005099
            ],
            [
              46.1282957,
              51.6005719
            ],
            [
              46.1281937,
              51.6005985
            ],
            [
              46.1281267,
              51.6005968
            ],
            [
              46.128073,
              51.6006235
            ],
            [
              46.128019,
              51.6006798
            ],
            [
              46.1279523,
              51.6006901
            ],
            [
              46.1277673,
              51.6006801
            ],
            [
              46.127665,
              51.6006931
            ],
            [
              46.127614,
              51.6007448
            ],
            [
              46.1274991,
              51.6008051
            ],
            [
              46.127381,
              51.6008268
            ],
            [
              46.1272496,
              51.6008368
            ],
            [
              46.1269971,
              51.6008914
            ],
            [
              46.1267771,
              51.6009131
            ],
            [
              46.1266568,
              51.6009434
            ],
            [
              46.1265974,
              51.6009847
            ],
            [
              46.1265791,
              51.6010533
            ],
            [
              46.1263403,
              51.6012266
            ],
            [
              46.1261278,
              51.601272
            ],
            [
              46.1259913,
              51.6011913
            ],
            [
              46.1258545,
              51.6011613
            ],
            [
              46.1257154,
              51.6011716
            ],
            [
              46.1252326,
              51.6012116
            ],
            [
              46.1250605,
              51.6012912
            ],
            [
              46.1248567,
              51.6013995
            ],
            [
              46.1247065,
              51.6013479
            ],
            [
              46.1245992,
              51.6012613
            ],
            [
              46.1244302,
              51.6012546
            ],
            [
              46.1242804,
              51.6012633
            ],
            [
              46.1240467,
              51.6012579
            ],
            [
              46.1239478,
              51.6012866
            ],
            [
              46.1238723,
              51.6013479
            ],
            [
              46.1238026,
              51.6013995
            ],
            [
              46.1237409,
              51.6013979
            ],
            [
              46.123685,
              51.6013949
            ],
            [
              46.123634,
              51.6013865
            ],
            [
              46.1235616,
              51.6013549
            ],
            [
              46.1234757,
              51.6013149
            ],
            [
              46.1234342,
              51.601315
            ],
            [
              46.1233998,
              51.6013394
            ],
            [
              46.1233171,
              51.6013895
            ],
            [
              46.1231776,
              51.6014362
            ],
            [
              46.1230623,
              51.6014428
            ],
            [
              46.1229604,
              51.6014345
            ],
            [
              46.1228749,
              51.6013999
            ],
            [
              46.1228155,
              51.6013512
            ],
            [
              46.1227485,
              51.6012912
            ],
            [
              46.1226845,
              51.6012816
            ],
            [
              46.1225852,
              51.6012716
            ],
            [
              46.1225232,
              51.6012696
            ],
            [
              46.122427,
              51.6012766
            ],
            [
              46.1223837,
              51.6012979
            ],
            [
              46.1223193,
              51.6013512
            ],
            [
              46.1222768,
              51.6014432
            ],
            [
              46.1220193,
              51.6014632
            ],
            [
              46.1219442,
              51.6014648
            ],
            [
              46.1217779,
              51.6014365
            ],
            [
              46.1213353,
              51.6013832
            ],
            [
              46.121123,
              51.6013362
            ],
            [
              46.1210453,
              51.6013146
            ],
            [
              46.1209728,
              51.6013146
            ],
            [
              46.1208682,
              51.6013046
            ],
            [
              46.1207613,
              51.6012732
            ],
            [
              46.1206138,
              51.6011916
            ],
            [
              46.1205222,
              51.6011463
            ],
            [
              46.1204713,
              51.601113
            ],
            [
              46.1203805,
              51.601135
            ],
            [
              46.1203211,
              51.6010847
            ],
            [
              46.1202835,
              51.6010597
            ],
            [
              46.120187,
              51.6010447
            ],
            [
              46.1200528,
              51.6010547
            ],
            [
              46.1198839,
              51.601058
            ],
            [
              46.1197739,
              51.6010347
            ],
            [
              46.1196103,
              51.601058
            ],
            [
              46.1194842,
              51.601068
            ],
            [
              46.1193823,
              51.6010813
            ],
            [
              46.1193398,
              51.601075
            ],
            [
              46.1192459,
              51.6010567
            ],
            [
              46.1192,
              51.6010297
            ],
            [
              46.1191035,
              51.601003
            ],
            [
              46.1189506,
              51.6009547
            ],
            [
              46.118846,
              51.6009397
            ],
            [
              46.1187682,
              51.600938
            ],
            [
              46.1187038,
              51.6009697
            ],
            [
              46.1186397,
              51.6009817
            ],
            [
              46.118567,
              51.600983
            ],
            [
              46.1184573,
              51.6009517
            ],
            [
              46.1184115,
              51.6009097
            ],
            [
              46.1184037,
              51.6008551
            ],
            [
              46.1183795,
              51.6007951
            ],
            [
              46.1182988,
              51.6007415
            ],
            [
              46.1182559,
              51.6007098
            ],
            [
              46.1181915,
              51.6006515
            ],
            [
              46.1181381,
              51.6005985
            ],
            [
              46.118103,
              51.6005715
            ],
            [
              46.1180333,
              51.6005582
            ],
            [
              46.1179582,
              51.6005382
            ],
            [
              46.1178482,
              51.6005265
            ],
            [
              46.1177921,
              51.6005335
            ],
            [
              46.1175478,
              51.6005282
            ],
            [
              46.1174593,
              51.6005282
            ],
            [
              46.1173952,
              51.6005435
            ],
            [
              46.117352,
              51.6005749
            ],
            [
              46.1173386,
              51.6006065
            ],
            [
              46.1173413,
              51.6006348
            ],
            [
              46.1173225,
              51.6006665
            ],
            [
              46.1171642,
              51.6007015
            ],
            [
              46.1170435,
              51.6007431
            ],
            [
              46.1169416,
              51.6007764
            ],
            [
              46.1168933,
              51.6008148
            ],
            [
              46.116789,
              51.6008351
            ],
            [
              46.1165527,
              51.6008647
            ],
            [
              46.1164749,
              51.6008514
            ],
            [
              46.1163703,
              51.6008464
            ],
            [
              46.1162496,
              51.6008381
            ],
            [
              46.1161345,
              51.6008667
            ],
            [
              46.1161023,
              51.6009034
            ],
            [
              46.1159975,
              51.6009181
            ],
            [
              46.1159546,
              51.6009231
            ],
            [
              46.1159465,
              51.600973
            ],
            [
              46.1159492,
              51.601003
            ],
            [
              46.1159197,
              51.601028
            ],
            [
              46.1158473,
              51.6010313
            ],
            [
              46.1157722,
              51.6010213
            ],
            [
              46.1157158,
              51.6009997
            ],
            [
              46.115692,
              51.60097
            ],
            [
              46.1156273,
              51.600968
            ],
            [
              46.115402,
              51.6010097
            ],
            [
              46.1152306,
              51.6010533
            ],
            [
              46.1151824,
              51.6010717
            ],
            [
              46.1150855,
              51.6011246
            ],
            [
              46.1150346,
              51.601138
            ],
            [
              46.1148978,
              51.6012296
            ],
            [
              46.1148227,
              51.6012579
            ],
            [
              46.1147851,
              51.6013046
            ],
            [
              46.1147181,
              51.6013229
            ],
            [
              46.1146778,
              51.6013179
            ],
            [
              46.114643,
              51.6013012
            ],
            [
              46.1146054,
              51.6012729
            ],
            [
              46.1145654,
              51.6012566
            ],
            [
              46.114482,
              51.6012479
            ],
            [
              46.114415,
              51.6012529
            ],
            [
              46.1143372,
              51.6012279
            ],
            [
              46.1142382,
              51.6012399
            ],
            [
              46.1141685,
              51.6012199
            ],
            [
              46.1141307,
              51.6012079
            ],
            [
              46.1140344,
              51.6012549
            ],
            [
              46.1139054,
              51.6012646
            ],
            [
              46.1137927,
              51.6012679
            ],
            [
              46.113683,
              51.6012782
            ],
            [
              46.1135272,
              51.6013629
            ],
            [
              46.1133984,
              51.6014595
            ],
            [
              46.1133716,
              51.6015112
            ],
            [
              46.113326,
              51.6015628
            ],
            [
              46.1132485,
              51.6016048
            ],
            [
              46.1131677,
              51.6016061
            ],
            [
              46.1130846,
              51.6016144
            ],
            [
              46.113039,
              51.6016394
            ],
            [
              46.1129829,
              51.6016314
            ],
            [
              46.1128727,
              51.6016528
            ],
            [
              46.1127788,
              51.6017227
            ],
            [
              46.11276,
              51.601776
            ],
            [
              46.1127308,
              51.6018064
            ],
            [
              46.1126691,
              51.601823
            ],
            [
              46.1126072,
              51.601836
            ],
            [
              46.1125267,
              51.601816
            ],
            [
              46.1124891,
              51.6017827
            ],
            [
              46.1124385,
              51.6017481
            ],
            [
              46.1124462,
              51.6017094
            ],
            [
              46.1124787,
              51.6016498
            ],
            [
              46.1124704,
              51.6016261
            ],
            [
              46.1124248,
              51.6016094
            ],
            [
              46.1123499,
              51.6015948
            ],
            [
              46.1122021,
              51.6015728
            ],
            [
              46.1121002,
              51.6015878
            ],
            [
              46.1120385,
              51.6016028
            ],
            [
              46.1119581,
              51.6016028
            ],
            [
              46.1118803,
              51.6015945
            ],
            [
              46.1117998,
              51.6016128
            ],
            [
              46.1117328,
              51.6016661
            ],
            [
              46.1116925,
              51.6016894
            ],
            [
              46.1116362,
              51.6016927
            ],
            [
              46.1115718,
              51.6017011
            ],
            [
              46.1115128,
              51.6017427
            ],
            [
              46.1114192,
              51.6018663
            ],
            [
              46.1113602,
              51.601888
            ],
            [
              46.1113036,
              51.6019526
            ],
            [
              46.11121,
              51.6020463
            ],
            [
              46.1112071,
              51.6020876
            ],
            [
              46.1112717,
              51.6021379
            ],
            [
              46.1112982,
              51.6022092
            ],
            [
              46.1112902,
              51.6022375
            ],
            [
              46.11125,
              51.6022658
            ],
            [
              46.1111588,
              51.6022858
            ],
            [
              46.1110408,
              51.6023125
            ],
            [
              46.1110005,
              51.6023341
            ],
            [
              46.1109445,
              51.6023678
            ],
            [
              46.1108852,
              51.6023841
            ],
            [
              46.1108235,
              51.6025224
            ],
            [
              46.1107833,
              51.6025674
            ],
            [
              46.1107567,
              51.6025994
            ],
            [
              46.1106545,
              51.602634
            ],
            [
              46.1105714,
              51.6026407
            ],
            [
              46.1105124,
              51.6026857
            ],
            [
              46.1103782,
              51.6027007
            ],
            [
              46.1103273,
              51.6027256
            ],
            [
              46.1102575,
              51.6027456
            ],
            [
              46.1101744,
              51.6027506
            ],
            [
              46.1100245,
              51.602696
            ],
            [
              46.1099196,
              51.602614
            ],
            [
              46.1097962,
              51.6025174
            ],
            [
              46.1097828,
              51.6024608
            ],
            [
              46.1097292,
              51.6024124
            ],
            [
              46.109697,
              51.6023508
            ],
            [
              46.1096728,
              51.6022458
            ],
            [
              46.1096567,
              51.6022075
            ],
            [
              46.1096111,
              51.6021859
            ],
            [
              46.1095494,
              51.6021576
            ],
            [
              46.1095175,
              51.6020579
            ],
            [
              46.1094961,
              51.6020063
            ],
            [
              46.1095387,
              51.6019626
            ],
            [
              46.1095736,
              51.6019093
            ],
            [
              46.1096034,
              51.6018563
            ],
            [
              46.1096004,
              51.6017977
            ],
            [
              46.1096165,
              51.6017327
            ],
            [
              46.1096594,
              51.6016528
            ],
            [
              46.1096972,
              51.6016098
            ],
            [
              46.1097214,
              51.6015648
            ],
            [
              46.1097318,
              51.6015145
            ],
            [
              46.1097267,
              51.6014648
            ],
            [
              46.1097265,
              51.6014062
            ],
            [
              46.1096943,
              51.6013595
            ],
            [
              46.1096436,
              51.6013132
            ],
            [
              46.1096192,
              51.6012346
            ],
            [
              46.1095792,
              51.60117
            ],
            [
              46.1095468,
              51.6011463
            ],
            [
              46.1094746,
              51.6011266
            ],
            [
              46.1094244,
              51.6010765
            ],
            [
              46.1093325,
              51.6010183
            ],
            [
              46.1092812,
              51.600988
            ],
            [
              46.1092064,
              51.601
            ],
            [
              46.1091498,
              51.6009514
            ],
            [
              46.1090827,
              51.6009197
            ],
            [
              46.109013,
              51.6008697
            ],
            [
              46.1089781,
              51.6008214
            ],
            [
              46.1089111,
              51.6008231
            ],
            [
              46.1088038,
              51.6007948
            ],
            [
              46.1087206,
              51.6008048
            ],
            [
              46.1086858,
              51.6008398
            ],
            [
              46.1086455,
              51.600968
            ],
            [
              46.1085519,
              51.6010617
            ],
            [
              46.1084846,
              51.6010913
            ],
            [
              46.1083988,
              51.6012279
            ],
            [
              46.1083615,
              51.6012732
            ],
            [
              46.1082703,
              51.6012982
            ],
            [
              46.1081306,
              51.6013112
            ],
            [
              46.108093,
              51.6013446
            ],
            [
              46.1080474,
              51.6013645
            ],
            [
              46.1079589,
              51.6013779
            ],
            [
              46.1077685,
              51.6013529
            ],
            [
              46.1076078,
              51.6013299
            ],
            [
              46.1074654,
              51.6013396
            ],
            [
              46.1072883,
              51.6013129
            ],
            [
              46.1071518,
              51.6012866
            ],
            [
              46.1070094,
              51.6012696
            ],
            [
              46.1068592,
              51.6013046
            ],
            [
              46.1066744,
              51.6013199
            ],
            [
              46.1062235,
              51.6013129
            ],
            [
              46.1061135,
              51.6013029
            ],
            [
              46.1060441,
              51.6012782
            ],
            [
              46.1057783,
              51.6012579
            ],
            [
              46.1054805,
              51.6012762
            ],
            [
              46.1054191,
              51.6012966
            ],
            [
              46.1053947,
              51.6013329
            ],
            [
              46.1053625,
              51.6013346
            ],
            [
              46.105274,
              51.6013129
            ],
            [
              46.1051506,
              51.6012896
            ],
            [
              46.1050353,
              51.6012929
            ],
            [
              46.1049763,
              51.6012779
            ],
            [
              46.104947,
              51.6012483
            ],
            [
              46.1048878,
              51.6011929
            ],
            [
              46.1048449,
              51.601148
            ],
            [
              46.1047325,
              51.6011166
            ],
            [
              46.104633,
              51.6010513
            ],
            [
              46.104582,
              51.6010413
            ],
            [
              46.104542,
              51.6010267
            ],
            [
              46.1044991,
              51.6009584
            ],
            [
              46.1044425,
              51.6009247
            ],
            [
              46.1043621,
              51.6009214
            ],
            [
              46.1042521,
              51.6009247
            ],
            [
              46.1041958,
              51.600948
            ],
            [
              46.1041343,
              51.6009267
            ],
            [
              46.1040134,
              51.6008697
            ],
            [
              46.1039973,
              51.6008314
            ],
            [
              46.1040002,
              51.6007768
            ],
            [
              46.1039788,
              51.6007618
            ],
            [
              46.1039466,
              51.6007251
            ],
            [
              46.1039841,
              51.6006801
            ],
            [
              46.1040056,
              51.6006335
            ],
            [
              46.1039973,
              51.6005832
            ],
            [
              46.1039731,
              51.6005582
            ],
            [
              46.1036515,
              51.6003719
            ],
            [
              46.1035362,
              51.6004236
            ],
            [
              46.1034474,
              51.6004149
            ],
            [
              46.1033428,
              51.6004249
            ],
            [
              46.1032599,
              51.6004436
            ],
            [
              46.1031336,
              51.6004566
            ],
            [
              46.1030049,
              51.6004449
            ],
            [
              46.102919,
              51.6004699
            ],
            [
              46.1026991,
              51.6004716
            ],
            [
              46.1026401,
              51.6004716
            ],
            [
              46.1025516,
              51.6004232
            ],
            [
              46.1024901,
              51.6004069
            ],
            [
              46.1021653,
              51.6003999
            ],
            [
              46.1019963,
              51.6003933
            ],
            [
              46.1017871,
              51.6003983
            ],
            [
              46.1016208,
              51.6004049
            ],
            [
              46.1014814,
              51.6003949
            ],
            [
              46.1013312,
              51.6004199
            ],
            [
              46.101248,
              51.6004366
            ],
            [
              46.1011541,
              51.6004782
            ],
            [
              46.1011434,
              51.6005115
            ],
            [
              46.1011407,
              51.6005615
            ],
            [
              46.101138,
              51.6007131
            ],
            [
              46.1011783,
              51.6007748
            ],
            [
              46.101251,
              51.6008451
            ],
            [
              46.1012909,
              51.6008914
            ],
            [
              46.1013043,
              51.6009564
            ],
            [
              46.1013314,
              51.6010017
            ],
            [
              46.101358,
              51.6010213
            ],
            [
              46.1012748,
              51.6010463
            ],
            [
              46.1011944,
              51.6010597
            ],
            [
              46.1011193,
              51.6011063
            ],
            [
              46.1010147,
              51.6011346
            ],
            [
              46.1009637,
              51.6011313
            ],
            [
              46.1008832,
              51.6011929
            ],
            [
              46.100854,
              51.6012399
            ],
            [
              46.1008618,
              51.6012879
            ],
            [
              46.1008484,
              51.6013179
            ],
            [
              46.1007491,
              51.6013595
            ],
            [
              46.100564,
              51.6013829
            ],
            [
              46.1004675,
              51.6013945
            ],
            [
              46.1004275,
              51.6014282
            ],
            [
              46.1003817,
              51.6014312
            ],
            [
              46.1002717,
              51.6013762
            ],
            [
              46.1002341,
              51.6013362
            ],
            [
              46.10021,
              51.6013229
            ],
            [
              46.1001483,
              51.6013229
            ],
            [
              46.1000276,
              51.6013995
            ],
            [
              46.0999391,
              51.6014528
            ],
            [
              46.0998398,
              51.6014695
            ],
            [
              46.0996682,
              51.6014628
            ],
            [
              46.099231,
              51.6014545
            ],
            [
              46.0990325,
              51.6014795
            ],
            [
              46.0988608,
              51.6015195
            ],
            [
              46.098719,
              51.6015565
            ],
            [
              46.0984827,
              51.6015595
            ],
            [
              46.0982439,
              51.6015761
            ],
            [
              46.0981393,
              51.6016061
            ],
            [
              46.0980052,
              51.6016728
            ],
            [
              46.0978336,
              51.6017277
            ],
            [
              46.0976726,
              51.601776
            ],
            [
              46.0975948,
              51.601801
            ],
            [
              46.0975576,
              51.6018863
            ],
            [
              46.0975546,
              51.6020343
            ],
            [
              46.0975546,
              51.6021009
            ],
            [
              46.0976219,
              51.6021579
            ],
            [
              46.0977265,
              51.6022062
            ],
            [
              46.0978016,
              51.6022179
            ],
            [
              46.0979167,
              51.6022758
            ],
            [
              46.0979787,
              51.6023145
            ],
            [
              46.0981474,
              51.6023241
            ],
            [
              46.0981983,
              51.6023308
            ],
            [
              46.0982064,
              51.6023591
            ],
            [
              46.098201,
              51.6024191
            ],
            [
              46.0982332,
              51.6024724
            ],
            [
              46.0981957,
              51.6024991
            ],
            [
              46.0981313,
              51.6025307
            ],
            [
              46.098083,
              51.602624
            ],
            [
              46.0980564,
              51.6026693
            ],
            [
              46.0979516,
              51.602664
            ],
            [
              46.0978926,
              51.6026607
            ],
            [
              46.0978389,
              51.602704
            ],
            [
              46.0977692,
              51.6027856
            ],
            [
              46.0977424,
              51.6028756
            ],
            [
              46.0977206,
              51.602909
            ],
            [
              46.0974385,
              51.6027967
            ],
            [
              46.09307,
              51.6039234
            ],
            [
              46.0685507,
              51.5961863
            ],
            [
              46.0518045,
              51.5906396
            ],
            [
              46.0544054,
              51.589289
            ],
            [
              46.0531213,
              51.5857538
            ],
            [
              46.0503491,
              51.5761935
            ],
            [
              46.0496081,
              51.5718368
            ],
            [
              46.0491002,
              51.5691404
            ],
            [
              46.0515973,
              51.5640891
            ],
            [
              46.0557329,
              51.562783
            ],
            [
              46.0604646,
              51.5612771
            ],
            [
              46.0619671,
              51.5603561
            ],
            [
              46.0632982,
              51.5599638
            ],
            [
              46.0660572,
              51.5592538
            ],
            [
              46.0657974,
              51.5578169
            ],
            [
              46.0640134,
              51.5578093
            ],
            [
              46.0534599,
              51.5577643
            ],
            [
              46.0511195,
              51.5581223
            ],
            [
              46.0487407,
              51.5581853
            ],
            [
              46.0445083,
              51.556988
            ],
            [
              46.0459532,
              51.5552014
            ],
            [
              46.0476615,
              51.5553565
            ],
            [
              46.0447199,
              51.5503036
            ],
            [
              46.038329,
              51.5444474
            ],
            [
              46.030919,
              51.5327001
            ],
            [
              46.0359215,
              51.5315456
            ],
            [
              46.0357171,
              51.5312043
            ],
            [
              46.0346636,
              51.5294737
            ],
            [
              46.0343709,
              51.5289892
            ],
            [
              46.0338632,
              51.5282091
            ],
            [
              46.0334789,
              51.5275255
            ],
            [
              46.0303001,
              51.5223992
            ],
            [
              46.0303927,
              51.5222918
            ],
            [
              46.0302237,
              51.5222475
            ],
            [
              46.030126,
              51.5222252
            ],
            [
              46.0303612,
              51.5219142
            ],
            [
              46.0304686,
              51.5217673
            ],
            [
              46.0306575,
              51.5215164
            ],
            [
              46.0307404,
              51.5215429
            ],
            [
              46.0307958,
              51.521461
            ],
            [
              46.0310371,
              51.5211928
            ],
            [
              46.0311598,
              51.5211273
            ],
            [
              46.0312135,
              51.5210379
            ],
            [
              46.0312744,
              51.5209424
            ],
            [
              46.0312818,
              51.5209343
            ],
            [
              46.0313469,
              51.5208437
            ],
            [
              46.0313523,
              51.5208481
            ],
            [
              46.0314234,
              51.5207455
            ],
            [
              46.0316071,
              51.5204901
            ],
            [
              46.042483,
              51.5077732
            ],
            [
              46.0427492,
              51.507868
            ],
            [
              46.0540848,
              51.5108157
            ],
            [
              46.059015,
              51.5116371
            ],
            [
              46.062703,
              51.5121445
            ],
            [
              46.0716766,
              51.5136068
            ],
            [
              46.0775131,
              51.5148353
            ],
            [
              46.0849804,
              51.5143546
            ],
            [
              46.091246,
              51.5113099
            ],
            [
              46.0994858,
              51.5108826
            ],
            [
              46.1064381,
              51.5110962
            ],
            [
              46.1124462,
              51.5114702
            ],
            [
              46.1176183,
              51.5122265
            ],
            [
              46.1220593,
              51.5126988
            ],
            [
              46.1306423,
              51.5147819
            ],
            [
              46.1460896,
              51.5181357
            ],
            [
              46.1552513,
              51.520962
            ],
            [
              46.1622002,
              51.5230152
            ],
            [
              46.1735939,
              51.5256678
            ],
            [
              46.1813182,
              51.5298541
            ],
            [
              46.1877416,
              51.5341573
            ],
            [
              46.1900799,
              51.5371019
            ],
            [
              46.2097151,
              51.5727647
            ]
          ]
        ]
      },
      "id": "relation/3927439"
    },
    {
      "type": "Feature",
      "properties": {
        "@id": "relation/3927440",
        "admin_level": "9",
        "boundary": "administrative",
        "name": "Кировский район",
        "note": "http://wiki.openstreetmap.org/wiki/RU:Саратов/Границы/Административно-территориальное_деление",
        "type": "boundary",
        "wikidata": "Q4221685",
        "wikipedia": "ru:Кировский район (Саратов)"
      },
      "geometry": {
        "type": "Polygon",
        "coordinates": [
          [
            [
              46.0959146,
              51.6052639
            ],
            [
              46.0977912,
              51.6072451
            ],
            [
              46.1057494,
              51.6168397
            ],
            [
              46.1085313,
              51.6197159
            ],
            [
              46.1071532,
              51.6210295
            ],
            [
              46.1056974,
              51.6204149
            ],
            [
              46.1012136,
              51.6226564
            ],
            [
              46.0986903,
              51.6246567
            ],
            [
              46.0962834,
              51.6259822
            ],
            [
              46.0958175,
              51.6264763
            ],
            [
              46.0881505,
              51.6306091
            ],
            [
              46.0871606,
              51.6319706
            ],
            [
              46.0862094,
              51.63232
            ],
            [
              46.0854719,
              51.6336693
            ],
            [
              46.083159,
              51.6348317
            ],
            [
              46.0800201,
              51.6363591
            ],
            [
              46.0782925,
              51.6368771
            ],
            [
              46.0766621,
              51.6380095
            ],
            [
              46.074145,
              51.6386293
            ],
            [
              46.0694803,
              51.6339496
            ],
            [
              46.0694026,
              51.633287
            ],
            [
              46.0668016,
              51.630769
            ],
            [
              46.0667046,
              51.6299497
            ],
            [
              46.067151,
              51.6296123
            ],
            [
              46.064123,
              51.6204904
            ],
            [
              46.0596587,
              51.619912
            ],
            [
              46.0596587,
              51.619442
            ],
            [
              46.0590763,
              51.618755
            ],
            [
              46.0592316,
              51.6186586
            ],
            [
              46.0588515,
              51.6180886
            ],
            [
              46.0550977,
              51.6187035
            ],
            [
              46.0543085,
              51.6186937
            ],
            [
              46.0535399,
              51.6165631
            ],
            [
              46.050415,
              51.6171781
            ],
            [
              46.0476792,
              51.6164097
            ],
            [
              46.0458126,
              51.616904
            ],
            [
              46.0451812,
              51.6165546
            ],
            [
              46.0420794,
              51.6160007
            ],
            [
              46.0379481,
              51.6161456
            ],
            [
              46.0338305,
              51.6161456
            ],
            [
              46.0320188,
              51.6157706
            ],
            [
              46.0305777,
              51.6137678
            ],
            [
              46.0292886,
              51.6135171
            ],
            [
              46.0283764,
              51.6133246
            ],
            [
              46.0280797,
              51.613282
            ],
            [
              46.0279495,
              51.6134087
            ],
            [
              46.0181074,
              51.6137184
            ],
            [
              46.0181175,
              51.6139511
            ],
            [
              46.0137374,
              51.6140832
            ],
            [
              46.0100196,
              51.6142416
            ],
            [
              46.0100616,
              51.6122835
            ],
            [
              46.0098439,
              51.6088492
            ],
            [
              46.0097263,
              51.6072851
            ],
            [
              46.0092687,
              51.5993211
            ],
            [
              46.0084015,
              51.5986197
            ],
            [
              46.0077925,
              51.5968419
            ],
            [
              46.0167461,
              51.5953454
            ],
            [
              46.0166552,
              51.5918361
            ],
            [
              46.0154941,
              51.5917384
            ],
            [
              46.0163663,
              51.587793
            ],
            [
              46.0249182,
              51.587514
            ],
            [
              46.0262841,
              51.5856015
            ],
            [
              46.0263585,
              51.5853079
            ],
            [
              46.0183252,
              51.5814748
            ],
            [
              46.0116137,
              51.5795202
            ],
            [
              46.0086662,
              51.5786617
            ],
            [
              46.0081398,
              51.5743386
            ],
            [
              46.0071947,
              51.57398
            ],
            [
              46.0066367,
              51.5734233
            ],
            [
              46.004196,
              51.5726707
            ],
            [
              46.0036095,
              51.5716871
            ],
            [
              46.0018245,
              51.5690345
            ],
            [
              46.0011877,
              51.5686306
            ],
            [
              45.9970696,
              51.5667251
            ],
            [
              45.9957467,
              51.5661494
            ],
            [
              45.9948219,
              51.5659214
            ],
            [
              45.9905661,
              51.5640393
            ],
            [
              45.9899871,
              51.563798
            ],
            [
              45.9892582,
              51.5634866
            ],
            [
              45.9885583,
              51.563526
            ],
            [
              45.9881397,
              51.5634971
            ],
            [
              45.9880091,
              51.5635065
            ],
            [
              45.9875134,
              51.5635972
            ],
            [
              45.9872677,
              51.5636421
            ],
            [
              45.9863037,
              51.5638137
            ],
            [
              45.9862513,
              51.5638232
            ],
            [
              45.9861161,
              51.563896
            ],
            [
              45.9853873,
              51.5643428
            ],
            [
              45.9852984,
              51.5644078
            ],
            [
              45.984681,
              51.5650283
            ],
            [
              45.9845933,
              51.5651164
            ],
            [
              45.9845504,
              51.5651594
            ],
            [
              45.9844673,
              51.5651922
            ],
            [
              45.9842634,
              51.5652448
            ],
            [
              45.9841816,
              51.5652684
            ],
            [
              45.9841159,
              51.5652873
            ],
            [
              45.98405,
              51.5653013
            ],
            [
              45.9839899,
              51.5652831
            ],
            [
              45.9836961,
              51.5651522
            ],
            [
              45.9828418,
              51.5647582
            ],
            [
              45.9815074,
              51.5641401
            ],
            [
              45.9814224,
              51.5641046
            ],
            [
              45.9813358,
              51.5640759
            ],
            [
              45.9808731,
              51.56387
            ],
            [
              45.9804332,
              51.5636516
            ],
            [
              45.9796335,
              51.5632956
            ],
            [
              45.9780595,
              51.5625603
            ],
            [
              45.9772494,
              51.5622135
            ],
            [
              45.9770703,
              51.5621486
            ],
            [
              45.9769115,
              51.5620634
            ],
            [
              45.9768096,
              51.5619967
            ],
            [
              45.9766768,
              51.56193
            ],
            [
              45.9764979,
              51.561853
            ],
            [
              45.9761524,
              51.5617783
            ],
            [
              45.9760987,
              51.5617739
            ],
            [
              45.9759875,
              51.5617499
            ],
            [
              45.9758567,
              51.5617449
            ],
            [
              45.9757487,
              51.5617491
            ],
            [
              45.9756348,
              51.5617733
            ],
            [
              45.9754953,
              51.5617924
            ],
            [
              45.975278,
              51.5618033
            ],
            [
              45.9751104,
              51.5618383
            ],
            [
              45.975049,
              51.5618605
            ],
            [
              45.9749387,
              51.5618683
            ],
            [
              45.9746222,
              51.5619508
            ],
            [
              45.9741944,
              51.5620267
            ],
            [
              45.9741284,
              51.5620377
            ],
            [
              45.9718839,
              51.5616085
            ],
            [
              45.9718684,
              51.56148
            ],
            [
              45.9713265,
              51.5569956
            ],
            [
              45.9690121,
              51.5544075
            ],
            [
              45.9529813,
              51.5544703
            ],
            [
              45.9936119,
              51.5422266
            ],
            [
              45.9959463,
              51.5405141
            ],
            [
              45.9967722,
              51.5403302
            ],
            [
              46.021923,
              51.5347275
            ],
            [
              46.022248,
              51.534653
            ],
            [
              46.022379,
              51.5346229
            ],
            [
              46.0254974,
              51.5339278
            ],
            [
              46.030919,
              51.5327001
            ],
            [
              46.038329,
              51.5444474
            ],
            [
              46.0447199,
              51.5503036
            ],
            [
              46.0476615,
              51.5553565
            ],
            [
              46.0459532,
              51.5552014
            ],
            [
              46.0445083,
              51.556988
            ],
            [
              46.0487407,
              51.5581853
            ],
            [
              46.0511195,
              51.5581223
            ],
            [
              46.0534599,
              51.5577643
            ],
            [
              46.0640134,
              51.5578093
            ],
            [
              46.0657974,
              51.5578169
            ],
            [
              46.0660572,
              51.5592538
            ],
            [
              46.0632982,
              51.5599638
            ],
            [
              46.0619671,
              51.5603561
            ],
            [
              46.0604646,
              51.5612771
            ],
            [
              46.0557329,
              51.562783
            ],
            [
              46.0515973,
              51.5640891
            ],
            [
              46.0491002,
              51.5691404
            ],
            [
              46.0496081,
              51.5718368
            ],
            [
              46.0503491,
              51.5761935
            ],
            [
              46.0531213,
              51.5857538
            ],
            [
              46.0544054,
              51.589289
            ],
            [
              46.0518045,
              51.5906396
            ],
            [
              46.0685507,
              51.5961863
            ],
            [
              46.09307,
              51.6039234
            ],
            [
              46.0974385,
              51.6027967
            ],
            [
              46.0977206,
              51.602909
            ],
            [
              46.0978171,
              51.6029474
            ],
            [
              46.0966396,
              51.6049675
            ],
            [
              46.0959146,
              51.6052639
            ]
          ]
        ]
      },
      "id": "relation/3927440"
    }
  ]
}