{
  "type": "FeatureCollection",
  "generator": "overpass-turbo",
  "copyright": "The data included in this document is from www.openstreetmap.org. The data is made available under ODbL.",
  "timestamp": "2026-06-04T19:07:58Z",
  "features": [
    {
      "type": "Feature",
      "properties": {
        "@id": "relation/3856973",
        "admin_level": "9",
        "boundary": "administrative",
        "name": "Советский район",
        "name:ba": "Совет районы",
        "type": "boundary",
        "wikidata": "Q4426474",
        "wikipedia": "ru:Советский район (Уфа)"
      },
      "geometry": {
        "type": "Polygon",
        "coordinates": [
          [
            [
              55.9951392,
              54.7150324
            ],
            [
              55.995229,
              54.7149326
            ],
            [
              55.9956328,
              54.7144839
            ],
            [
              55.9959834,
              54.7141219
            ],
            [
              55.9964376,
              54.7136531
            ],
            [
              55.9965742,
              54.7135401
            ],
            [
              55.9966613,
              54.7134611
            ],
            [
              55.9967365,
              54.7134112
            ],
            [
              55.9970672,
              54.7135228
            ],
            [
              55.9980167,
              54.7138431
            ],
            [
              55.9983242,
              54.7139468
            ],
            [
              56.0022418,
              54.7153749
            ],
            [
              56.0025138,
              54.7154715
            ],
            [
              56.0027494,
              54.715573
            ],
            [
              56.0029034,
              54.7156547
            ],
            [
              56.0029291,
              54.7156709
            ],
            [
              56.0030148,
              54.7157271
            ],
            [
              56.003501,
              54.7160459
            ],
            [
              56.0070022,
              54.7185307
            ],
            [
              56.0071205,
              54.7186257
            ],
            [
              56.0074693,
              54.7188606
            ],
            [
              56.0103673,
              54.720848
            ],
            [
              56.0112792,
              54.7214168
            ],
            [
              56.0113442,
              54.7213791
            ],
            [
              56.012361,
              54.721048
            ],
            [
              56.0132823,
              54.7207471
            ],
            [
              56.0137,
              54.7206107
            ],
            [
              56.0147593,
              54.7202646
            ],
            [
              56.0147908,
              54.7201287
            ],
            [
              56.0150697,
              54.7189248
            ],
            [
              56.0151421,
              54.7186523
            ],
            [
              56.0151527,
              54.7186104
            ],
            [
              56.0151753,
              54.7185205
            ],
            [
              56.0152024,
              54.718413
            ],
            [
              56.0152581,
              54.7181918
            ],
            [
              56.0155975,
              54.7181918
            ],
            [
              56.0158444,
              54.718151
            ],
            [
              56.0159785,
              54.7183854
            ],
            [
              56.0182827,
              54.7179976
            ],
            [
              56.021043,
              54.7195055
            ],
            [
              56.021138,
              54.7195536
            ],
            [
              56.028745,
              54.7164148
            ],
            [
              56.0293058,
              54.7178952
            ],
            [
              56.0316921,
              54.7249589
            ],
            [
              56.0316697,
              54.7282003
            ],
            [
              56.0338711,
              54.7323244
            ],
            [
              56.036807,
              54.7367007
            ],
            [
              56.0272405,
              54.7369907
            ],
            [
              56.0273284,
              54.7373234
            ],
            [
              56.0272468,
              54.7374115
            ],
            [
              56.0270615,
              54.7374254
            ],
            [
              56.0249173,
              54.736973
            ],
            [
              56.0242137,
              54.7369531
            ],
            [
              56.0237633,
              54.7370529
            ],
            [
              56.0231585,
              54.7373038
            ],
            [
              56.0226027,
              54.7374439
            ],
            [
              56.0222516,
              54.73751
            ],
            [
              56.021942,
              54.7375684
            ],
            [
              56.0215353,
              54.7376266
            ],
            [
              56.0211835,
              54.7376615
            ],
            [
              56.0209675,
              54.737625
            ],
            [
              56.0207803,
              54.7375543
            ],
            [
              56.0201254,
              54.7370663
            ],
            [
              56.0199448,
              54.7369317
            ],
            [
              56.019864,
              54.7368715
            ],
            [
              56.0195631,
              54.7367213
            ],
            [
              56.0180106,
              54.7367334
            ],
            [
              56.0176656,
              54.7368064
            ],
            [
              56.0177089,
              54.7369549
            ],
            [
              56.0178054,
              54.7372859
            ],
            [
              56.0176831,
              54.7372976
            ],
            [
              56.0168703,
              54.7373566
            ],
            [
              56.016565,
              54.7373788
            ],
            [
              56.0120793,
              54.7378009
            ],
            [
              56.0115215,
              54.7378534
            ],
            [
              56.0087301,
              54.7381855
            ],
            [
              56.0089677,
              54.7384589
            ],
            [
              56.0092987,
              54.738899
            ],
            [
              56.009614,
              54.7393176
            ],
            [
              56.0097635,
              54.7395235
            ],
            [
              56.0097715,
              54.7395427
            ],
            [
              56.0098563,
              54.7396711
            ],
            [
              56.0099658,
              54.7398041
            ],
            [
              56.0101796,
              54.7400051
            ],
            [
              56.0082368,
              54.7406375
            ],
            [
              56.0079636,
              54.7407514
            ],
            [
              56.0077757,
              54.7408656
            ],
            [
              56.0073324,
              54.7411352
            ],
            [
              56.0072339,
              54.7411941
            ],
            [
              56.0067024,
              54.7414573
            ],
            [
              56.0065551,
              54.7415199
            ],
            [
              56.0063994,
              54.7415603
            ],
            [
              56.0055596,
              54.7417934
            ],
            [
              56.0055012,
              54.7418096
            ],
            [
              56.0047467,
              54.7420083
            ],
            [
              56.0043295,
              54.7421059
            ],
            [
              56.0039414,
              54.7421952
            ],
            [
              56.0027491,
              54.742482
            ],
            [
              56.0025588,
              54.7425314
            ],
            [
              56.0017708,
              54.7425714
            ],
            [
              56.0012173,
              54.7426339
            ],
            [
              56.0003493,
              54.7427318
            ],
            [
              56.0000631,
              54.7429784
            ],
            [
              55.9992478,
              54.7438948
            ],
            [
              55.9991955,
              54.7439209
            ],
            [
              55.9987678,
              54.7441009
            ],
            [
              55.9986246,
              54.7441571
            ],
            [
              55.9978363,
              54.7444599
            ],
            [
              55.9977138,
              54.7445843
            ],
            [
              55.9978748,
              54.7447382
            ],
            [
              55.9983321,
              54.7451608
            ],
            [
              55.9989347,
              54.7457254
            ],
            [
              55.9990512,
              54.7458375
            ],
            [
              55.9992957,
              54.7460722
            ],
            [
              56.000018,
              54.7467532
            ],
            [
              56.0001006,
              54.7468257
            ],
            [
              56.0001539,
              54.7468755
            ],
            [
              56.0010754,
              54.7477395
            ],
            [
              56.0018332,
              54.7484686
            ],
            [
              56.0019178,
              54.7485464
            ],
            [
              56.0026991,
              54.7492698
            ],
            [
              56.0033036,
              54.7498275
            ],
            [
              56.0034022,
              54.7499298
            ],
            [
              56.0034547,
              54.7499789
            ],
            [
              56.0037137,
              54.7502145
            ],
            [
              56.0037822,
              54.7502757
            ],
            [
              56.004303,
              54.7507732
            ],
            [
              56.0045728,
              54.7510345
            ],
            [
              56.0049156,
              54.7513615
            ],
            [
              56.0055918,
              54.7519732
            ],
            [
              56.005659,
              54.7520308
            ],
            [
              56.0060689,
              54.7523889
            ],
            [
              56.006515,
              54.7528034
            ],
            [
              56.0070236,
              54.7532619
            ],
            [
              56.0071115,
              54.7533303
            ],
            [
              56.0081867,
              54.7543641
            ],
            [
              56.0076846,
              54.7546153
            ],
            [
              56.0075934,
              54.7546523
            ],
            [
              56.0073303,
              54.7547612
            ],
            [
              56.0071049,
              54.7548609
            ],
            [
              56.0069801,
              54.7549152
            ],
            [
              56.0065197,
              54.7551084
            ],
            [
              56.0053718,
              54.7555999
            ],
            [
              56.0051161,
              54.755721
            ],
            [
              56.0049026,
              54.7558191
            ],
            [
              56.0046368,
              54.7559306
            ],
            [
              56.0043732,
              54.7560422
            ],
            [
              56.0038423,
              54.7562641
            ],
            [
              56.0036149,
              54.7563595
            ],
            [
              56.0027262,
              54.7567325
            ],
            [
              56.0023785,
              54.7568784
            ],
            [
              56.0018684,
              54.7570925
            ],
            [
              56.0011304,
              54.7574022
            ],
            [
              56.0006191,
              54.7576168
            ],
            [
              55.9997987,
              54.7579611
            ],
            [
              55.9984498,
              54.7585272
            ],
            [
              55.9974318,
              54.7589545
            ],
            [
              55.9972134,
              54.7590461
            ],
            [
              55.9969464,
              54.7588314
            ],
            [
              55.9964313,
              54.7584226
            ],
            [
              55.9953134,
              54.7575353
            ],
            [
              55.9947231,
              54.7570668
            ],
            [
              55.9938535,
              54.7563765
            ],
            [
              55.9936673,
              54.7562287
            ],
            [
              55.9931242,
              54.7558056
            ],
            [
              55.9926306,
              54.7554059
            ],
            [
              55.9918627,
              54.7547963
            ],
            [
              55.9918256,
              54.7547668
            ],
            [
              55.9910747,
              54.7541709
            ],
            [
              55.9905729,
              54.7537725
            ],
            [
              55.9902304,
              54.7535007
            ],
            [
              55.9889725,
              54.7525024
            ],
            [
              55.9887266,
              54.7523069
            ],
            [
              55.9886511,
              54.7522477
            ],
            [
              55.9876405,
              54.7514448
            ],
            [
              55.9871859,
              54.7510839
            ],
            [
              55.9867592,
              54.7507451
            ],
            [
              55.9866387,
              54.7506495
            ],
            [
              55.9863145,
              54.7503921
            ],
            [
              55.9861096,
              54.7502295
            ],
            [
              55.985719,
              54.7499227
            ],
            [
              55.9855052,
              54.7497497
            ],
            [
              55.9853551,
              54.7498045
            ],
            [
              55.9853074,
              54.7498219
            ],
            [
              55.9852342,
              54.7498486
            ],
            [
              55.984693,
              54.7500711
            ],
            [
              55.9841134,
              54.7502733
            ],
            [
              55.9835687,
              54.7504233
            ],
            [
              55.9829696,
              54.750515
            ],
            [
              55.9824628,
              54.7505602
            ],
            [
              55.9819512,
              54.7505714
            ],
            [
              55.9814685,
              54.7505449
            ],
            [
              55.9806282,
              54.750422
            ],
            [
              55.980082,
              54.7502577
            ],
            [
              55.9798434,
              54.7501706
            ],
            [
              55.9797789,
              54.750146
            ],
            [
              55.9791007,
              54.7497836
            ],
            [
              55.978343,
              54.7493759
            ],
            [
              55.9778162,
              54.7491021
            ],
            [
              55.9774595,
              54.7489804
            ],
            [
              55.9773012,
              54.748941
            ],
            [
              55.977156,
              54.7489071
            ],
            [
              55.9763964,
              54.7488687
            ],
            [
              55.9760365,
              54.7488743
            ],
            [
              55.9758343,
              54.7488834
            ],
            [
              55.9755911,
              54.7489056
            ],
            [
              55.9753478,
              54.7489428
            ],
            [
              55.9751204,
              54.7489567
            ],
            [
              55.9746844,
              54.74911
            ],
            [
              55.974529,
              54.7491754
            ],
            [
              55.9743144,
              54.7492914
            ],
            [
              55.9741883,
              54.7493743
            ],
            [
              55.9740315,
              54.7495103
            ],
            [
              55.973774,
              54.7498099
            ],
            [
              55.9734374,
              54.7501876
            ],
            [
              55.9731023,
              54.7505471
            ],
            [
              55.9727182,
              54.7509396
            ],
            [
              55.972217,
              54.7514353
            ],
            [
              55.9717402,
              54.7519443
            ],
            [
              55.9711644,
              54.7526602
            ],
            [
              55.9704429,
              54.7536719
            ],
            [
              55.9703769,
              54.7537737
            ],
            [
              55.9701014,
              54.7541851
            ],
            [
              55.969814,
              54.7545617
            ],
            [
              55.9696009,
              54.7547948
            ],
            [
              55.969449,
              54.7549333
            ],
            [
              55.9688508,
              54.7553994
            ],
            [
              55.9682009,
              54.7558654
            ],
            [
              55.9678358,
              54.7561194
            ],
            [
              55.9673635,
              54.7564022
            ],
            [
              55.967425,
              54.7564711
            ],
            [
              55.9649456,
              54.7580701
            ],
            [
              55.9552566,
              54.7538088
            ],
            [
              55.9466735,
              54.7508368
            ],
            [
              55.9420392,
              54.7505244
            ],
            [
              55.9354823,
              54.7515187
            ],
            [
              55.9327492,
              54.7474664
            ],
            [
              55.9326113,
              54.7472619
            ],
            [
              55.9326822,
              54.7469585
            ],
            [
              55.9328208,
              54.7469585
            ],
            [
              55.9329001,
              54.746744
            ],
            [
              55.9330237,
              54.7464844
            ],
            [
              55.9331428,
              54.7463983
            ],
            [
              55.9332949,
              54.7462882
            ],
            [
              55.933417,
              54.7457882
            ],
            [
              55.9332418,
              54.7455005
            ],
            [
              55.933445,
              54.7450533
            ],
            [
              55.9323055,
              54.7448285
            ],
            [
              55.9317755,
              54.7446227
            ],
            [
              55.9311016,
              54.7441494
            ],
            [
              55.9314314,
              54.7440399
            ],
            [
              55.9324617,
              54.7438817
            ],
            [
              55.9327016,
              54.7437562
            ],
            [
              55.9327785,
              54.7435725
            ],
            [
              55.9331827,
              54.7437703
            ],
            [
              55.9337224,
              54.7439855
            ],
            [
              55.9339123,
              54.7441569
            ],
            [
              55.9344665,
              54.743762
            ],
            [
              55.9347685,
              54.7436246
            ],
            [
              55.9349885,
              54.7434558
            ],
            [
              55.9349366,
              54.7434331
            ],
            [
              55.9346804,
              54.7433192
            ],
            [
              55.9347396,
              54.7432667
            ],
            [
              55.9351503,
              54.7429351
            ],
            [
              55.9353631,
              54.7427202
            ],
            [
              55.9360924,
              54.7420524
            ],
            [
              55.9362624,
              54.7419458
            ],
            [
              55.9366234,
              54.7418513
            ],
            [
              55.9367963,
              54.7419594
            ],
            [
              55.9368219,
              54.7418445
            ],
            [
              55.9368803,
              54.7417739
            ],
            [
              55.9379901,
              54.7408868
            ],
            [
              55.9382591,
              54.740601
            ],
            [
              55.9384646,
              54.7403115
            ],
            [
              55.9379163,
              54.7403555
            ],
            [
              55.9381509,
              54.7402807
            ],
            [
              55.9383909,
              54.7401849
            ],
            [
              55.9385701,
              54.7400526
            ],
            [
              55.9386549,
              54.7399892
            ],
            [
              55.9386998,
              54.7399395
            ],
            [
              55.9387832,
              54.7398063
            ],
            [
              55.9389119,
              54.7394171
            ],
            [
              55.9389819,
              54.7391684
            ],
            [
              55.9390596,
              54.738928
            ],
            [
              55.9392328,
              54.7387531
            ],
            [
              55.9395125,
              54.7385533
            ],
            [
              55.9397954,
              54.7383585
            ],
            [
              55.9400643,
              54.7381496
            ],
            [
              55.9401015,
              54.7381207
            ],
            [
              55.9401383,
              54.7380841
            ],
            [
              55.9405829,
              54.7377252
            ],
            [
              55.940932,
              54.7376716
            ],
            [
              55.9410324,
              54.7376556
            ],
            [
              55.9431118,
              54.7373247
            ],
            [
              55.9452485,
              54.7369847
            ],
            [
              55.945953,
              54.7368726
            ],
            [
              55.9461447,
              54.7368421
            ],
            [
              55.9462207,
              54.736797
            ],
            [
              55.9463605,
              54.7367517
            ],
            [
              55.9466295,
              54.7367093
            ],
            [
              55.9479827,
              54.7364958
            ],
            [
              55.9489332,
              54.7363458
            ],
            [
              55.9490981,
              54.7363196
            ],
            [
              55.9492772,
              54.7362916
            ],
            [
              55.9518432,
              54.7358867
            ],
            [
              55.9521876,
              54.7358324
            ],
            [
              55.9525326,
              54.735777
            ],
            [
              55.9532531,
              54.7356613
            ],
            [
              55.9543073,
              54.7354902
            ],
            [
              55.9552132,
              54.7353479
            ],
            [
              55.9561142,
              54.7352043
            ],
            [
              55.9574129,
              54.7350035
            ],
            [
              55.9576939,
              54.7349578
            ],
            [
              55.9580196,
              54.7349109
            ],
            [
              55.957988,
              54.7348492
            ],
            [
              55.9579754,
              54.7348244
            ],
            [
              55.9579542,
              54.7347829
            ],
            [
              55.957846,
              54.7345577
            ],
            [
              55.9572886,
              54.7333974
            ],
            [
              55.9570674,
              54.7329034
            ],
            [
              55.9569316,
              54.7326012
            ],
            [
              55.956886,
              54.732508
            ],
            [
              55.95715,
              54.7324675
            ],
            [
              55.9579197,
              54.7323493
            ],
            [
              55.9593127,
              54.7321353
            ],
            [
              55.9593992,
              54.732122
            ],
            [
              55.9602247,
              54.7319953
            ],
            [
              55.9611224,
              54.7318574
            ],
            [
              55.9615449,
              54.7317925
            ],
            [
              55.9622151,
              54.7316896
            ],
            [
              55.962439,
              54.7316552
            ],
            [
              55.962912,
              54.7315826
            ],
            [
              55.9630986,
              54.7315539
            ],
            [
              55.9640895,
              54.7313958
            ],
            [
              55.9645421,
              54.7313235
            ],
            [
              55.9650305,
              54.7312456
            ],
            [
              55.9658775,
              54.7311104
            ],
            [
              55.9660192,
              54.7310878
            ],
            [
              55.9660559,
              54.7311755
            ],
            [
              55.9662094,
              54.7315386
            ],
            [
              55.9664258,
              54.7320349
            ],
            [
              55.9665779,
              54.7323971
            ],
            [
              55.9665941,
              54.7324358
            ],
            [
              55.9666394,
              54.7325424
            ],
            [
              55.9695276,
              54.7320602
            ],
            [
              55.9694806,
              54.7319639
            ],
            [
              55.9689113,
              54.7307507
            ],
            [
              55.9688717,
              54.7306664
            ],
            [
              55.9689405,
              54.7306563
            ],
            [
              55.9689619,
              54.7306531
            ],
            [
              55.9710381,
              54.7303377
            ],
            [
              55.9718126,
              54.7302201
            ],
            [
              55.9719045,
              54.7302061
            ],
            [
              55.9719978,
              54.7301914
            ],
            [
              55.9734652,
              54.7299601
            ],
            [
              55.9748748,
              54.7297379
            ],
            [
              55.9754484,
              54.7296475
            ],
            [
              55.9767327,
              54.7294451
            ],
            [
              55.9770336,
              54.7293976
            ],
            [
              55.9774228,
              54.7293363
            ],
            [
              55.9777919,
              54.7292781
            ],
            [
              55.977728,
              54.7291449
            ],
            [
              55.9773901,
              54.7283866
            ],
            [
              55.9773693,
              54.728343
            ],
            [
              55.9770329,
              54.7276237
            ],
            [
              55.9768783,
              54.7273365
            ],
            [
              55.9766862,
              54.7268831
            ],
            [
              55.9766345,
              54.7267721
            ],
            [
              55.9769268,
              54.7267246
            ],
            [
              55.9772831,
              54.7266689
            ],
            [
              55.977931,
              54.7265659
            ],
            [
              55.9789548,
              54.726403
            ],
            [
              55.9790858,
              54.7263822
            ],
            [
              55.9797029,
              54.726284
            ],
            [
              55.9804638,
              54.726163
            ],
            [
              55.9817763,
              54.7259542
            ],
            [
              55.9819498,
              54.7259252
            ],
            [
              55.9822791,
              54.7258715
            ],
            [
              55.9826914,
              54.7258042
            ],
            [
              55.9835676,
              54.7256614
            ],
            [
              55.9835812,
              54.7256592
            ],
            [
              55.9841953,
              54.7255591
            ],
            [
              55.986012,
              54.7252671
            ],
            [
              55.9863557,
              54.7252143
            ],
            [
              55.9870796,
              54.7251023
            ],
            [
              55.987212,
              54.7250812
            ],
            [
              55.9886712,
              54.7248334
            ],
            [
              55.9889039,
              54.7247955
            ],
            [
              55.9890347,
              54.7247757
            ],
            [
              55.9894144,
              54.7247222
            ],
            [
              55.9897409,
              54.724665
            ],
            [
              55.9890226,
              54.724312
            ],
            [
              55.9888968,
              54.7242494
            ],
            [
              55.9888197,
              54.724225
            ],
            [
              55.9886004,
              54.724171
            ],
            [
              55.9884771,
              54.7240505
            ],
            [
              55.9883726,
              54.7239161
            ],
            [
              55.9882136,
              54.723704
            ],
            [
              55.9880041,
              54.7235822
            ],
            [
              55.9877758,
              54.7234663
            ],
            [
              55.9876015,
              54.7233223
            ],
            [
              55.9872356,
              54.7233501
            ],
            [
              55.9869916,
              54.7233202
            ],
            [
              55.9868415,
              54.7230945
            ],
            [
              55.986696,
              54.7229815
            ],
            [
              55.9866723,
              54.7227294
            ],
            [
              55.9863026,
              54.7225504
            ],
            [
              55.9859367,
              54.7225902
            ],
            [
              55.985606,
              54.722409
            ],
            [
              55.9851614,
              54.7222826
            ],
            [
              55.9847711,
              54.722094
            ],
            [
              55.9841737,
              54.7219867
            ],
            [
              55.9829816,
              54.7216451
            ],
            [
              55.9821252,
              54.7211636
            ],
            [
              55.9815896,
              54.7208906
            ],
            [
              55.9813975,
              54.7207846
            ],
            [
              55.980874,
              54.7204757
            ],
            [
              55.980599,
              54.7201865
            ],
            [
              55.9801178,
              54.7196832
            ],
            [
              55.9799406,
              54.7192887
            ],
            [
              55.9796798,
              54.7191145
            ],
            [
              55.9791087,
              54.7189625
            ],
            [
              55.9787468,
              54.7188437
            ],
            [
              55.9788149,
              54.7187593
            ],
            [
              55.9790656,
              54.7186851
            ],
            [
              55.9793133,
              54.7186521
            ],
            [
              55.9796335,
              54.7186428
            ],
            [
              55.9798559,
              54.7186433
            ],
            [
              55.9800524,
              54.7186437
            ],
            [
              55.9806062,
              54.7186609
            ],
            [
              55.9807141,
              54.7186716
            ],
            [
              55.9813877,
              54.7187336
            ],
            [
              55.9815699,
              54.7187553
            ],
            [
              55.9840149,
              54.7190307
            ],
            [
              55.9853409,
              54.7192074
            ],
            [
              55.9854606,
              54.7192209
            ],
            [
              55.9855672,
              54.719229
            ],
            [
              55.9863395,
              54.7192874
            ],
            [
              55.9867752,
              54.7193098
            ],
            [
              55.9871748,
              54.719313
            ],
            [
              55.9876357,
              54.7193017
            ],
            [
              55.9880902,
              54.7192643
            ],
            [
              55.9886054,
              54.7191888
            ],
            [
              55.9888832,
              54.7191408
            ],
            [
              55.9896716,
              54.7189526
            ],
            [
              55.9898996,
              54.7188887
            ],
            [
              55.9901722,
              54.7188124
            ],
            [
              55.9904409,
              54.718705
            ],
            [
              55.9908297,
              54.7185234
            ],
            [
              55.9911216,
              54.7183622
            ],
            [
              55.9912129,
              54.7183014
            ],
            [
              55.991808,
              54.7178459
            ],
            [
              55.9919463,
              54.7177431
            ],
            [
              55.9926307,
              54.7172345
            ],
            [
              55.9932252,
              54.7167926
            ],
            [
              55.9933149,
              54.716726
            ],
            [
              55.9934613,
              54.7166038
            ],
            [
              55.9938659,
              54.7162662
            ],
            [
              55.9942342,
              54.7159589
            ],
            [
              55.9945151,
              54.7157245
            ],
            [
              55.994676,
              54.715546
            ],
            [
              55.9948436,
              54.7153603
            ],
            [
              55.9951392,
              54.7150324
            ]
          ]
        ]
      },
      "id": "relation/3856973"
    },
    {
      "type": "Feature",
      "properties": {
        "@id": "relation/5493970",
        "admin_level": "9",
        "boundary": "administrative",
        "name": "Октябрьский район",
        "name:ba": "Октябрь районы",
        "type": "boundary",
        "wikidata": "Q4333163",
        "wikipedia": "ru:Октябрьский район (Уфа)"
      },
      "geometry": {
        "type": "MultiPolygon",
        "coordinates": [
          [
            [
              [
                56.1189013,
                54.6538978
              ],
              [
                56.1170024,
                54.6543827
              ],
              [
                56.1162827,
                54.6547545
              ],
              [
                56.1155731,
                54.6550588
              ],
              [
                56.1145881,
                54.6555244
              ],
              [
                56.1134815,
                54.6560358
              ],
              [
                56.1108171,
                54.6572671
              ],
              [
                56.1106903,
                54.657327
              ],
              [
                56.1096777,
                54.6578047
              ],
              [
                56.1086767,
                54.658277
              ],
              [
                56.1082289,
                54.6584882
              ],
              [
                56.1072499,
                54.6589501
              ],
              [
                56.1063485,
                54.6593754
              ],
              [
                56.1054509,
                54.6597989
              ],
              [
                56.1047035,
                54.6601515
              ],
              [
                56.1045557,
                54.6602212
              ],
              [
                56.1041086,
                54.6604322
              ],
              [
                56.1036094,
                54.6606676
              ],
              [
                56.1034537,
                54.6607411
              ],
              [
                56.1032908,
                54.661008
              ],
              [
                56.1032908,
                54.6612436
              ],
              [
                56.103458,
                54.661365
              ],
              [
                56.1044402,
                54.662378
              ],
              [
                56.1050901,
                54.6633325
              ],
              [
                56.105227,
                54.663605
              ],
              [
                56.1052044,
                54.6638407
              ],
              [
                56.1051722,
                54.6639617
              ],
              [
                56.1051252,
                54.6640113
              ],
              [
                56.105081,
                54.6640578
              ],
              [
                56.1047302,
                54.6643634
              ],
              [
                56.104625,
                54.664455
              ],
              [
                56.1047323,
                54.6649762
              ],
              [
                56.1049576,
                54.6653423
              ],
              [
                56.1049039,
                54.6656898
              ],
              [
                56.104222,
                54.6659397
              ],
              [
                56.1020353,
                54.665315
              ],
              [
                56.1001356,
                54.6665478
              ],
              [
                56.100517,
                54.6677243
              ],
              [
                56.0962539,
                54.6712191
              ],
              [
                56.0962913,
                54.6716689
              ],
              [
                56.0954835,
                54.6721619
              ],
              [
                56.0936287,
                54.6725901
              ],
              [
                56.0911483,
                54.671784
              ],
              [
                56.0868248,
                54.6730715
              ],
              [
                56.0849583,
                54.6736511
              ],
              [
                56.0831989,
                54.6746947
              ],
              [
                56.085023,
                54.6774633
              ],
              [
                56.0790032,
                54.6771248
              ],
              [
                56.0728278,
                54.6734971
              ],
              [
                56.0713327,
                54.6711757
              ],
              [
                56.0712749,
                54.6710416
              ],
              [
                56.0709932,
                54.6703885
              ],
              [
                56.0709906,
                54.669883
              ],
              [
                56.07099,
                54.6697694
              ],
              [
                56.0709894,
                54.6696556
              ],
              [
                56.0719669,
                54.6686913
              ],
              [
                56.0757759,
                54.6677228
              ],
              [
                56.0733001,
                54.6652727
              ],
              [
                56.0706418,
                54.6642932
              ],
              [
                56.0691034,
                54.6637263
              ],
              [
                56.0615254,
                54.659666
              ],
              [
                56.0540086,
                54.663512
              ],
              [
                56.0476936,
                54.6569205
              ],
              [
                56.0440505,
                54.6531174
              ],
              [
                56.0494125,
                54.6519429
              ],
              [
                56.0531573,
                54.6511226
              ],
              [
                56.0481397,
                54.6402258
              ],
              [
                56.0371834,
                54.6393179
              ],
              [
                56.0360946,
                54.6375036
              ],
              [
                56.0362077,
                54.6370623
              ],
              [
                56.0362545,
                54.6362322
              ],
              [
                56.0362405,
                54.6361497
              ],
              [
                56.0361283,
                54.6360908
              ],
              [
                56.0349971,
                54.6356796
              ],
              [
                56.034694,
                54.6355537
              ],
              [
                56.034654,
                54.635351
              ],
              [
                56.0346999,
                54.6343699
              ],
              [
                56.0344719,
                54.6340671
              ],
              [
                56.0343866,
                54.6339599
              ],
              [
                56.0344353,
                54.6336546
              ],
              [
                56.0336661,
                54.6331488
              ],
              [
                56.033268,
                54.6330357
              ],
              [
                56.0328987,
                54.632829
              ],
              [
                56.0326401,
                54.6326282
              ],
              [
                56.0326726,
                54.6324884
              ],
              [
                56.032218,
                54.632537
              ],
              [
                56.0318676,
                54.6325129
              ],
              [
                56.0316011,
                54.6322492
              ],
              [
                56.0314961,
                54.6320064
              ],
              [
                56.0313338,
                54.6320146
              ],
              [
                56.0310802,
                54.6320098
              ],
              [
                56.0308021,
                54.631852
              ],
              [
                56.0306071,
                54.6316116
              ],
              [
                56.0305635,
                54.6312925
              ],
              [
                56.0296302,
                54.6307073
              ],
              [
                56.0266359,
                54.6290842
              ],
              [
                56.0242896,
                54.6277522
              ],
              [
                56.0232165,
                54.6269267
              ],
              [
                56.0223017,
                54.6262769
              ],
              [
                56.0218926,
                54.626062
              ],
              [
                56.0216345,
                54.6260388
              ],
              [
                56.0215186,
                54.6259757
              ],
              [
                56.0212764,
                54.6256418
              ],
              [
                56.0211798,
                54.6255783
              ],
              [
                56.0209742,
                54.6255983
              ],
              [
                56.0207848,
                54.6255217
              ],
              [
                56.0207707,
                54.6254204
              ],
              [
                56.0208356,
                54.6252685
              ],
              [
                56.0207741,
                54.6251841
              ],
              [
                56.0202375,
                54.6249425
              ],
              [
                56.0197265,
                54.6246645
              ],
              [
                56.01954,
                54.6244288
              ],
              [
                56.0193194,
                54.6241503
              ],
              [
                56.0191951,
                54.6240939
              ],
              [
                56.0190822,
                54.6241235
              ],
              [
                56.0189561,
                54.6241923
              ],
              [
                56.0188615,
                54.6242161
              ],
              [
                56.0187171,
                54.6241437
              ],
              [
                56.0186725,
                54.6239831
              ],
              [
                56.018678,
                54.6238315
              ],
              [
                56.0183618,
                54.6236939
              ],
              [
                56.0181787,
                54.6234908
              ],
              [
                56.0179955,
                54.6232832
              ],
              [
                56.0176805,
                54.6232482
              ],
              [
                56.0174858,
                54.6231747
              ],
              [
                56.0174043,
                54.6231141
              ],
              [
                56.0173375,
                54.6229324
              ],
              [
                56.0166158,
                54.6225704
              ],
              [
                56.0157435,
                54.6221962
              ],
              [
                56.0153479,
                54.6224341
              ],
              [
                56.0151212,
                54.622528
              ],
              [
                56.0147206,
                54.6225417
              ],
              [
                56.0142412,
                54.6224634
              ],
              [
                56.013924,
                54.6222652
              ],
              [
                56.0137302,
                54.6220549
              ],
              [
                56.0135254,
                54.6216891
              ],
              [
                56.0133925,
                54.6213355
              ],
              [
                56.0132938,
                54.620999
              ],
              [
                56.0133064,
                54.6207869
              ],
              [
                56.0133208,
                54.6206459
              ],
              [
                56.0134351,
                54.6204766
              ],
              [
                56.0134787,
                54.6203112
              ],
              [
                56.0134621,
                54.6201153
              ],
              [
                56.0135155,
                54.6198709
              ],
              [
                56.0134845,
                54.6195413
              ],
              [
                56.0133958,
                54.619316
              ],
              [
                56.0131399,
                54.6190079
              ],
              [
                56.0126072,
                54.6164723
              ],
              [
                56.0102674,
                54.6162476
              ],
              [
                56.010217,
                54.6136658
              ],
              [
                56.0102111,
                54.6129445
              ],
              [
                56.0132802,
                54.6128488
              ],
              [
                56.0162522,
                54.6123128
              ],
              [
                56.0195833,
                54.6111162
              ],
              [
                56.0219282,
                54.609936
              ],
              [
                56.0240617,
                54.608573
              ],
              [
                56.0255307,
                54.6073571
              ],
              [
                56.0265683,
                54.606117
              ],
              [
                56.0279429,
                54.6032818
              ],
              [
                56.0283829,
                54.6021022
              ],
              [
                56.0290151,
                54.60086
              ],
              [
                56.0295873,
                54.5999366
              ],
              [
                56.0310115,
                54.5980802
              ],
              [
                56.0335544,
                54.5954875
              ],
              [
                56.0352009,
                54.5934319
              ],
              [
                56.0363559,
                54.5922242
              ],
              [
                56.0377475,
                54.5909727
              ],
              [
                56.0390841,
                54.5898424
              ],
              [
                56.0418036,
                54.5877953
              ],
              [
                56.0448078,
                54.5861884
              ],
              [
                56.0502132,
                54.5845302
              ],
              [
                56.0529,
                54.5837103
              ],
              [
                56.0544196,
                54.5830008
              ],
              [
                56.0573774,
                54.5813496
              ],
              [
                56.0589676,
                54.5802121
              ],
              [
                56.0599287,
                54.5797396
              ],
              [
                56.0600956,
                54.5794827
              ],
              [
                56.0603935,
                54.5788241
              ],
              [
                56.0604562,
                54.5785395
              ],
              [
                56.060521,
                54.578336
              ],
              [
                56.060416,
                54.5783301
              ],
              [
                56.0603594,
                54.5783915
              ],
              [
                56.060281,
                54.5785138
              ],
              [
                56.0602518,
                54.5787441
              ],
              [
                56.0599308,
                54.578943
              ],
              [
                56.0592646,
                54.5793071
              ],
              [
                56.0589891,
                54.579465
              ],
              [
                56.0587997,
                54.5793449
              ],
              [
                56.0589651,
                54.5789782
              ],
              [
                56.0593971,
                54.5785552
              ],
              [
                56.06002,
                54.5778599
              ],
              [
                56.0600709,
                54.5775687
              ],
              [
                56.0601969,
                54.5774865
              ],
              [
                56.0601943,
                54.577385
              ],
              [
                56.0601338,
                54.5772908
              ],
              [
                56.0605228,
                54.5770169
              ],
              [
                56.0607562,
                54.5770353
              ],
              [
                56.0612328,
                54.5765442
              ],
              [
                56.0616151,
                54.5750799
              ],
              [
                56.0618847,
                54.5742253
              ],
              [
                56.0622635,
                54.5735524
              ],
              [
                56.0624149,
                54.5730844
              ],
              [
                56.062473,
                54.5726239
              ],
              [
                56.0624186,
                54.5723133
              ],
              [
                56.0629264,
                54.5716732
              ],
              [
                56.0636428,
                54.5709906
              ],
              [
                56.0651363,
                54.5702
              ],
              [
                56.0659366,
                54.569625
              ],
              [
                56.0674133,
                54.5686316
              ],
              [
                56.0685644,
                54.5681144
              ],
              [
                56.07079,
                54.5672837
              ],
              [
                56.0716915,
                54.5670256
              ],
              [
                56.0737672,
                54.5667102
              ],
              [
                56.0751648,
                54.5667387
              ],
              [
                56.0755175,
                54.566871
              ],
              [
                56.0756961,
                54.5670318
              ],
              [
                56.0757713,
                54.5672409
              ],
              [
                56.0760789,
                54.5674343
              ],
              [
                56.0765709,
                54.5675519
              ],
              [
                56.0772356,
                54.5676003
              ],
              [
                56.0774333,
                54.5675918
              ],
              [
                56.0778134,
                54.5674329
              ],
              [
                56.0782908,
                54.5674356
              ],
              [
                56.0785127,
                54.5674675
              ],
              [
                56.0787976,
                54.5676815
              ],
              [
                56.0791276,
                54.5678342
              ],
              [
                56.0797163,
                54.5680996
              ],
              [
                56.0799256,
                54.5680911
              ],
              [
                56.0800445,
                54.5681848
              ],
              [
                56.0800631,
                54.5684552
              ],
              [
                56.0801711,
                54.5685827
              ],
              [
                56.0801183,
                54.5687929
              ],
              [
                56.0803418,
                54.5688857
              ],
              [
                56.080623,
                54.5689577
              ],
              [
                56.0809982,
                54.5690559
              ],
              [
                56.08111,
                54.5693322
              ],
              [
                56.0814303,
                54.5695662
              ],
              [
                56.0818537,
                54.5697317
              ],
              [
                56.0822064,
                54.5698707
              ],
              [
                56.0826018,
                54.5698537
              ],
              [
                56.0829893,
                54.5699789
              ],
              [
                56.0834847,
                54.5702316
              ],
              [
                56.0838063,
                54.5705129
              ],
              [
                56.0840231,
                54.5707951
              ],
              [
                56.0841023,
                54.5711597
              ],
              [
                56.0840993,
                54.5714912
              ],
              [
                56.0838864,
                54.5718177
              ],
              [
                56.0836941,
                54.572489
              ],
              [
                56.0835522,
                54.5733087
              ],
              [
                56.083101,
                54.5743272
              ],
              [
                56.0827131,
                54.5750882
              ],
              [
                56.0820439,
                54.5762371
              ],
              [
                56.0815341,
                54.5772359
              ],
              [
                56.0810666,
                54.5780787
              ],
              [
                56.0802549,
                54.5791207
              ],
              [
                56.0801254,
                54.5795208
              ],
              [
                56.0795025,
                54.5806626
              ],
              [
                56.0789598,
                54.5817563
              ],
              [
                56.0785242,
                54.5829303
              ],
              [
                56.0786065,
                54.5843298
              ],
              [
                56.0787753,
                54.5850047
              ],
              [
                56.0788588,
                54.5855384
              ],
              [
                56.0791679,
                54.5862392
              ],
              [
                56.0798097,
                54.5876542
              ],
              [
                56.0804134,
                54.5884809
              ],
              [
                56.0813896,
                54.5893045
              ],
              [
                56.0825408,
                54.59014
              ],
              [
                56.08392,
                54.5907774
              ],
              [
                56.086274,
                54.5917242
              ],
              [
                56.0876786,
                54.5924425
              ],
              [
                56.0889855,
                54.5929791
              ],
              [
                56.0909578,
                54.5935706
              ],
              [
                56.092564,
                54.5939692
              ],
              [
                56.0958136,
                54.5944007
              ],
              [
                56.0966221,
                54.594583
              ],
              [
                56.097254,
                54.5946924
              ],
              [
                56.0984821,
                54.5948846
              ],
              [
                56.100035,
                54.5950197
              ],
              [
                56.1015648,
                54.5951685
              ],
              [
                56.1037596,
                54.5952887
              ],
              [
                56.1041332,
                54.5951212
              ],
              [
                56.1050831,
                54.5951202
              ],
              [
                56.1053508,
                54.5951689
              ],
              [
                56.1057286,
                54.5953618
              ],
              [
                56.1059704,
                54.595436
              ],
              [
                56.1063231,
                54.5957703
              ],
              [
                56.1073112,
                54.5961904
              ],
              [
                56.1083938,
                54.5966506
              ],
              [
                56.1089806,
                54.5974543
              ],
              [
                56.1099728,
                54.5972532
              ],
              [
                56.1107509,
                54.5980305
              ],
              [
                56.1131536,
                54.5981489
              ],
              [
                56.1140107,
                54.5994207
              ],
              [
                56.1170285,
                54.599034
              ],
              [
                56.1185352,
                54.5993259
              ],
              [
                56.126058,
                54.5995992
              ],
              [
                56.1350649,
                54.5994728
              ],
              [
                56.1341394,
                54.6003422
              ],
              [
                56.1451601,
                54.6029329
              ],
              [
                56.1453512,
                54.6029778
              ],
              [
                56.1454888,
                54.6030178
              ],
              [
                56.1457087,
                54.603033
              ],
              [
                56.1460941,
                54.603026
              ],
              [
                56.1464113,
                54.6029094
              ],
              [
                56.1465031,
                54.6027914
              ],
              [
                56.1466258,
                54.6027249
              ],
              [
                56.1472962,
                54.6027291
              ],
              [
                56.1478409,
                54.6026897
              ],
              [
                56.148326,
                54.6024234
              ],
              [
                56.1487734,
                54.602292
              ],
              [
                56.152893,
                54.6052054
              ],
              [
                56.1557315,
                54.6108252
              ],
              [
                56.1593569,
                54.6126406
              ],
              [
                56.159093,
                54.6135501
              ],
              [
                56.1577614,
                54.6206424
              ],
              [
                56.1631428,
                54.6207144
              ],
              [
                56.162965,
                54.6222904
              ],
              [
                56.1626338,
                54.6270462
              ],
              [
                56.162376,
                54.6308163
              ],
              [
                56.1622096,
                54.6329462
              ],
              [
                56.1621571,
                54.6346998
              ],
              [
                56.1620626,
                54.635789
              ],
              [
                56.1619477,
                54.6369954
              ],
              [
                56.1619768,
                54.6378355
              ],
              [
                56.1620343,
                54.637983
              ],
              [
                56.161993,
                54.6382073
              ],
              [
                56.1618969,
                54.6383769
              ],
              [
                56.1617432,
                54.6386161
              ],
              [
                56.1614735,
                54.638956
              ],
              [
                56.1613199,
                54.6391985
              ],
              [
                56.1612115,
                54.6393614
              ],
              [
                56.1609997,
                54.6396457
              ],
              [
                56.1609217,
                54.6398324
              ],
              [
                56.160782,
                54.6401472
              ],
              [
                56.1605025,
                54.640563
              ],
              [
                56.1603798,
                54.6406365
              ],
              [
                56.160174,
                54.6407038
              ],
              [
                56.1600584,
                54.640822
              ],
              [
                56.1599273,
                54.6410195
              ],
              [
                56.1596599,
                54.6413023
              ],
              [
                56.1596495,
                54.6413575
              ],
              [
                56.1597668,
                54.6415217
              ],
              [
                56.1599198,
                54.6416856
              ],
              [
                56.1600239,
                54.6417983
              ],
              [
                56.1601329,
                54.6420935
              ],
              [
                56.1603245,
                54.6423603
              ],
              [
                56.1604917,
                54.6426101
              ],
              [
                56.1607348,
                54.6429247
              ],
              [
                56.1605564,
                54.6429775
              ],
              [
                56.1542717,
                54.6448236
              ],
              [
                56.141289,
                54.6485564
              ],
              [
                56.1406186,
                54.649142
              ],
              [
                56.1404858,
                54.6490674
              ],
              [
                56.1402872,
                54.6489728
              ],
              [
                56.140125,
                54.6489019
              ],
              [
                56.1399386,
                54.6488176
              ],
              [
                56.1396666,
                54.648797
              ],
              [
                56.1394914,
                54.6487493
              ],
              [
                56.1393472,
                54.6486887
              ],
              [
                56.1391963,
                54.648604
              ],
              [
                56.1391155,
                54.6484703
              ],
              [
                56.1390353,
                54.6483642
              ],
              [
                56.1387083,
                54.6482093
              ],
              [
                56.1385513,
                54.6481143
              ],
              [
                56.1384234,
                54.6479118
              ],
              [
                56.1383058,
                54.6477408
              ],
              [
                56.1382162,
                54.6476636
              ],
              [
                56.1380489,
                54.6476239
              ],
              [
                56.1379502,
                54.6475441
              ],
              [
                56.1378218,
                54.6474244
              ],
              [
                56.137733,
                54.6473618
              ],
              [
                56.1374573,
                54.6472709
              ],
              [
                56.1373389,
                54.6472026
              ],
              [
                56.1370629,
                54.6470318
              ],
              [
                56.1365922,
                54.6467438
              ],
              [
                56.1356843,
                54.6472066
              ],
              [
                56.1353757,
                54.6472164
              ],
              [
                56.1351097,
                54.6472635
              ],
              [
                56.1345712,
                54.6473304
              ],
              [
                56.1341334,
                54.647393
              ],
              [
                56.1339337,
                54.6474774
              ],
              [
                56.1336792,
                54.6475073
              ],
              [
                56.1332041,
                54.6475116
              ],
              [
                56.1324952,
                54.6476489
              ],
              [
                56.1274673,
                54.6499467
              ],
              [
                56.124979,
                54.651061
              ],
              [
                56.1231721,
                54.6518969
              ],
              [
                56.1204442,
                54.6531716
              ],
              [
                56.1189013,
                54.6538978
              ]
            ]
          ],
          [
            [
              [
                55.973774,
                54.7498099
              ],
              [
                55.9740315,
                54.7495103
              ],
              [
                55.9741883,
                54.7493743
              ],
              [
                55.9743144,
                54.7492914
              ],
              [
                55.974529,
                54.7491754
              ],
              [
                55.9746844,
                54.74911
              ],
              [
                55.9751204,
                54.7489567
              ],
              [
                55.9753478,
                54.7489428
              ],
              [
                55.9755911,
                54.7489056
              ],
              [
                55.9758343,
                54.7488834
              ],
              [
                55.9760365,
                54.7488743
              ],
              [
                55.9763964,
                54.7488687
              ],
              [
                55.977156,
                54.7489071
              ],
              [
                55.9773012,
                54.748941
              ],
              [
                55.9774595,
                54.7489804
              ],
              [
                55.9778162,
                54.7491021
              ],
              [
                55.978343,
                54.7493759
              ],
              [
                55.9791007,
                54.7497836
              ],
              [
                55.9797789,
                54.750146
              ],
              [
                55.9798434,
                54.7501706
              ],
              [
                55.980082,
                54.7502577
              ],
              [
                55.9806282,
                54.750422
              ],
              [
                55.9814685,
                54.7505449
              ],
              [
                55.9819512,
                54.7505714
              ],
              [
                55.9824628,
                54.7505602
              ],
              [
                55.9829696,
                54.750515
              ],
              [
                55.9835687,
                54.7504233
              ],
              [
                55.9841134,
                54.7502733
              ],
              [
                55.984693,
                54.7500711
              ],
              [
                55.9852342,
                54.7498486
              ],
              [
                55.9853074,
                54.7498219
              ],
              [
                55.9853551,
                54.7498045
              ],
              [
                55.9855052,
                54.7497497
              ],
              [
                55.985719,
                54.7499227
              ],
              [
                55.9861096,
                54.7502295
              ],
              [
                55.9863145,
                54.7503921
              ],
              [
                55.9866387,
                54.7506495
              ],
              [
                55.9867592,
                54.7507451
              ],
              [
                55.9871859,
                54.7510839
              ],
              [
                55.9876405,
                54.7514448
              ],
              [
                55.9886511,
                54.7522477
              ],
              [
                55.9887266,
                54.7523069
              ],
              [
                55.9889725,
                54.7525024
              ],
              [
                55.9902304,
                54.7535007
              ],
              [
                55.9905729,
                54.7537725
              ],
              [
                55.9910747,
                54.7541709
              ],
              [
                55.9918256,
                54.7547668
              ],
              [
                55.9918627,
                54.7547963
              ],
              [
                55.9926306,
                54.7554059
              ],
              [
                55.9931242,
                54.7558056
              ],
              [
                55.9936673,
                54.7562287
              ],
              [
                55.9938535,
                54.7563765
              ],
              [
                55.9947231,
                54.7570668
              ],
              [
                55.9953134,
                54.7575353
              ],
              [
                55.9964313,
                54.7584226
              ],
              [
                55.9969464,
                54.7588314
              ],
              [
                55.9972134,
                54.7590461
              ],
              [
                55.9974318,
                54.7589545
              ],
              [
                55.9984498,
                54.7585272
              ],
              [
                55.9997987,
                54.7579611
              ],
              [
                56.0006191,
                54.7576168
              ],
              [
                56.0011304,
                54.7574022
              ],
              [
                56.0018684,
                54.7570925
              ],
              [
                56.0023785,
                54.7568784
              ],
              [
                56.0027262,
                54.7567325
              ],
              [
                56.0036149,
                54.7563595
              ],
              [
                56.0038423,
                54.7562641
              ],
              [
                56.0043732,
                54.7560422
              ],
              [
                56.0046368,
                54.7559306
              ],
              [
                56.0049026,
                54.7558191
              ],
              [
                56.0051161,
                54.755721
              ],
              [
                56.0053718,
                54.7555999
              ],
              [
                56.0065197,
                54.7551084
              ],
              [
                56.0069801,
                54.7549152
              ],
              [
                56.0071049,
                54.7548609
              ],
              [
                56.0073303,
                54.7547612
              ],
              [
                56.0075934,
                54.7546523
              ],
              [
                56.0076846,
                54.7546153
              ],
              [
                56.0081867,
                54.7543641
              ],
              [
                56.0071115,
                54.7533303
              ],
              [
                56.0070236,
                54.7532619
              ],
              [
                56.006515,
                54.7528034
              ],
              [
                56.0060689,
                54.7523889
              ],
              [
                56.005659,
                54.7520308
              ],
              [
                56.0055918,
                54.7519732
              ],
              [
                56.0049156,
                54.7513615
              ],
              [
                56.0045728,
                54.7510345
              ],
              [
                56.004303,
                54.7507732
              ],
              [
                56.0037822,
                54.7502757
              ],
              [
                56.0037137,
                54.7502145
              ],
              [
                56.0034547,
                54.7499789
              ],
              [
                56.0034022,
                54.7499298
              ],
              [
                56.0033036,
                54.7498275
              ],
              [
                56.0026991,
                54.7492698
              ],
              [
                56.0019178,
                54.7485464
              ],
              [
                56.0018332,
                54.7484686
              ],
              [
                56.0010754,
                54.7477395
              ],
              [
                56.0001539,
                54.7468755
              ],
              [
                56.0001006,
                54.7468257
              ],
              [
                56.000018,
                54.7467532
              ],
              [
                55.9992957,
                54.7460722
              ],
              [
                55.9990512,
                54.7458375
              ],
              [
                55.9989347,
                54.7457254
              ],
              [
                55.9983321,
                54.7451608
              ],
              [
                55.9978748,
                54.7447382
              ],
              [
                55.9977138,
                54.7445843
              ],
              [
                55.9978363,
                54.7444599
              ],
              [
                55.9986246,
                54.7441571
              ],
              [
                55.9987678,
                54.7441009
              ],
              [
                55.9991955,
                54.7439209
              ],
              [
                55.9992478,
                54.7438948
              ],
              [
                56.0000631,
                54.7429784
              ],
              [
                56.0003493,
                54.7427318
              ],
              [
                56.0012173,
                54.7426339
              ],
              [
                56.0017708,
                54.7425714
              ],
              [
                56.0025588,
                54.7425314
              ],
              [
                56.0027491,
                54.742482
              ],
              [
                56.0039414,
                54.7421952
              ],
              [
                56.0043295,
                54.7421059
              ],
              [
                56.0047467,
                54.7420083
              ],
              [
                56.0055012,
                54.7418096
              ],
              [
                56.0055596,
                54.7417934
              ],
              [
                56.0063994,
                54.7415603
              ],
              [
                56.0065551,
                54.7415199
              ],
              [
                56.0067024,
                54.7414573
              ],
              [
                56.0072339,
                54.7411941
              ],
              [
                56.0073324,
                54.7411352
              ],
              [
                56.0077757,
                54.7408656
              ],
              [
                56.0079636,
                54.7407514
              ],
              [
                56.0082368,
                54.7406375
              ],
              [
                56.0101796,
                54.7400051
              ],
              [
                56.0099658,
                54.7398041
              ],
              [
                56.0098563,
                54.7396711
              ],
              [
                56.0097715,
                54.7395427
              ],
              [
                56.0097635,
                54.7395235
              ],
              [
                56.009614,
                54.7393176
              ],
              [
                56.0092987,
                54.738899
              ],
              [
                56.0089677,
                54.7384589
              ],
              [
                56.0087301,
                54.7381855
              ],
              [
                56.0115215,
                54.7378534
              ],
              [
                56.0120793,
                54.7378009
              ],
              [
                56.016565,
                54.7373788
              ],
              [
                56.0168703,
                54.7373566
              ],
              [
                56.0176831,
                54.7372976
              ],
              [
                56.0178054,
                54.7372859
              ],
              [
                56.0177089,
                54.7369549
              ],
              [
                56.0176656,
                54.7368064
              ],
              [
                56.0180106,
                54.7367334
              ],
              [
                56.0195631,
                54.7367213
              ],
              [
                56.019864,
                54.7368715
              ],
              [
                56.0199448,
                54.7369317
              ],
              [
                56.0201254,
                54.7370663
              ],
              [
                56.0207803,
                54.7375543
              ],
              [
                56.0209675,
                54.737625
              ],
              [
                56.0211835,
                54.7376615
              ],
              [
                56.0215353,
                54.7376266
              ],
              [
                56.021942,
                54.7375684
              ],
              [
                56.0222516,
                54.73751
              ],
              [
                56.0226027,
                54.7374439
              ],
              [
                56.0231585,
                54.7373038
              ],
              [
                56.0237633,
                54.7370529
              ],
              [
                56.0242137,
                54.7369531
              ],
              [
                56.0249173,
                54.736973
              ],
              [
                56.0270615,
                54.7374254
              ],
              [
                56.0272468,
                54.7374115
              ],
              [
                56.0273284,
                54.7373234
              ],
              [
                56.0272405,
                54.7369907
              ],
              [
                56.036807,
                54.7367007
              ],
              [
                56.0389152,
                54.7388608
              ],
              [
                56.039303,
                54.7430592
              ],
              [
                56.0407884,
                54.7462967
              ],
              [
                56.0437859,
                54.749707
              ],
              [
                56.0442702,
                54.7533298
              ],
              [
                56.0445153,
                54.7553835
              ],
              [
                56.0469785,
                54.7574122
              ],
              [
                56.0481294,
                54.7577605
              ],
              [
                56.0506923,
                54.7580299
              ],
              [
                56.0512613,
                54.7580329
              ],
              [
                56.0579101,
                54.7580684
              ],
              [
                56.0651199,
                54.7582665
              ],
              [
                56.0707847,
                54.7591579
              ],
              [
                56.0783227,
                54.7618302
              ],
              [
                56.0868845,
                54.7666263
              ],
              [
                56.0893241,
                54.7703492
              ],
              [
                56.089825,
                54.7735732
              ],
              [
                56.0875757,
                54.7760782
              ],
              [
                56.080886,
                54.7793485
              ],
              [
                56.0796539,
                54.7820427
              ],
              [
                56.0793656,
                54.7849902
              ],
              [
                56.0818566,
                54.7864229
              ],
              [
                56.0848955,
                54.7869326
              ],
              [
                56.0867492,
                54.7861899
              ],
              [
                56.0891525,
                54.785299
              ],
              [
                56.0922424,
                54.7838142
              ],
              [
                56.0980089,
                54.7866606
              ],
              [
                56.0973899,
                54.7870803
              ],
              [
                56.0940221,
                54.7902764
              ],
              [
                56.0937377,
                54.7906458
              ],
              [
                56.0937302,
                54.7906556
              ],
              [
                56.0937673,
                54.7907601
              ],
              [
                56.0926692,
                54.7908817
              ],
              [
                56.0917049,
                54.7909884
              ],
              [
                56.0902996,
                54.7911442
              ],
              [
                56.0885378,
                54.7913295
              ],
              [
                56.0859232,
                54.7916452
              ],
              [
                56.0858558,
                54.7916525
              ],
              [
                56.0842826,
                54.7918204
              ],
              [
                56.0826436,
                54.7919609
              ],
              [
                56.0820511,
                54.7920191
              ],
              [
                56.0819355,
                54.7920305
              ],
              [
                56.0809528,
                54.7921422
              ],
              [
                56.0792037,
                54.7923411
              ],
              [
                56.0790023,
                54.792364
              ],
              [
                56.0780162,
                54.7924634
              ],
              [
                56.0779663,
                54.7924684
              ],
              [
                56.0778466,
                54.7924665
              ],
              [
                56.0774891,
                54.7924477
              ],
              [
                56.0774164,
                54.7927261
              ],
              [
                56.0774127,
                54.7927473
              ],
              [
                56.077123,
                54.7943921
              ],
              [
                56.0770494,
                54.7948101
              ],
              [
                56.0769231,
                54.7955278
              ],
              [
                56.0768129,
                54.7961537
              ],
              [
                56.076774,
                54.7962791
              ],
              [
                56.0767144,
                54.7967043
              ],
              [
                56.0767046,
                54.7970348
              ],
              [
                56.0767211,
                54.7971822
              ],
              [
                56.0767759,
                54.7973923
              ],
              [
                56.0768039,
                54.7974723
              ],
              [
                56.0768439,
                54.7975863
              ],
              [
                56.0768925,
                54.7977214
              ],
              [
                56.0770066,
                54.7981224
              ],
              [
                56.0770069,
                54.7981368
              ],
              [
                56.066729,
                54.7975832
              ],
              [
                56.0569538,
                54.7970291
              ],
              [
                56.0569516,
                54.7970164
              ],
              [
                56.0569407,
                54.7969624
              ],
              [
                56.0563027,
                54.7952681
              ],
              [
                56.0560418,
                54.7945886
              ],
              [
                56.0557329,
                54.7937841
              ],
              [
                56.0556718,
                54.7936249
              ],
              [
                56.0553307,
                54.7928316
              ],
              [
                56.0552882,
                54.7927237
              ],
              [
                56.0547856,
                54.7915566
              ],
              [
                56.0546225,
                54.7910945
              ],
              [
                56.0545843,
                54.7908464
              ],
              [
                56.0537904,
                54.7888749
              ],
              [
                56.054761,
                54.788366
              ],
              [
                56.0546359,
                54.7882792
              ],
              [
                56.0546677,
                54.7881752
              ],
              [
                56.0549264,
                54.7879857
              ],
              [
                56.0554227,
                54.787691
              ],
              [
                56.0556153,
                54.7875412
              ],
              [
                56.0557412,
                54.7874434
              ],
              [
                56.0539961,
                54.7867272
              ],
              [
                56.0527418,
                54.7862662
              ],
              [
                56.0520047,
                54.7859665
              ],
              [
                56.0511605,
                54.7856236
              ],
              [
                56.0509445,
                54.7855358
              ],
              [
                56.0507887,
                54.7854771
              ],
              [
                56.0504849,
                54.7853452
              ],
              [
                56.050251,
                54.7852783
              ],
              [
                56.0496746,
                54.7851136
              ],
              [
                56.0492925,
                54.7850129
              ],
              [
                56.0481428,
                54.7846758
              ],
              [
                56.0479237,
                54.7846132
              ],
              [
                56.0474248,
                54.7844707
              ],
              [
                56.0469444,
                54.7843448
              ],
              [
                56.0460346,
                54.7841063
              ],
              [
                56.0457387,
                54.7840021
              ],
              [
                56.0449873,
                54.7837365
              ],
              [
                56.0419736,
                54.7825957
              ],
              [
                56.0413295,
                54.7823372
              ],
              [
                56.0402469,
                54.7819317
              ],
              [
                56.0400738,
                54.7819588
              ],
              [
                56.0398604,
                54.7819922
              ],
              [
                56.0396433,
                54.7821924
              ],
              [
                56.0393629,
                54.7822596
              ],
              [
                56.0381754,
                54.7824263
              ],
              [
                56.0378253,
                54.7824726
              ],
              [
                56.0374795,
                54.7825167
              ],
              [
                56.0371961,
                54.7825528
              ],
              [
                56.0354421,
                54.7828254
              ],
              [
                56.0349622,
                54.7829
              ],
              [
                56.0339048,
                54.7830644
              ],
              [
                56.0334113,
                54.7831453
              ],
              [
                56.0330931,
                54.7831977
              ],
              [
                56.0329628,
                54.7832185
              ],
              [
                56.0293091,
                54.7751421
              ],
              [
                56.0291897,
                54.7749249
              ],
              [
                56.0290335,
                54.7747501
              ],
              [
                56.0270851,
                54.7731769
              ],
              [
                56.0269844,
                54.7732165
              ],
              [
                56.0267488,
                54.7733071
              ],
              [
                56.0267302,
                54.7733149
              ],
              [
                56.0265246,
                54.773404
              ],
              [
                56.0262502,
                54.7735241
              ],
              [
                56.025768,
                54.7737269
              ],
              [
                56.0256364,
                54.7737831
              ],
              [
                56.0255467,
                54.7738205
              ],
              [
                56.0248174,
                54.7741307
              ],
              [
                56.0244805,
                54.7742737
              ],
              [
                56.0239532,
                54.7744975
              ],
              [
                56.0232705,
                54.774787
              ],
              [
                56.0224496,
                54.7751354
              ],
              [
                56.0216854,
                54.7754599
              ],
              [
                56.0215958,
                54.7754994
              ],
              [
                56.0207569,
                54.7758489
              ],
              [
                56.0209548,
                54.7760684
              ],
              [
                56.0211253,
                54.7765139
              ],
              [
                56.0211936,
                54.7766925
              ],
              [
                56.0210441,
                54.7767323
              ],
              [
                56.0209121,
                54.7767674
              ],
              [
                56.0204126,
                54.7771184
              ],
              [
                56.019914,
                54.7776794
              ],
              [
                56.0196162,
                54.7780145
              ],
              [
                56.0191948,
                54.7785205
              ],
              [
                56.0184348,
                54.7798801
              ],
              [
                56.0183534,
                54.7799684
              ],
              [
                56.017747,
                54.7801965
              ],
              [
                56.0170833,
                54.7804849
              ],
              [
                56.0112082,
                54.781951
              ],
              [
                56.006733,
                54.7843107
              ],
              [
                56.0049963,
                54.783662
              ],
              [
                56.0035801,
                54.7832289
              ],
              [
                55.9981513,
                54.781546
              ],
              [
                55.9940529,
                54.7810015
              ],
              [
                55.9881735,
                54.7796031
              ],
              [
                55.9847402,
                54.77818
              ],
              [
                55.98302,
                54.7767393
              ],
              [
                55.9814945,
                54.7756036
              ],
              [
                55.9813275,
                54.773666
              ],
              [
                55.9755126,
                54.7649025
              ],
              [
                55.9679595,
                54.759356
              ],
              [
                55.9649456,
                54.7580701
              ],
              [
                55.967425,
                54.7564711
              ],
              [
                55.9673635,
                54.7564022
              ],
              [
                55.9678358,
                54.7561194
              ],
              [
                55.9682009,
                54.7558654
              ],
              [
                55.9688508,
                54.7553994
              ],
              [
                55.969449,
                54.7549333
              ],
              [
                55.9696009,
                54.7547948
              ],
              [
                55.969814,
                54.7545617
              ],
              [
                55.9701014,
                54.7541851
              ],
              [
                55.9703769,
                54.7537737
              ],
              [
                55.9704429,
                54.7536719
              ],
              [
                55.9711644,
                54.7526602
              ],
              [
                55.9717402,
                54.7519443
              ],
              [
                55.972217,
                54.7514353
              ],
              [
                55.9727182,
                54.7509396
              ],
              [
                55.9731023,
                54.7505471
              ],
              [
                55.9734374,
                54.7501876
              ],
              [
                55.973774,
                54.7498099
              ]
            ]
          ]
        ]
      },
      "id": "relation/5493970"
    },
    {
      "type": "Feature",
      "properties": {
        "@id": "relation/5523261",
        "admin_level": "9",
        "boundary": "administrative",
        "name": "Дёмский район",
        "name:ba": "Дим районы",
        "type": "boundary",
        "wikidata": "Q4172617",
        "wikipedia": "ru:Дёмский район"
      },
      "geometry": {
        "type": "Polygon",
        "coordinates": [
          [
            [
              55.8520554,
              54.7366565
            ],
            [
              55.8508659,
              54.7370629
            ],
            [
              55.84912,
              54.7372774
            ],
            [
              55.8432137,
              54.7372989
            ],
            [
              55.8408363,
              54.7371273
            ],
            [
              55.8390523,
              54.7375662
            ],
            [
              55.8370707,
              54.7377533
            ],
            [
              55.8344443,
              54.7386458
            ],
            [
              55.8312154,
              54.7403011
            ],
            [
              55.8308392,
              54.7406591
            ],
            [
              55.8276057,
              54.7398471
            ],
            [
              55.8242368,
              54.7383482
            ],
            [
              55.8234644,
              54.7382119
            ],
            [
              55.8227348,
              54.7381004
            ],
            [
              55.8218765,
              54.7377535
            ],
            [
              55.8208251,
              54.7376668
            ],
            [
              55.8197737,
              54.7377412
            ],
            [
              55.8185076,
              54.7380013
            ],
            [
              55.8169412,
              54.7379022
            ],
            [
              55.8150959,
              54.7378527
            ],
            [
              55.8126926,
              54.7379022
            ],
            [
              55.8102679,
              54.7383482
            ],
            [
              55.8078432,
              54.7384225
            ],
            [
              55.8052683,
              54.7381871
            ],
            [
              55.8020581,
              54.737747
            ],
            [
              55.8022691,
              54.7373595
            ],
            [
              55.8025547,
              54.7368043
            ],
            [
              55.8030354,
              54.7356772
            ],
            [
              55.8031597,
              54.7354068
            ],
            [
              55.8037002,
              54.7342326
            ],
            [
              55.8039741,
              54.7335134
            ],
            [
              55.8046963,
              54.7317893
            ],
            [
              55.8050593,
              54.7308578
            ],
            [
              55.8053431,
              54.7299958
            ],
            [
              55.8054658,
              54.7295416
            ],
            [
              55.8060231,
              54.7275384
            ],
            [
              55.8065381,
              54.7261174
            ],
            [
              55.8073041,
              54.7241509
            ],
            [
              55.8077902,
              54.722849
            ],
            [
              55.8084122,
              54.7213105
            ],
            [
              55.8086303,
              54.7206463
            ],
            [
              55.8087118,
              54.7203209
            ],
            [
              55.8086166,
              54.7200511
            ],
            [
              55.8086919,
              54.7189365
            ],
            [
              55.8089011,
              54.7174078
            ],
            [
              55.8067188,
              54.7171915
            ],
            [
              55.8048621,
              54.7170024
            ],
            [
              55.8022331,
              54.7167346
            ],
            [
              55.8022134,
              54.716716
            ],
            [
              55.802238,
              54.7166133
            ],
            [
              55.8022558,
              54.716539
            ],
            [
              55.8024317,
              54.716435
            ],
            [
              55.8039071,
              54.7157569
            ],
            [
              55.8044714,
              54.7154404
            ],
            [
              55.8047195,
              54.7152502
            ],
            [
              55.8049301,
              54.7150345
            ],
            [
              55.8051802,
              54.7149472
            ],
            [
              55.8054828,
              54.7148938
            ],
            [
              55.8061525,
              54.7146795
            ],
            [
              55.8071275,
              54.7141884
            ],
            [
              55.807093,
              54.7140619
            ],
            [
              55.8063659,
              54.7133921
            ],
            [
              55.8058534,
              54.7128364
            ],
            [
              55.8054149,
              54.712316
            ],
            [
              55.8050705,
              54.7114703
            ],
            [
              55.8045666,
              54.7109247
            ],
            [
              55.803851,
              54.7106203
            ],
            [
              55.8033444,
              54.7103547
            ],
            [
              55.8026443,
              54.709801
            ],
            [
              55.8016786,
              54.7094753
            ],
            [
              55.8004239,
              54.7091619
            ],
            [
              55.8000641,
              54.7090375
            ],
            [
              55.7996944,
              54.7089625
            ],
            [
              55.7983575,
              54.7088165
            ],
            [
              55.7973851,
              54.7087515
            ],
            [
              55.7963828,
              54.7085168
            ],
            [
              55.7953976,
              54.7083469
            ],
            [
              55.7948837,
              54.7082604
            ],
            [
              55.7943903,
              54.7081215
            ],
            [
              55.7938882,
              54.708106
            ],
            [
              55.7934459,
              54.7081367
            ],
            [
              55.7929847,
              54.708297
            ],
            [
              55.7925274,
              54.7084754
            ],
            [
              55.7921119,
              54.7086271
            ],
            [
              55.7918301,
              54.7086922
            ],
            [
              55.7914283,
              54.7087058
            ],
            [
              55.7911029,
              54.7086912
            ],
            [
              55.7906543,
              54.7086194
            ],
            [
              55.7894743,
              54.7084871
            ],
            [
              55.7892591,
              54.7084615
            ],
            [
              55.7891443,
              54.7084041
            ],
            [
              55.7890312,
              54.7082633
            ],
            [
              55.7866519,
              54.7077867
            ],
            [
              55.7869359,
              54.7064181
            ],
            [
              55.7866759,
              54.7062726
            ],
            [
              55.7859232,
              54.7061078
            ],
            [
              55.7847368,
              54.705954
            ],
            [
              55.7826691,
              54.7053286
            ],
            [
              55.7822502,
              54.7052584
            ],
            [
              55.7819828,
              54.7052199
            ],
            [
              55.7814874,
              54.7050993
            ],
            [
              55.7809419,
              54.704827
            ],
            [
              55.7807084,
              54.7045545
            ],
            [
              55.7805743,
              54.7042535
            ],
            [
              55.7806039,
              54.7039441
            ],
            [
              55.7807199,
              54.7034255
            ],
            [
              55.7808302,
              54.7032981
            ],
            [
              55.7810712,
              54.7031691
            ],
            [
              55.7832277,
              54.7028194
            ],
            [
              55.7846994,
              54.7026569
            ],
            [
              55.7855938,
              54.7025432
            ],
            [
              55.7860616,
              54.7024475
            ],
            [
              55.7864352,
              54.7023077
            ],
            [
              55.7871669,
              54.7020405
            ],
            [
              55.7877836,
              54.7017941
            ],
            [
              55.7879253,
              54.7016665
            ],
            [
              55.7883156,
              54.7011912
            ],
            [
              55.7890462,
              54.6998192
            ],
            [
              55.7885893,
              54.6982534
            ],
            [
              55.7871877,
              54.6971725
            ],
            [
              55.7860765,
              54.6951406
            ],
            [
              55.7839432,
              54.69242
            ],
            [
              55.778613,
              54.6892235
            ],
            [
              55.7790864,
              54.6887287
            ],
            [
              55.7792746,
              54.6884705
            ],
            [
              55.7795157,
              54.6879363
            ],
            [
              55.7796433,
              54.687533
            ],
            [
              55.7796832,
              54.6872571
            ],
            [
              55.7796784,
              54.6869925
            ],
            [
              55.7797788,
              54.686854
            ],
            [
              55.7797872,
              54.6866081
            ],
            [
              55.7798258,
              54.6862545
            ],
            [
              55.7798737,
              54.6860673
            ],
            [
              55.7799844,
              54.6859229
            ],
            [
              55.7803735,
              54.6856298
            ],
            [
              55.7820353,
              54.6848839
            ],
            [
              55.7828906,
              54.6840839
            ],
            [
              55.7834599,
              54.6814367
            ],
            [
              55.7835902,
              54.6811371
            ],
            [
              55.7839613,
              54.6801195
            ],
            [
              55.7842694,
              54.679154
            ],
            [
              55.7845488,
              54.6789946
            ],
            [
              55.785795,
              54.6770427
            ],
            [
              55.7886798,
              54.6779051
            ],
            [
              55.791532,
              54.6787274
            ],
            [
              55.7921207,
              54.6789154
            ],
            [
              55.7926059,
              54.67908
            ],
            [
              55.7930529,
              54.6792524
            ],
            [
              55.7934286,
              54.6793991
            ],
            [
              55.7936608,
              54.6794349
            ],
            [
              55.7939374,
              54.6794369
            ],
            [
              55.7943294,
              54.6794269
            ],
            [
              55.7945996,
              54.6794328
            ],
            [
              55.7950578,
              54.6794463
            ],
            [
              55.7953639,
              54.6795484
            ],
            [
              55.795872,
              54.6796976
            ],
            [
              55.7963102,
              54.6797833
            ],
            [
              55.7969358,
              54.6799028
            ],
            [
              55.7974797,
              54.6799755
            ],
            [
              55.7980973,
              54.6800501
            ],
            [
              55.7986904,
              54.6801345
            ],
            [
              55.7992337,
              54.6801859
            ],
            [
              55.7997191,
              54.6802161
            ],
            [
              55.8000188,
              54.6802277
            ],
            [
              55.800074,
              54.6802329
            ],
            [
              55.8001828,
              54.6802061
            ],
            [
              55.800535,
              54.680122
            ],
            [
              55.803685,
              54.6794014
            ],
            [
              55.8044529,
              54.6792028
            ],
            [
              55.8046508,
              54.6791233
            ],
            [
              55.8050145,
              54.6789756
            ],
            [
              55.8050394,
              54.6789345
            ],
            [
              55.8043248,
              54.6782185
            ],
            [
              55.8048035,
              54.6779113
            ],
            [
              55.8048391,
              54.6778172
            ],
            [
              55.8048807,
              54.6777402
            ],
            [
              55.8049824,
              54.6775989
            ],
            [
              55.8053003,
              54.6773305
            ],
            [
              55.8055801,
              54.6770845
            ],
            [
              55.8058526,
              54.6768374
            ],
            [
              55.8058718,
              54.6768136
            ],
            [
              55.8061702,
              54.6766849
            ],
            [
              55.8064512,
              54.6766093
            ],
            [
              55.8068129,
              54.6765549
            ],
            [
              55.8071947,
              54.6765045
            ],
            [
              55.8078161,
              54.6764271
            ],
            [
              55.8083889,
              54.676377
            ],
            [
              55.8094524,
              54.6762817
            ],
            [
              55.8100597,
              54.6762342
            ],
            [
              55.8106274,
              54.6761946
            ],
            [
              55.8110565,
              54.6761606
            ],
            [
              55.8117606,
              54.6770535
            ],
            [
              55.8119444,
              54.6770077
            ],
            [
              55.8130918,
              54.6766734
            ],
            [
              55.8173637,
              54.6758038
            ],
            [
              55.8182878,
              54.6756357
            ],
            [
              55.818808,
              54.6750131
            ],
            [
              55.8375951,
              54.670843
            ],
            [
              55.8470667,
              54.6685955
            ],
            [
              55.8464846,
              54.6713194
            ],
            [
              55.8463932,
              54.6715697
            ],
            [
              55.8460999,
              54.6728878
            ],
            [
              55.8462502,
              54.673157
            ],
            [
              55.8490571,
              54.6722293
            ],
            [
              55.8500809,
              54.6720111
            ],
            [
              55.8509113,
              54.6718901
            ],
            [
              55.8515106,
              54.6719021
            ],
            [
              55.851825,
              54.6721191
            ],
            [
              55.8521525,
              54.6721029
            ],
            [
              55.8530075,
              54.6718307
            ],
            [
              55.8541426,
              54.6713684
            ],
            [
              55.8558101,
              54.6705299
            ],
            [
              55.85657,
              54.6699583
            ],
            [
              55.8569639,
              54.6697326
            ],
            [
              55.8570893,
              54.6695005
            ],
            [
              55.8570134,
              54.6693346
            ],
            [
              55.857011,
              54.669218
            ],
            [
              55.8571737,
              54.6687313
            ],
            [
              55.8570831,
              54.6682767
            ],
            [
              55.8569834,
              54.6681521
            ],
            [
              55.8565759,
              54.6677078
            ],
            [
              55.8562243,
              54.6674866
            ],
            [
              55.8556567,
              54.6673936
            ],
            [
              55.8547815,
              54.6673473
            ],
            [
              55.8537918,
              54.6673615
            ],
            [
              55.853457,
              54.6673339
            ],
            [
              55.8533125,
              54.6671784
            ],
            [
              55.8533481,
              54.6670292
            ],
            [
              55.8621544,
              54.6651415
            ],
            [
              55.8626792,
              54.6649672
            ],
            [
              55.8629868,
              54.6648955
            ],
            [
              55.8631065,
              54.6649093
            ],
            [
              55.8632936,
              54.6651001
            ],
            [
              55.8646438,
              54.6647878
            ],
            [
              55.8647536,
              54.6645203
            ],
            [
              55.8738899,
              54.6624151
            ],
            [
              55.8749372,
              54.6629176
            ],
            [
              55.8762236,
              54.6627398
            ],
            [
              55.8769013,
              54.6628741
            ],
            [
              55.8776256,
              54.6634051
            ],
            [
              55.8773468,
              54.6640899
            ],
            [
              55.8777516,
              54.6647547
            ],
            [
              55.8800932,
              54.6653498
            ],
            [
              55.8820545,
              54.6659691
            ],
            [
              55.8842944,
              54.6654246
            ],
            [
              55.8864049,
              54.6637969
            ],
            [
              55.8885696,
              54.662448
            ],
            [
              55.8895266,
              54.662423
            ],
            [
              55.8922238,
              54.6630002
            ],
            [
              55.8928982,
              54.6635015
            ],
            [
              55.8926127,
              54.6657183
            ],
            [
              55.8927149,
              54.6664058
            ],
            [
              55.8923263,
              54.6666791
            ],
            [
              55.8908539,
              54.6670071
            ],
            [
              55.8896099,
              54.6663515
            ],
            [
              55.8880855,
              54.6657336
            ],
            [
              55.8876198,
              54.6659745
            ],
            [
              55.8874339,
              54.6663099
            ],
            [
              55.889738,
              54.6696296
            ],
            [
              55.8886693,
              54.6711242
            ],
            [
              55.8888147,
              54.671432
            ],
            [
              55.8892503,
              54.6716357
            ],
            [
              55.8910146,
              54.671356
            ],
            [
              55.8920193,
              54.6714354
            ],
            [
              55.8932914,
              54.6729223
            ],
            [
              55.8955026,
              54.6729887
            ],
            [
              55.8968625,
              54.6732527
            ],
            [
              55.8974978,
              54.6745007
            ],
            [
              55.8974855,
              54.6752225
            ],
            [
              55.8967168,
              54.6757833
            ],
            [
              55.8955288,
              54.6761347
            ],
            [
              55.8954618,
              54.676645
            ],
            [
              55.8957268,
              54.6774205
            ],
            [
              55.8961579,
              54.6780396
            ],
            [
              55.8967251,
              54.6784841
            ],
            [
              55.8982464,
              54.6787765
            ],
            [
              55.899861,
              54.6790094
            ],
            [
              55.9022762,
              54.6793336
            ],
            [
              55.9029797,
              54.6798294
            ],
            [
              55.90254,
              54.6807054
            ],
            [
              55.9017632,
              54.681158
            ],
            [
              55.9013591,
              54.6813428
            ],
            [
              55.9008215,
              54.6813889
            ],
            [
              55.9003478,
              54.6818421
            ],
            [
              55.9006954,
              54.6826551
            ],
            [
              55.9021495,
              54.6828052
            ],
            [
              55.9037586,
              54.6825101
            ],
            [
              55.9038795,
              54.6821967
            ],
            [
              55.9039243,
              54.6817466
            ],
            [
              55.9038446,
              54.6810511
            ],
            [
              55.9043367,
              54.6805917
            ],
            [
              55.9048108,
              54.6802236
            ],
            [
              55.9053748,
              54.6802562
            ],
            [
              55.9074703,
              54.6809749
            ],
            [
              55.9088241,
              54.6816743
            ],
            [
              55.9097523,
              54.6817604
            ],
            [
              55.9105387,
              54.6815184
            ],
            [
              55.9106661,
              54.6812271
            ],
            [
              55.9105481,
              54.6805833
            ],
            [
              55.9108262,
              54.6801782
            ],
            [
              55.9114696,
              54.6799508
            ],
            [
              55.9118987,
              54.6800349
            ],
            [
              55.9121364,
              54.6801615
            ],
            [
              55.9122372,
              54.6806319
            ],
            [
              55.9121257,
              54.6810981
            ],
            [
              55.9113748,
              54.681691
            ],
            [
              55.9110629,
              54.6821832
            ],
            [
              55.9109004,
              54.6825492
            ],
            [
              55.911105,
              54.6835335
            ],
            [
              55.9114411,
              54.6842967
            ],
            [
              55.9124359,
              54.685208
            ],
            [
              55.9131566,
              54.6862339
            ],
            [
              55.9138563,
              54.6865272
            ],
            [
              55.9145597,
              54.686439
            ],
            [
              55.9154365,
              54.6862214
            ],
            [
              55.9165181,
              54.6854421
            ],
            [
              55.9171991,
              54.6854141
            ],
            [
              55.9177594,
              54.6856047
            ],
            [
              55.9190155,
              54.686194
            ],
            [
              55.9195168,
              54.6868761
            ],
            [
              55.9199381,
              54.687712
            ],
            [
              55.9195495,
              54.6882378
            ],
            [
              55.9184541,
              54.6885143
            ],
            [
              55.9167112,
              54.6885638
            ],
            [
              55.914904,
              54.6887827
            ],
            [
              55.9137252,
              54.6892881
            ],
            [
              55.9129115,
              54.689772
            ],
            [
              55.9125418,
              54.6901238
            ],
            [
              55.9125706,
              54.6905936
            ],
            [
              55.912983,
              54.6908549
            ],
            [
              55.9135267,
              54.690954
            ],
            [
              55.9145409,
              54.690693
            ],
            [
              55.9165393,
              54.6900675
            ],
            [
              55.9175602,
              54.6900872
            ],
            [
              55.918581,
              54.6903624
            ],
            [
              55.9201595,
              54.6907364
            ],
            [
              55.9213745,
              54.6916725
            ],
            [
              55.9224872,
              54.6926466
            ],
            [
              55.9226533,
              54.6930985
            ],
            [
              55.9225556,
              54.693559
            ],
            [
              55.9224332,
              54.6939191
            ],
            [
              55.9214435,
              54.6942644
            ],
            [
              55.9205333,
              54.6938987
            ],
            [
              55.9200818,
              54.6936055
            ],
            [
              55.9193624,
              54.6934285
            ],
            [
              55.9186606,
              54.693476
            ],
            [
              55.9174227,
              54.6940112
            ],
            [
              55.916222,
              54.6945077
            ],
            [
              55.9154988,
              54.6950284
            ],
            [
              55.9152405,
              54.695431
            ],
            [
              55.9157807,
              54.6958726
            ],
            [
              55.9172724,
              54.6957931
            ],
            [
              55.9181883,
              54.6960026
            ],
            [
              55.919128,
              54.6957458
            ],
            [
              55.9198532,
              54.6955388
            ],
            [
              55.9204133,
              54.6955158
            ],
            [
              55.9213646,
              54.6957961
            ],
            [
              55.9216803,
              54.6962416
            ],
            [
              55.9221104,
              54.6967944
            ],
            [
              55.9222095,
              54.697014
            ],
            [
              55.9221201,
              54.6974744
            ],
            [
              55.9220757,
              54.6976349
            ],
            [
              55.9218171,
              54.6979371
            ],
            [
              55.9211042,
              54.698171
            ],
            [
              55.920256,
              54.6981807
            ],
            [
              55.919259,
              54.6981037
            ],
            [
              55.9183387,
              54.6980241
            ],
            [
              55.917406,
              54.6981225
            ],
            [
              55.9161272,
              54.6984147
            ],
            [
              55.9151791,
              54.6988829
            ],
            [
              55.9145463,
              54.699363
            ],
            [
              55.9144391,
              54.6999015
            ],
            [
              55.9143561,
              54.7008684
            ],
            [
              55.9146349,
              54.7018266
            ],
            [
              55.9143237,
              54.7024707
            ],
            [
              55.9138331,
              54.7035737
            ],
            [
              55.912171,
              54.7048009
            ],
            [
              55.9116801,
              54.7051883
            ],
            [
              55.9113197,
              54.7057219
            ],
            [
              55.9114307,
              54.706663
            ],
            [
              55.9118968,
              54.7076297
            ],
            [
              55.9127165,
              54.7086998
            ],
            [
              55.9133765,
              54.7100917
            ],
            [
              55.9136994,
              54.7120367
            ],
            [
              55.9136917,
              54.7127287
            ],
            [
              55.9134889,
              54.7131879
            ],
            [
              55.9132368,
              54.7137586
            ],
            [
              55.912503,
              54.7151048
            ],
            [
              55.9112758,
              54.7168257
            ],
            [
              55.9054748,
              54.7187249
            ],
            [
              55.8965484,
              54.722889
            ],
            [
              55.8910552,
              54.7270527
            ],
            [
              55.8879653,
              54.7318106
            ],
            [
              55.8872259,
              54.7356228
            ],
            [
              55.8872787,
              54.7387483
            ],
            [
              55.8889953,
              54.7444957
            ],
            [
              55.8908662,
              54.7471463
            ],
            [
              55.8852254,
              54.7480787
            ],
            [
              55.8796074,
              54.748155
            ],
            [
              55.8728438,
              54.7472267
            ],
            [
              55.8648478,
              54.744206
            ],
            [
              55.8573078,
              54.7403212
            ],
            [
              55.8520554,
              54.7366565
            ]
          ]
        ]
      },
      "id": "relation/5523261"
    },
    {
      "type": "Feature",
      "properties": {
        "@id": "relation/5523346",
        "admin_level": "9",
        "boundary": "administrative",
        "name": "Ленинский район",
        "name:ba": "Ленин районы",
        "name:zh": "列宁区",
        "name:zh-Hans": "列宁区",
        "name:zh-Hant": "列寧區",
        "type": "boundary",
        "wikidata": "Q4258387",
        "wikipedia": "ru:Ленинский район (Уфа)"
      },
      "geometry": {
        "type": "Polygon",
        "coordinates": [
          [
            [
              55.9395125,
              54.7385533
            ],
            [
              55.9392328,
              54.7387531
            ],
            [
              55.9390596,
              54.738928
            ],
            [
              55.9389819,
              54.7391684
            ],
            [
              55.9389119,
              54.7394171
            ],
            [
              55.9387832,
              54.7398063
            ],
            [
              55.9386998,
              54.7399395
            ],
            [
              55.9386549,
              54.7399892
            ],
            [
              55.9385701,
              54.7400526
            ],
            [
              55.9383909,
              54.7401849
            ],
            [
              55.9381509,
              54.7402807
            ],
            [
              55.9379163,
              54.7403555
            ],
            [
              55.9384646,
              54.7403115
            ],
            [
              55.9382591,
              54.740601
            ],
            [
              55.9379901,
              54.7408868
            ],
            [
              55.9368803,
              54.7417739
            ],
            [
              55.9368219,
              54.7418445
            ],
            [
              55.9367963,
              54.7419594
            ],
            [
              55.9366234,
              54.7418513
            ],
            [
              55.9362624,
              54.7419458
            ],
            [
              55.9360924,
              54.7420524
            ],
            [
              55.9353631,
              54.7427202
            ],
            [
              55.9351503,
              54.7429351
            ],
            [
              55.9347396,
              54.7432667
            ],
            [
              55.9346804,
              54.7433192
            ],
            [
              55.9349366,
              54.7434331
            ],
            [
              55.9349885,
              54.7434558
            ],
            [
              55.9347685,
              54.7436246
            ],
            [
              55.9344665,
              54.743762
            ],
            [
              55.9339123,
              54.7441569
            ],
            [
              55.9337224,
              54.7439855
            ],
            [
              55.9331827,
              54.7437703
            ],
            [
              55.9327785,
              54.7435725
            ],
            [
              55.9327016,
              54.7437562
            ],
            [
              55.9324617,
              54.7438817
            ],
            [
              55.9314314,
              54.7440399
            ],
            [
              55.9311016,
              54.7441494
            ],
            [
              55.9317755,
              54.7446227
            ],
            [
              55.9323055,
              54.7448285
            ],
            [
              55.933445,
              54.7450533
            ],
            [
              55.9332418,
              54.7455005
            ],
            [
              55.933417,
              54.7457882
            ],
            [
              55.9332949,
              54.7462882
            ],
            [
              55.9331428,
              54.7463983
            ],
            [
              55.9330237,
              54.7464844
            ],
            [
              55.9329001,
              54.746744
            ],
            [
              55.9328208,
              54.7469585
            ],
            [
              55.9326822,
              54.7469585
            ],
            [
              55.9326113,
              54.7472619
            ],
            [
              55.9327492,
              54.7474664
            ],
            [
              55.9354823,
              54.7515187
            ],
            [
              55.9420392,
              54.7505244
            ],
            [
              55.9466735,
              54.7508368
            ],
            [
              55.9552566,
              54.7538088
            ],
            [
              55.9649456,
              54.7580701
            ],
            [
              55.9679595,
              54.759356
            ],
            [
              55.9755126,
              54.7649025
            ],
            [
              55.9813275,
              54.773666
            ],
            [
              55.9814945,
              54.7756036
            ],
            [
              55.98302,
              54.7767393
            ],
            [
              55.9811194,
              54.7770154
            ],
            [
              55.9791608,
              54.7785411
            ],
            [
              55.9769081,
              54.7782649
            ],
            [
              55.9754062,
              54.7786855
            ],
            [
              55.9712689,
              54.7814598
            ],
            [
              55.9711746,
              54.7819194
            ],
            [
              55.9718625,
              54.7830089
            ],
            [
              55.9726527,
              54.7831709
            ],
            [
              55.973392,
              54.7837157
            ],
            [
              55.9734851,
              54.783975
            ],
            [
              55.9730465,
              54.7854282
            ],
            [
              55.9732463,
              54.7856566
            ],
            [
              55.9736411,
              54.7857151
            ],
            [
              55.974192,
              54.7859195
            ],
            [
              55.9746523,
              54.7862047
            ],
            [
              55.974768,
              54.7863955
            ],
            [
              55.9747981,
              54.7865058
            ],
            [
              55.9745681,
              54.7871135
            ],
            [
              55.9746701,
              54.7875699
            ],
            [
              55.9761227,
              54.7903527
            ],
            [
              55.9769639,
              54.7911478
            ],
            [
              55.9777286,
              54.7924728
            ],
            [
              55.9795998,
              54.7939293
            ],
            [
              55.9784277,
              54.794316
            ],
            [
              55.9755625,
              54.7950114
            ],
            [
              55.9709495,
              54.7957551
            ],
            [
              55.9694844,
              54.7959824
            ],
            [
              55.9678446,
              54.7959057
            ],
            [
              55.9644322,
              54.7955816
            ],
            [
              55.9635692,
              54.795633
            ],
            [
              55.960593,
              54.795911
            ],
            [
              55.9619962,
              54.797903
            ],
            [
              55.963731,
              54.8017438
            ],
            [
              55.9637746,
              54.8024573
            ],
            [
              55.9638496,
              54.804052
            ],
            [
              55.9659689,
              54.8083637
            ],
            [
              55.9662454,
              54.808716
            ],
            [
              55.9666097,
              54.8089865
            ],
            [
              55.9669252,
              54.8091775
            ],
            [
              55.9563729,
              54.8143405
            ],
            [
              55.9539876,
              54.8132782
            ],
            [
              55.9502162,
              54.8144861
            ],
            [
              55.9440136,
              54.8127273
            ],
            [
              55.9396958,
              54.8106358
            ],
            [
              55.9355037,
              54.8091922
            ],
            [
              55.9352772,
              54.8097894
            ],
            [
              55.9346623,
              54.8105615
            ],
            [
              55.934024,
              54.811453
            ],
            [
              55.9333925,
              54.8120614
            ],
            [
              55.9328921,
              54.8125225
            ],
            [
              55.9317274,
              54.8131989
            ],
            [
              55.9304911,
              54.8138788
            ],
            [
              55.9294201,
              54.8144753
            ],
            [
              55.927758,
              54.8151657
            ],
            [
              55.9259196,
              54.816066
            ],
            [
              55.9246129,
              54.8165005
            ],
            [
              55.9232571,
              54.8164508
            ],
            [
              55.9227191,
              54.8164446
            ],
            [
              55.9220497,
              54.8167544
            ],
            [
              55.9211792,
              54.8170324
            ],
            [
              55.9204457,
              54.8171139
            ],
            [
              55.9194914,
              54.8171564
            ],
            [
              55.9169994,
              54.8170926
            ],
            [
              55.9135999,
              54.8168341
            ],
            [
              55.9117344,
              54.8164974
            ],
            [
              55.9093177,
              54.8157324
            ],
            [
              55.9073382,
              54.8148972
            ],
            [
              55.9049863,
              54.8135354
            ],
            [
              55.9038341,
              54.8127612
            ],
            [
              55.9033192,
              54.8122135
            ],
            [
              55.9027183,
              54.8112714
            ],
            [
              55.9024247,
              54.8108189
            ],
            [
              55.9019023,
              54.8099727
            ],
            [
              55.8997518,
              54.8092284
            ],
            [
              55.8987122,
              54.8088631
            ],
            [
              55.8979391,
              54.8083134
            ],
            [
              55.89751,
              54.8078394
            ],
            [
              55.897428,
              54.8077494
            ],
            [
              55.8967785,
              54.807122
            ],
            [
              55.8962037,
              54.8064852
            ],
            [
              55.8957367,
              54.8060637
            ],
            [
              55.8950449,
              54.8050738
            ],
            [
              55.8947209,
              54.8044016
            ],
            [
              55.8944443,
              54.8033931
            ],
            [
              55.8943375,
              54.8028137
            ],
            [
              55.8942487,
              54.8023323
            ],
            [
              55.8942186,
              54.8017076
            ],
            [
              55.8942113,
              54.8004557
            ],
            [
              55.8942635,
              54.7992705
            ],
            [
              55.8943552,
              54.7990313
            ],
            [
              55.8944529,
              54.7987735
            ],
            [
              55.8945939,
              54.7985442
            ],
            [
              55.894471,
              54.7984083
            ],
            [
              55.8946102,
              54.7982558
            ],
            [
              55.8934291,
              54.7975655
            ],
            [
              55.8912387,
              54.7962009
            ],
            [
              55.8912407,
              54.7961113
            ],
            [
              55.8912584,
              54.7959785
            ],
            [
              55.8912386,
              54.7958715
            ],
            [
              55.8909478,
              54.7957529
            ],
            [
              55.8903831,
              54.795688
            ],
            [
              55.8903421,
              54.7956107
            ],
            [
              55.8902302,
              54.7955728
            ],
            [
              55.8900304,
              54.7955394
            ],
            [
              55.8898099,
              54.7955128
            ],
            [
              55.8894672,
              54.7955073
            ],
            [
              55.888902,
              54.7955041
            ],
            [
              55.8884622,
              54.7954401
            ],
            [
              55.8880818,
              54.7954428
            ],
            [
              55.8873218,
              54.7954928
            ],
            [
              55.886786,
              54.7954631
            ],
            [
              55.8861865,
              54.7954785
            ],
            [
              55.8855562,
              54.7955574
            ],
            [
              55.8849692,
              54.7955504
            ],
            [
              55.8842357,
              54.79563
            ],
            [
              55.8833625,
              54.7959082
            ],
            [
              55.8825789,
              54.7961415
            ],
            [
              55.8822377,
              54.7961473
            ],
            [
              55.8820976,
              54.7962061
            ],
            [
              55.881898,
              54.7962313
            ],
            [
              55.8816402,
              54.7962874
            ],
            [
              55.8814175,
              54.796323
            ],
            [
              55.8813604,
              54.7964084
            ],
            [
              55.8813141,
              54.7964496
            ],
            [
              55.881004,
              54.7965367
            ],
            [
              55.8808443,
              54.7962811
            ],
            [
              55.8808577,
              54.7960839
            ],
            [
              55.880455,
              54.7959574
            ],
            [
              55.8792032,
              54.7954731
            ],
            [
              55.8784525,
              54.7952944
            ],
            [
              55.8771891,
              54.7948378
            ],
            [
              55.8751267,
              54.7941313
            ],
            [
              55.874739,
              54.7938891
            ],
            [
              55.8652038,
              54.7986754
            ],
            [
              55.8650618,
              54.7985753
            ],
            [
              55.8447084,
              54.7943621
            ],
            [
              55.8434029,
              54.7938574
            ],
            [
              55.8424764,
              54.7933497
            ],
            [
              55.8420444,
              54.7928774
            ],
            [
              55.841877,
              54.791947
            ],
            [
              55.8424521,
              54.7883869
            ],
            [
              55.8427034,
              54.7880969
            ],
            [
              55.8429712,
              54.7876294
            ],
            [
              55.8431688,
              54.7871847
            ],
            [
              55.8434177,
              54.7868416
            ],
            [
              55.8436117,
              54.7867643
            ],
            [
              55.8443932,
              54.7865132
            ],
            [
              55.8450331,
              54.7862668
            ],
            [
              55.8453923,
              54.7861749
            ],
            [
              55.845583,
              54.7860395
            ],
            [
              55.8458301,
              54.7858292
            ],
            [
              55.8462007,
              54.785659
            ],
            [
              55.8468088,
              54.7854426
            ],
            [
              55.8470704,
              54.7853029
            ],
            [
              55.8473902,
              54.785112
            ],
            [
              55.8476338,
              54.7851054
            ],
            [
              55.8478461,
              54.7850891
            ],
            [
              55.8481506,
              54.7851579
            ],
            [
              55.8484444,
              54.7853421
            ],
            [
              55.8487123,
              54.7855192
            ],
            [
              55.8493254,
              54.7858654
            ],
            [
              55.8498665,
              54.7861672
            ],
            [
              55.8506294,
              54.7865906
            ],
            [
              55.8510399,
              54.786804
            ],
            [
              55.8513198,
              54.78694
            ],
            [
              55.851475,
              54.7869612
            ],
            [
              55.8517858,
              54.7870225
            ],
            [
              55.8519985,
              54.7870286
            ],
            [
              55.8520962,
              54.7870688
            ],
            [
              55.8521494,
              54.7871579
            ],
            [
              55.8523392,
              54.7872944
            ],
            [
              55.8526253,
              54.7874118
            ],
            [
              55.8530155,
              54.7875768
            ],
            [
              55.8531906,
              54.7876315
            ],
            [
              55.8534811,
              54.7876482
            ],
            [
              55.8537085,
              54.7877361
            ],
            [
              55.8538517,
              54.7877984
            ],
            [
              55.854098,
              54.7878639
            ],
            [
              55.8542986,
              54.7878998
            ],
            [
              55.8544865,
              54.7879432
            ],
            [
              55.8546545,
              54.7879644
            ],
            [
              55.8547786,
              54.7880419
            ],
            [
              55.855232,
              54.7881468
            ],
            [
              55.855744,
              54.7882775
            ],
            [
              55.8561122,
              54.7883085
            ],
            [
              55.8563698,
              54.7882956
            ],
            [
              55.8565416,
              54.7881827
            ],
            [
              55.8565908,
              54.7880631
            ],
            [
              55.8566714,
              54.787906
            ],
            [
              55.8567598,
              54.7877949
            ],
            [
              55.8571567,
              54.7876754
            ],
            [
              55.8577546,
              54.7875857
            ],
            [
              55.8579846,
              54.7874836
            ],
            [
              55.8582534,
              54.7873849
            ],
            [
              55.8584582,
              54.7873127
            ],
            [
              55.8586639,
              54.7872852
            ],
            [
              55.8589545,
              54.7873018
            ],
            [
              55.8594007,
              54.7873696
            ],
            [
              55.8599622,
              54.7873994
            ],
            [
              55.8603106,
              54.7874081
            ],
            [
              55.8604143,
              54.7874298
            ],
            [
              55.8605303,
              54.7874327
            ],
            [
              55.8606583,
              54.7873834
            ],
            [
              55.8607813,
              54.7874086
            ],
            [
              55.8608398,
              54.7874343
            ],
            [
              55.8608026,
              54.7875092
            ],
            [
              55.8609448,
              54.7875193
            ],
            [
              55.8613516,
              54.7875501
            ],
            [
              55.8618091,
              54.7875358
            ],
            [
              55.8623381,
              54.7875508
            ],
            [
              55.862764,
              54.7875739
            ],
            [
              55.8630344,
              54.7875535
            ],
            [
              55.8632323,
              54.7874553
            ],
            [
              55.8633723,
              54.7873686
            ],
            [
              55.8633415,
              54.787267
            ],
            [
              55.8601453,
              54.7805682
            ],
            [
              55.8584529,
              54.7801779
            ],
            [
              55.8570219,
              54.7797735
            ],
            [
              55.8560659,
              54.7795205
            ],
            [
              55.8547934,
              54.7792223
            ],
            [
              55.8541144,
              54.779115
            ],
            [
              55.8530144,
              54.7789101
            ],
            [
              55.8520523,
              54.7785142
            ],
            [
              55.8510761,
              54.7777346
            ],
            [
              55.8503652,
              54.7769979
            ],
            [
              55.8501228,
              54.7764927
            ],
            [
              55.8496809,
              54.7756686
            ],
            [
              55.8494345,
              54.775279
            ],
            [
              55.846958,
              54.7729556
            ],
            [
              55.8445929,
              54.771034
            ],
            [
              55.8433838,
              54.7698721
            ],
            [
              55.8421935,
              54.7686765
            ],
            [
              55.8414794,
              54.7680963
            ],
            [
              55.8402486,
              54.7671282
            ],
            [
              55.839768,
              54.7666136
            ],
            [
              55.8392807,
              54.7660914
            ],
            [
              55.8385957,
              54.7653396
            ],
            [
              55.8378275,
              54.7646256
            ],
            [
              55.8373944,
              54.764226
            ],
            [
              55.8371041,
              54.7638851
            ],
            [
              55.835953,
              54.762681
            ],
            [
              55.8351923,
              54.7631335
            ],
            [
              55.8349184,
              54.7632045
            ],
            [
              55.8348136,
              54.7633575
            ],
            [
              55.8346024,
              54.7635734
            ],
            [
              55.8344017,
              54.7637062
            ],
            [
              55.8341312,
              54.7639572
            ],
            [
              55.8339442,
              54.76418
            ],
            [
              55.8338044,
              54.7643816
            ],
            [
              55.8336274,
              54.7645143
            ],
            [
              55.8335348,
              54.7646672
            ],
            [
              55.833489,
              54.7647713
            ],
            [
              55.8334312,
              54.7648825
            ],
            [
              55.833222,
              54.7651953
            ],
            [
              55.833011,
              54.7654321
            ],
            [
              55.8327351,
              54.7653923
            ],
            [
              55.8326017,
              54.7653101
            ],
            [
              55.8324203,
              54.7652144
            ],
            [
              55.8321655,
              54.7650431
            ],
            [
              55.8310421,
              54.7651336
            ],
            [
              55.8302295,
              54.7652081
            ],
            [
              55.8296296,
              54.7651358
            ],
            [
              55.8292574,
              54.765076
            ],
            [
              55.8288121,
              54.7649543
            ],
            [
              55.8284164,
              54.7649222
            ],
            [
              55.8282128,
              54.7649098
            ],
            [
              55.8275656,
              54.7651105
            ],
            [
              55.8273517,
              54.7650485
            ],
            [
              55.8274455,
              54.7648594
            ],
            [
              55.8274771,
              54.7646308
            ],
            [
              55.8274022,
              54.7644791
            ],
            [
              55.827255,
              54.7642931
            ],
            [
              55.8269297,
              54.7641915
            ],
            [
              55.8265815,
              54.7641314
            ],
            [
              55.8261132,
              54.7640583
            ],
            [
              55.8258492,
              54.7640383
            ],
            [
              55.8255257,
              54.7640137
            ],
            [
              55.8250963,
              54.7640858
            ],
            [
              55.8246307,
              54.7641511
            ],
            [
              55.8240826,
              54.7642861
            ],
            [
              55.8233552,
              54.7644293
            ],
            [
              55.822986,
              54.7644328
            ],
            [
              55.8225939,
              54.764627
            ],
            [
              55.822266,
              54.7647994
            ],
            [
              55.8220459,
              54.7648488
            ],
            [
              55.8217876,
              54.7648132
            ],
            [
              55.8213453,
              54.7647895
            ],
            [
              55.8208132,
              54.7648887
            ],
            [
              55.8204833,
              54.7649707
            ],
            [
              55.8201723,
              54.7650686
            ],
            [
              55.8199996,
              54.7651761
            ],
            [
              55.819882,
              54.7652887
            ],
            [
              55.8197648,
              54.7654172
            ],
            [
              55.8195655,
              54.7655835
            ],
            [
              55.8195028,
              54.7656797
            ],
            [
              55.8193756,
              54.7657604
            ],
            [
              55.8191645,
              54.7657936
            ],
            [
              55.8189658,
              54.7659865
            ],
            [
              55.8189441,
              54.7661353
            ],
            [
              55.8186028,
              54.766145
            ],
            [
              55.8181517,
              54.7661479
            ],
            [
              55.8175018,
              54.7661969
            ],
            [
              55.8171423,
              54.76627
            ],
            [
              55.816957,
              54.7663457
            ],
            [
              55.8167147,
              54.7664888
            ],
            [
              55.8160982,
              54.7665934
            ],
            [
              55.8157182,
              54.7665995
            ],
            [
              55.8149249,
              54.7665674
            ],
            [
              55.8142334,
              54.7664675
            ],
            [
              55.813595,
              54.7664456
            ],
            [
              55.8132527,
              54.7663993
            ],
            [
              55.8126714,
              54.7663323
            ],
            [
              55.8123156,
              54.76626
            ],
            [
              55.8116881,
              54.7661411
            ],
            [
              55.8109384,
              54.766023
            ],
            [
              55.8102526,
              54.7658783
            ],
            [
              55.8100071,
              54.7658426
            ],
            [
              55.8098271,
              54.7658698
            ],
            [
              55.8096673,
              54.7659379
            ],
            [
              55.8094856,
              54.7660274
            ],
            [
              55.8080351,
              54.7644479
            ],
            [
              55.8074844,
              54.7638496
            ],
            [
              55.8025446,
              54.7583823
            ],
            [
              55.7946909,
              54.7594257
            ],
            [
              55.7945164,
              54.7585279
            ],
            [
              55.7943779,
              54.7578152
            ],
            [
              55.7942742,
              54.7570967
            ],
            [
              55.7942451,
              54.7569144
            ],
            [
              55.7941536,
              54.7568478
            ],
            [
              55.7940501,
              54.7568261
            ],
            [
              55.7937666,
              54.7568279
            ],
            [
              55.793259,
              54.7568944
            ],
            [
              55.7923319,
              54.75693
            ],
            [
              55.7910436,
              54.7569418
            ],
            [
              55.7906943,
              54.7568695
            ],
            [
              55.7904417,
              54.756748
            ],
            [
              55.7902517,
              54.7564798
            ],
            [
              55.7900756,
              54.7561653
            ],
            [
              55.7899959,
              54.7560317
            ],
            [
              55.789986,
              54.7558529
            ],
            [
              55.7901235,
              54.7556211
            ],
            [
              55.7903965,
              54.7554107
            ],
            [
              55.7912951,
              54.7550714
            ],
            [
              55.7925915,
              54.7544419
            ],
            [
              55.7930076,
              54.7540958
            ],
            [
              55.793534,
              54.7536995
            ],
            [
              55.7936096,
              54.7536059
            ],
            [
              55.7937694,
              54.753195
            ],
            [
              55.794149,
              54.7521344
            ],
            [
              55.7942486,
              54.7519207
            ],
            [
              55.794329,
              54.7518876
            ],
            [
              55.7947856,
              54.7517827
            ],
            [
              55.7951375,
              54.7517018
            ],
            [
              55.7962657,
              54.7517533
            ],
            [
              55.7969579,
              54.7516254
            ],
            [
              55.7975207,
              54.7515424
            ],
            [
              55.7973867,
              54.7512645
            ],
            [
              55.7969509,
              54.750041
            ],
            [
              55.7966069,
              54.74863
            ],
            [
              55.7960418,
              54.7460365
            ],
            [
              55.7958425,
              54.7451223
            ],
            [
              55.7957948,
              54.744614
            ],
            [
              55.7958103,
              54.7443277
            ],
            [
              55.7958617,
              54.7440761
            ],
            [
              55.7960752,
              54.7435798
            ],
            [
              55.7963599,
              54.7431961
            ],
            [
              55.7967364,
              54.7427528
            ],
            [
              55.7969903,
              54.7424697
            ],
            [
              55.7975006,
              54.7419869
            ],
            [
              55.7982194,
              54.7413985
            ],
            [
              55.7998334,
              54.7400667
            ],
            [
              55.8003647,
              54.739621
            ],
            [
              55.801034,
              54.7390413
            ],
            [
              55.8012603,
              54.7388325
            ],
            [
              55.8017997,
              54.738154
            ],
            [
              55.8020581,
              54.737747
            ],
            [
              55.8052683,
              54.7381871
            ],
            [
              55.8078432,
              54.7384225
            ],
            [
              55.8102679,
              54.7383482
            ],
            [
              55.8126926,
              54.7379022
            ],
            [
              55.8150959,
              54.7378527
            ],
            [
              55.8169412,
              54.7379022
            ],
            [
              55.8185076,
              54.7380013
            ],
            [
              55.8197737,
              54.7377412
            ],
            [
              55.8208251,
              54.7376668
            ],
            [
              55.8218765,
              54.7377535
            ],
            [
              55.8227348,
              54.7381004
            ],
            [
              55.8234644,
              54.7382119
            ],
            [
              55.8242368,
              54.7383482
            ],
            [
              55.8276057,
              54.7398471
            ],
            [
              55.8308392,
              54.7406591
            ],
            [
              55.8312154,
              54.7403011
            ],
            [
              55.8344443,
              54.7386458
            ],
            [
              55.8370707,
              54.7377533
            ],
            [
              55.8390523,
              54.7375662
            ],
            [
              55.8408363,
              54.7371273
            ],
            [
              55.8432137,
              54.7372989
            ],
            [
              55.84912,
              54.7372774
            ],
            [
              55.8508659,
              54.7370629
            ],
            [
              55.8520554,
              54.7366565
            ],
            [
              55.8573078,
              54.7403212
            ],
            [
              55.8648478,
              54.744206
            ],
            [
              55.8728438,
              54.7472267
            ],
            [
              55.8796074,
              54.748155
            ],
            [
              55.8852254,
              54.7480787
            ],
            [
              55.8908662,
              54.7471463
            ],
            [
              55.8889953,
              54.7444957
            ],
            [
              55.8872787,
              54.7387483
            ],
            [
              55.8872259,
              54.7356228
            ],
            [
              55.8879653,
              54.7318106
            ],
            [
              55.8910552,
              54.7270527
            ],
            [
              55.8965484,
              54.722889
            ],
            [
              55.9054748,
              54.7187249
            ],
            [
              55.9112758,
              54.7168257
            ],
            [
              55.9144012,
              54.7157503
            ],
            [
              55.9189491,
              54.7149734
            ],
            [
              55.9232205,
              54.7143846
            ],
            [
              55.9256899,
              54.7207886
            ],
            [
              55.9261925,
              54.7217432
            ],
            [
              55.9262089,
              54.721877
            ],
            [
              55.9264246,
              54.7223332
            ],
            [
              55.9266531,
              54.7227348
            ],
            [
              55.9269016,
              54.7231916
            ],
            [
              55.9275822,
              54.724616
            ],
            [
              55.9276748,
              54.7248035
            ],
            [
              55.9277174,
              54.7248924
            ],
            [
              55.927773,
              54.7250071
            ],
            [
              55.927901,
              54.7252736
            ],
            [
              55.9279221,
              54.7253163
            ],
            [
              55.9283082,
              54.7261011
            ],
            [
              55.928401,
              54.7263009
            ],
            [
              55.9287725,
              54.7270945
            ],
            [
              55.928817,
              54.7271496
            ],
            [
              55.9288363,
              54.7271834
            ],
            [
              55.9288456,
              54.7272007
            ],
            [
              55.9288571,
              54.7272265
            ],
            [
              55.9289021,
              54.7273177
            ],
            [
              55.9292454,
              54.7280884
            ],
            [
              55.9296498,
              54.7289922
            ],
            [
              55.9296947,
              54.7290974
            ],
            [
              55.9298932,
              54.729063
            ],
            [
              55.9302438,
              54.7290022
            ],
            [
              55.9305805,
              54.7289439
            ],
            [
              55.9314649,
              54.7287907
            ],
            [
              55.9316698,
              54.7287552
            ],
            [
              55.9325867,
              54.7285964
            ],
            [
              55.9327594,
              54.7285665
            ],
            [
              55.9353509,
              54.7281175
            ],
            [
              55.9354984,
              54.7280919
            ],
            [
              55.9355535,
              54.7280824
            ],
            [
              55.9355878,
              54.7280764
            ],
            [
              55.935693,
              54.7280582
            ],
            [
              55.9357639,
              54.7280459
            ],
            [
              55.9374027,
              54.727762
            ],
            [
              55.9383432,
              54.7275993
            ],
            [
              55.9385639,
              54.7275609
            ],
            [
              55.9386706,
              54.7275424
            ],
            [
              55.9398587,
              54.7273365
            ],
            [
              55.9400617,
              54.7273014
            ],
            [
              55.9401367,
              54.7272884
            ],
            [
              55.9406929,
              54.7271906
            ],
            [
              55.9412188,
              54.7271009
            ],
            [
              55.941464,
              54.7270584
            ],
            [
              55.9416947,
              54.7270198
            ],
            [
              55.9430264,
              54.7268078
            ],
            [
              55.9443132,
              54.7266015
            ],
            [
              55.9444974,
              54.7265719
            ],
            [
              55.9446249,
              54.7265515
            ],
            [
              55.945184,
              54.7264618
            ],
            [
              55.9453504,
              54.7264351
            ],
            [
              55.9456208,
              54.7263917
            ],
            [
              55.9459398,
              54.7263406
            ],
            [
              55.9472251,
              54.7261344
            ],
            [
              55.9474304,
              54.7261015
            ],
            [
              55.9474745,
              54.7261956
            ],
            [
              55.9477333,
              54.7267474
            ],
            [
              55.9485377,
              54.7284623
            ],
            [
              55.9485787,
              54.7285496
            ],
            [
              55.948633,
              54.7286453
            ],
            [
              55.9490026,
              54.7293807
            ],
            [
              55.9496701,
              54.7307523
            ],
            [
              55.949737,
              54.7309234
            ],
            [
              55.9497969,
              54.7310673
            ],
            [
              55.9498653,
              54.7312055
            ],
            [
              55.9503212,
              54.7321762
            ],
            [
              55.9506543,
              54.7328589
            ],
            [
              55.9509153,
              54.7333549
            ],
            [
              55.9509697,
              54.7334556
            ],
            [
              55.9511299,
              54.7334305
            ],
            [
              55.9526132,
              54.7331927
            ],
            [
              55.9538856,
              54.7329888
            ],
            [
              55.9540359,
              54.7329647
            ],
            [
              55.9541054,
              54.7329536
            ],
            [
              55.9549068,
              54.7328252
            ],
            [
              55.9550973,
              54.7327946
            ],
            [
              55.9557623,
              54.7326881
            ],
            [
              55.9566378,
              54.7325478
            ],
            [
              55.956886,
              54.732508
            ],
            [
              55.9569316,
              54.7326012
            ],
            [
              55.9570674,
              54.7329034
            ],
            [
              55.9572886,
              54.7333974
            ],
            [
              55.957846,
              54.7345577
            ],
            [
              55.9579542,
              54.7347829
            ],
            [
              55.9579754,
              54.7348244
            ],
            [
              55.957988,
              54.7348492
            ],
            [
              55.9580196,
              54.7349109
            ],
            [
              55.9576939,
              54.7349578
            ],
            [
              55.9574129,
              54.7350035
            ],
            [
              55.9561142,
              54.7352043
            ],
            [
              55.9552132,
              54.7353479
            ],
            [
              55.9543073,
              54.7354902
            ],
            [
              55.9532531,
              54.7356613
            ],
            [
              55.9525326,
              54.735777
            ],
            [
              55.9521876,
              54.7358324
            ],
            [
              55.9518432,
              54.7358867
            ],
            [
              55.9492772,
              54.7362916
            ],
            [
              55.9490981,
              54.7363196
            ],
            [
              55.9489332,
              54.7363458
            ],
            [
              55.9479827,
              54.7364958
            ],
            [
              55.9466295,
              54.7367093
            ],
            [
              55.9463605,
              54.7367517
            ],
            [
              55.9462207,
              54.736797
            ],
            [
              55.9461447,
              54.7368421
            ],
            [
              55.945953,
              54.7368726
            ],
            [
              55.9452485,
              54.7369847
            ],
            [
              55.9431118,
              54.7373247
            ],
            [
              55.9410324,
              54.7376556
            ],
            [
              55.940932,
              54.7376716
            ],
            [
              55.9405829,
              54.7377252
            ],
            [
              55.9401383,
              54.7380841
            ],
            [
              55.9401015,
              54.7381207
            ],
            [
              55.9400643,
              54.7381496
            ],
            [
              55.9397954,
              54.7383585
            ],
            [
              55.9395125,
              54.7385533
            ]
          ]
        ]
      },
      "id": "relation/5523346"
    },
    {
      "type": "Feature",
      "properties": {
        "@id": "relation/5523570",
        "admin_level": "9",
        "boundary": "administrative",
        "name": "Кировский район",
        "name:ba": "Киров районы",
        "type": "boundary",
        "wikidata": "Q4221686",
        "wikipedia": "ru:Кировский район (Уфа)"
      },
      "geometry": {
        "type": "Polygon",
        "coordinates": [
          [
            [
              55.9951392,
              54.7150324
            ],
            [
              55.9948436,
              54.7153603
            ],
            [
              55.994676,
              54.715546
            ],
            [
              55.9945151,
              54.7157245
            ],
            [
              55.9942342,
              54.7159589
            ],
            [
              55.9938659,
              54.7162662
            ],
            [
              55.9934613,
              54.7166038
            ],
            [
              55.9933149,
              54.716726
            ],
            [
              55.9932252,
              54.7167926
            ],
            [
              55.9926307,
              54.7172345
            ],
            [
              55.9919463,
              54.7177431
            ],
            [
              55.991808,
              54.7178459
            ],
            [
              55.9912129,
              54.7183014
            ],
            [
              55.9911216,
              54.7183622
            ],
            [
              55.9908297,
              54.7185234
            ],
            [
              55.9904409,
              54.718705
            ],
            [
              55.9901722,
              54.7188124
            ],
            [
              55.9898996,
              54.7188887
            ],
            [
              55.9896716,
              54.7189526
            ],
            [
              55.9888832,
              54.7191408
            ],
            [
              55.9886054,
              54.7191888
            ],
            [
              55.9880902,
              54.7192643
            ],
            [
              55.9876357,
              54.7193017
            ],
            [
              55.9871748,
              54.719313
            ],
            [
              55.9867752,
              54.7193098
            ],
            [
              55.9863395,
              54.7192874
            ],
            [
              55.9855672,
              54.719229
            ],
            [
              55.9854606,
              54.7192209
            ],
            [
              55.9853409,
              54.7192074
            ],
            [
              55.9840149,
              54.7190307
            ],
            [
              55.9815699,
              54.7187553
            ],
            [
              55.9813877,
              54.7187336
            ],
            [
              55.9807141,
              54.7186716
            ],
            [
              55.9806062,
              54.7186609
            ],
            [
              55.9800524,
              54.7186437
            ],
            [
              55.9798559,
              54.7186433
            ],
            [
              55.9796335,
              54.7186428
            ],
            [
              55.9793133,
              54.7186521
            ],
            [
              55.9790656,
              54.7186851
            ],
            [
              55.9788149,
              54.7187593
            ],
            [
              55.9787468,
              54.7188437
            ],
            [
              55.9791087,
              54.7189625
            ],
            [
              55.9796798,
              54.7191145
            ],
            [
              55.9799406,
              54.7192887
            ],
            [
              55.9801178,
              54.7196832
            ],
            [
              55.980599,
              54.7201865
            ],
            [
              55.980874,
              54.7204757
            ],
            [
              55.9813975,
              54.7207846
            ],
            [
              55.9815896,
              54.7208906
            ],
            [
              55.9821252,
              54.7211636
            ],
            [
              55.9829816,
              54.7216451
            ],
            [
              55.9841737,
              54.7219867
            ],
            [
              55.9847711,
              54.722094
            ],
            [
              55.9851614,
              54.7222826
            ],
            [
              55.985606,
              54.722409
            ],
            [
              55.9859367,
              54.7225902
            ],
            [
              55.9863026,
              54.7225504
            ],
            [
              55.9866723,
              54.7227294
            ],
            [
              55.986696,
              54.7229815
            ],
            [
              55.9868415,
              54.7230945
            ],
            [
              55.9869916,
              54.7233202
            ],
            [
              55.9872356,
              54.7233501
            ],
            [
              55.9876015,
              54.7233223
            ],
            [
              55.9877758,
              54.7234663
            ],
            [
              55.9880041,
              54.7235822
            ],
            [
              55.9882136,
              54.723704
            ],
            [
              55.9883726,
              54.7239161
            ],
            [
              55.9884771,
              54.7240505
            ],
            [
              55.9886004,
              54.724171
            ],
            [
              55.9888197,
              54.724225
            ],
            [
              55.9888968,
              54.7242494
            ],
            [
              55.9890226,
              54.724312
            ],
            [
              55.9897409,
              54.724665
            ],
            [
              55.9894144,
              54.7247222
            ],
            [
              55.9890347,
              54.7247757
            ],
            [
              55.9889039,
              54.7247955
            ],
            [
              55.9886712,
              54.7248334
            ],
            [
              55.987212,
              54.7250812
            ],
            [
              55.9870796,
              54.7251023
            ],
            [
              55.9863557,
              54.7252143
            ],
            [
              55.986012,
              54.7252671
            ],
            [
              55.9841953,
              54.7255591
            ],
            [
              55.9835812,
              54.7256592
            ],
            [
              55.9835676,
              54.7256614
            ],
            [
              55.9826914,
              54.7258042
            ],
            [
              55.9822791,
              54.7258715
            ],
            [
              55.9819498,
              54.7259252
            ],
            [
              55.9817763,
              54.7259542
            ],
            [
              55.9804638,
              54.726163
            ],
            [
              55.9797029,
              54.726284
            ],
            [
              55.9790858,
              54.7263822
            ],
            [
              55.9789548,
              54.726403
            ],
            [
              55.977931,
              54.7265659
            ],
            [
              55.9772831,
              54.7266689
            ],
            [
              55.9769268,
              54.7267246
            ],
            [
              55.9766345,
              54.7267721
            ],
            [
              55.9766862,
              54.7268831
            ],
            [
              55.9768783,
              54.7273365
            ],
            [
              55.9770329,
              54.7276237
            ],
            [
              55.9773693,
              54.728343
            ],
            [
              55.9773901,
              54.7283866
            ],
            [
              55.977728,
              54.7291449
            ],
            [
              55.9777919,
              54.7292781
            ],
            [
              55.9774228,
              54.7293363
            ],
            [
              55.9770336,
              54.7293976
            ],
            [
              55.9767327,
              54.7294451
            ],
            [
              55.9754484,
              54.7296475
            ],
            [
              55.9748748,
              54.7297379
            ],
            [
              55.9734652,
              54.7299601
            ],
            [
              55.9719978,
              54.7301914
            ],
            [
              55.9719045,
              54.7302061
            ],
            [
              55.9718126,
              54.7302201
            ],
            [
              55.9710381,
              54.7303377
            ],
            [
              55.9689619,
              54.7306531
            ],
            [
              55.9689405,
              54.7306563
            ],
            [
              55.9688717,
              54.7306664
            ],
            [
              55.9689113,
              54.7307507
            ],
            [
              55.9694806,
              54.7319639
            ],
            [
              55.9695276,
              54.7320602
            ],
            [
              55.9666394,
              54.7325424
            ],
            [
              55.9665941,
              54.7324358
            ],
            [
              55.9665779,
              54.7323971
            ],
            [
              55.9664258,
              54.7320349
            ],
            [
              55.9662094,
              54.7315386
            ],
            [
              55.9660559,
              54.7311755
            ],
            [
              55.9660192,
              54.7310878
            ],
            [
              55.9658775,
              54.7311104
            ],
            [
              55.9650305,
              54.7312456
            ],
            [
              55.9645421,
              54.7313235
            ],
            [
              55.9640895,
              54.7313958
            ],
            [
              55.9630986,
              54.7315539
            ],
            [
              55.962912,
              54.7315826
            ],
            [
              55.962439,
              54.7316552
            ],
            [
              55.9622151,
              54.7316896
            ],
            [
              55.9615449,
              54.7317925
            ],
            [
              55.9611224,
              54.7318574
            ],
            [
              55.9602247,
              54.7319953
            ],
            [
              55.9593992,
              54.732122
            ],
            [
              55.9593127,
              54.7321353
            ],
            [
              55.9579197,
              54.7323493
            ],
            [
              55.95715,
              54.7324675
            ],
            [
              55.956886,
              54.732508
            ],
            [
              55.9566378,
              54.7325478
            ],
            [
              55.9557623,
              54.7326881
            ],
            [
              55.9550973,
              54.7327946
            ],
            [
              55.9549068,
              54.7328252
            ],
            [
              55.9541054,
              54.7329536
            ],
            [
              55.9540359,
              54.7329647
            ],
            [
              55.9538856,
              54.7329888
            ],
            [
              55.9526132,
              54.7331927
            ],
            [
              55.9511299,
              54.7334305
            ],
            [
              55.9509697,
              54.7334556
            ],
            [
              55.9509153,
              54.7333549
            ],
            [
              55.9506543,
              54.7328589
            ],
            [
              55.9503212,
              54.7321762
            ],
            [
              55.9498653,
              54.7312055
            ],
            [
              55.9497969,
              54.7310673
            ],
            [
              55.949737,
              54.7309234
            ],
            [
              55.9496701,
              54.7307523
            ],
            [
              55.9490026,
              54.7293807
            ],
            [
              55.948633,
              54.7286453
            ],
            [
              55.9485787,
              54.7285496
            ],
            [
              55.9485377,
              54.7284623
            ],
            [
              55.9477333,
              54.7267474
            ],
            [
              55.9474745,
              54.7261956
            ],
            [
              55.9474304,
              54.7261015
            ],
            [
              55.9472251,
              54.7261344
            ],
            [
              55.9459398,
              54.7263406
            ],
            [
              55.9456208,
              54.7263917
            ],
            [
              55.9453504,
              54.7264351
            ],
            [
              55.945184,
              54.7264618
            ],
            [
              55.9446249,
              54.7265515
            ],
            [
              55.9444974,
              54.7265719
            ],
            [
              55.9443132,
              54.7266015
            ],
            [
              55.9430264,
              54.7268078
            ],
            [
              55.9416947,
              54.7270198
            ],
            [
              55.941464,
              54.7270584
            ],
            [
              55.9412188,
              54.7271009
            ],
            [
              55.9406929,
              54.7271906
            ],
            [
              55.9401367,
              54.7272884
            ],
            [
              55.9400617,
              54.7273014
            ],
            [
              55.9398587,
              54.7273365
            ],
            [
              55.9386706,
              54.7275424
            ],
            [
              55.9385639,
              54.7275609
            ],
            [
              55.9383432,
              54.7275993
            ],
            [
              55.9374027,
              54.727762
            ],
            [
              55.9357639,
              54.7280459
            ],
            [
              55.935693,
              54.7280582
            ],
            [
              55.9355878,
              54.7280764
            ],
            [
              55.9355535,
              54.7280824
            ],
            [
              55.9354984,
              54.7280919
            ],
            [
              55.9353509,
              54.7281175
            ],
            [
              55.9327594,
              54.7285665
            ],
            [
              55.9325867,
              54.7285964
            ],
            [
              55.9316698,
              54.7287552
            ],
            [
              55.9314649,
              54.7287907
            ],
            [
              55.9305805,
              54.7289439
            ],
            [
              55.9302438,
              54.7290022
            ],
            [
              55.9298932,
              54.729063
            ],
            [
              55.9296947,
              54.7290974
            ],
            [
              55.9296498,
              54.7289922
            ],
            [
              55.9292454,
              54.7280884
            ],
            [
              55.9289021,
              54.7273177
            ],
            [
              55.9288571,
              54.7272265
            ],
            [
              55.9288456,
              54.7272007
            ],
            [
              55.9288363,
              54.7271834
            ],
            [
              55.928817,
              54.7271496
            ],
            [
              55.9287725,
              54.7270945
            ],
            [
              55.928401,
              54.7263009
            ],
            [
              55.9283082,
              54.7261011
            ],
            [
              55.9279221,
              54.7253163
            ],
            [
              55.927901,
              54.7252736
            ],
            [
              55.927773,
              54.7250071
            ],
            [
              55.9277174,
              54.7248924
            ],
            [
              55.9276748,
              54.7248035
            ],
            [
              55.9275822,
              54.724616
            ],
            [
              55.9269016,
              54.7231916
            ],
            [
              55.9266531,
              54.7227348
            ],
            [
              55.9264246,
              54.7223332
            ],
            [
              55.9262089,
              54.721877
            ],
            [
              55.9261925,
              54.7217432
            ],
            [
              55.9256899,
              54.7207886
            ],
            [
              55.9232205,
              54.7143846
            ],
            [
              55.9189491,
              54.7149734
            ],
            [
              55.9144012,
              54.7157503
            ],
            [
              55.9112758,
              54.7168257
            ],
            [
              55.912503,
              54.7151048
            ],
            [
              55.9132368,
              54.7137586
            ],
            [
              55.9134889,
              54.7131879
            ],
            [
              55.9136917,
              54.7127287
            ],
            [
              55.9136994,
              54.7120367
            ],
            [
              55.9133765,
              54.7100917
            ],
            [
              55.9127165,
              54.7086998
            ],
            [
              55.9118968,
              54.7076297
            ],
            [
              55.9114307,
              54.706663
            ],
            [
              55.9113197,
              54.7057219
            ],
            [
              55.9116801,
              54.7051883
            ],
            [
              55.912171,
              54.7048009
            ],
            [
              55.9138331,
              54.7035737
            ],
            [
              55.9143237,
              54.7024707
            ],
            [
              55.9146349,
              54.7018266
            ],
            [
              55.9143561,
              54.7008684
            ],
            [
              55.9144391,
              54.6999015
            ],
            [
              55.9145463,
              54.699363
            ],
            [
              55.9151791,
              54.6988829
            ],
            [
              55.9161272,
              54.6984147
            ],
            [
              55.917406,
              54.6981225
            ],
            [
              55.9183387,
              54.6980241
            ],
            [
              55.919259,
              54.6981037
            ],
            [
              55.920256,
              54.6981807
            ],
            [
              55.9211042,
              54.698171
            ],
            [
              55.9218171,
              54.6979371
            ],
            [
              55.9220757,
              54.6976349
            ],
            [
              55.9221201,
              54.6974744
            ],
            [
              55.9222095,
              54.697014
            ],
            [
              55.9221104,
              54.6967944
            ],
            [
              55.9216803,
              54.6962416
            ],
            [
              55.9213646,
              54.6957961
            ],
            [
              55.9204133,
              54.6955158
            ],
            [
              55.9198532,
              54.6955388
            ],
            [
              55.919128,
              54.6957458
            ],
            [
              55.9181883,
              54.6960026
            ],
            [
              55.9172724,
              54.6957931
            ],
            [
              55.9157807,
              54.6958726
            ],
            [
              55.9152405,
              54.695431
            ],
            [
              55.9154988,
              54.6950284
            ],
            [
              55.916222,
              54.6945077
            ],
            [
              55.9174227,
              54.6940112
            ],
            [
              55.9186606,
              54.693476
            ],
            [
              55.9193624,
              54.6934285
            ],
            [
              55.9200818,
              54.6936055
            ],
            [
              55.9205333,
              54.6938987
            ],
            [
              55.9214435,
              54.6942644
            ],
            [
              55.9224332,
              54.6939191
            ],
            [
              55.9225556,
              54.693559
            ],
            [
              55.9226533,
              54.6930985
            ],
            [
              55.9224872,
              54.6926466
            ],
            [
              55.9213745,
              54.6916725
            ],
            [
              55.9201595,
              54.6907364
            ],
            [
              55.918581,
              54.6903624
            ],
            [
              55.9175602,
              54.6900872
            ],
            [
              55.9165393,
              54.6900675
            ],
            [
              55.9145409,
              54.690693
            ],
            [
              55.9135267,
              54.690954
            ],
            [
              55.912983,
              54.6908549
            ],
            [
              55.9125706,
              54.6905936
            ],
            [
              55.9125418,
              54.6901238
            ],
            [
              55.9129115,
              54.689772
            ],
            [
              55.9137252,
              54.6892881
            ],
            [
              55.914904,
              54.6887827
            ],
            [
              55.9167112,
              54.6885638
            ],
            [
              55.9184541,
              54.6885143
            ],
            [
              55.9195495,
              54.6882378
            ],
            [
              55.9199381,
              54.687712
            ],
            [
              55.9195168,
              54.6868761
            ],
            [
              55.9190155,
              54.686194
            ],
            [
              55.9177594,
              54.6856047
            ],
            [
              55.9171991,
              54.6854141
            ],
            [
              55.9165181,
              54.6854421
            ],
            [
              55.9154365,
              54.6862214
            ],
            [
              55.9145597,
              54.686439
            ],
            [
              55.9138563,
              54.6865272
            ],
            [
              55.9131566,
              54.6862339
            ],
            [
              55.9124359,
              54.685208
            ],
            [
              55.9114411,
              54.6842967
            ],
            [
              55.911105,
              54.6835335
            ],
            [
              55.9109004,
              54.6825492
            ],
            [
              55.9110629,
              54.6821832
            ],
            [
              55.9113748,
              54.681691
            ],
            [
              55.9121257,
              54.6810981
            ],
            [
              55.9122372,
              54.6806319
            ],
            [
              55.9121364,
              54.6801615
            ],
            [
              55.9118987,
              54.6800349
            ],
            [
              55.9114696,
              54.6799508
            ],
            [
              55.9108262,
              54.6801782
            ],
            [
              55.9105481,
              54.6805833
            ],
            [
              55.9106661,
              54.6812271
            ],
            [
              55.9105387,
              54.6815184
            ],
            [
              55.9097523,
              54.6817604
            ],
            [
              55.9088241,
              54.6816743
            ],
            [
              55.9074703,
              54.6809749
            ],
            [
              55.9053748,
              54.6802562
            ],
            [
              55.9048108,
              54.6802236
            ],
            [
              55.9043367,
              54.6805917
            ],
            [
              55.9038446,
              54.6810511
            ],
            [
              55.9039243,
              54.6817466
            ],
            [
              55.9038795,
              54.6821967
            ],
            [
              55.9037586,
              54.6825101
            ],
            [
              55.9021495,
              54.6828052
            ],
            [
              55.9006954,
              54.6826551
            ],
            [
              55.9003478,
              54.6818421
            ],
            [
              55.9008215,
              54.6813889
            ],
            [
              55.9013591,
              54.6813428
            ],
            [
              55.9017632,
              54.681158
            ],
            [
              55.90254,
              54.6807054
            ],
            [
              55.9029797,
              54.6798294
            ],
            [
              55.9022762,
              54.6793336
            ],
            [
              55.899861,
              54.6790094
            ],
            [
              55.8982464,
              54.6787765
            ],
            [
              55.8967251,
              54.6784841
            ],
            [
              55.8961579,
              54.6780396
            ],
            [
              55.8957268,
              54.6774205
            ],
            [
              55.8954618,
              54.676645
            ],
            [
              55.8955288,
              54.6761347
            ],
            [
              55.8967168,
              54.6757833
            ],
            [
              55.8974855,
              54.6752225
            ],
            [
              55.8974978,
              54.6745007
            ],
            [
              55.8968625,
              54.6732527
            ],
            [
              55.8955026,
              54.6729887
            ],
            [
              55.8932914,
              54.6729223
            ],
            [
              55.8920193,
              54.6714354
            ],
            [
              55.8910146,
              54.671356
            ],
            [
              55.8892503,
              54.6716357
            ],
            [
              55.8888147,
              54.671432
            ],
            [
              55.8886693,
              54.6711242
            ],
            [
              55.889738,
              54.6696296
            ],
            [
              55.8874339,
              54.6663099
            ],
            [
              55.8876198,
              54.6659745
            ],
            [
              55.8880855,
              54.6657336
            ],
            [
              55.8896099,
              54.6663515
            ],
            [
              55.8908539,
              54.6670071
            ],
            [
              55.8923263,
              54.6666791
            ],
            [
              55.8927149,
              54.6664058
            ],
            [
              55.8926127,
              54.6657183
            ],
            [
              55.8928982,
              54.6635015
            ],
            [
              55.8922238,
              54.6630002
            ],
            [
              55.8895266,
              54.662423
            ],
            [
              55.8885696,
              54.662448
            ],
            [
              55.8864049,
              54.6637969
            ],
            [
              55.8842944,
              54.6654246
            ],
            [
              55.8820545,
              54.6659691
            ],
            [
              55.8800932,
              54.6653498
            ],
            [
              55.8777516,
              54.6647547
            ],
            [
              55.8773468,
              54.6640899
            ],
            [
              55.8776256,
              54.6634051
            ],
            [
              55.8769013,
              54.6628741
            ],
            [
              55.8762236,
              54.6627398
            ],
            [
              55.8749372,
              54.6629176
            ],
            [
              55.8738899,
              54.6624151
            ],
            [
              55.8843098,
              54.6599767
            ],
            [
              55.8894883,
              54.6585867
            ],
            [
              55.8898782,
              54.658892
            ],
            [
              55.8901207,
              54.6587556
            ],
            [
              55.8899534,
              54.658412
            ],
            [
              55.891022,
              54.6581115
            ],
            [
              55.8963311,
              54.6556912
            ],
            [
              55.9048621,
              54.6519174
            ],
            [
              55.906499,
              54.651151
            ],
            [
              55.9102377,
              54.64963
            ],
            [
              55.9122099,
              54.6488845
            ],
            [
              55.9145663,
              54.6481345
            ],
            [
              55.9191145,
              54.6470215
            ],
            [
              55.92384,
              54.6460739
            ],
            [
              55.9275617,
              54.6455634
            ],
            [
              55.9273545,
              54.6451234
            ],
            [
              55.927297,
              54.6449989
            ],
            [
              55.9275863,
              54.644939
            ],
            [
              55.9279238,
              54.6448343
            ],
            [
              55.9282085,
              54.6447758
            ],
            [
              55.928309,
              54.6447095
            ],
            [
              55.9284043,
              54.6446427
            ],
            [
              55.9284408,
              54.6446161
            ],
            [
              55.9287168,
              54.6444335
            ],
            [
              55.9292679,
              54.6439932
            ],
            [
              55.929603,
              54.6437361
            ],
            [
              55.9300451,
              54.6433833
            ],
            [
              55.9303247,
              54.6431597
            ],
            [
              55.9304998,
              54.6429916
            ],
            [
              55.9308094,
              54.6423018
            ],
            [
              55.9308098,
              54.641935
            ],
            [
              55.9303129,
              54.6396885
            ],
            [
              55.929925,
              54.6386003
            ],
            [
              55.9300084,
              54.6385895
            ],
            [
              55.9298404,
              54.6381295
            ],
            [
              55.9297309,
              54.6381407
            ],
            [
              55.9296668,
              54.6381454
            ],
            [
              55.9296485,
              54.6380152
            ],
            [
              55.9296939,
              54.6380099
            ],
            [
              55.9295495,
              54.6375922
            ],
            [
              55.9293625,
              54.6369855
            ],
            [
              55.9293826,
              54.6367842
            ],
            [
              55.9293435,
              54.6365812
            ],
            [
              55.929245,
              54.6362931
            ],
            [
              55.9289106,
              54.6353273
            ],
            [
              55.9287778,
              54.6350411
            ],
            [
              55.9286678,
              54.6349168
            ],
            [
              55.9285278,
              54.6348122
            ],
            [
              55.9283392,
              54.6346961
            ],
            [
              55.9278119,
              54.6344553
            ],
            [
              55.9270343,
              54.6341276
            ],
            [
              55.9259621,
              54.633711
            ],
            [
              55.9254011,
              54.6335763
            ],
            [
              55.924791,
              54.63349
            ],
            [
              55.9246905,
              54.6334758
            ],
            [
              55.9246734,
              54.6334267
            ],
            [
              55.9245486,
              54.6330702
            ],
            [
              55.9247237,
              54.6329821
            ],
            [
              55.9251166,
              54.6327845
            ],
            [
              55.9251584,
              54.6327634
            ],
            [
              55.9252027,
              54.6327411
            ],
            [
              55.9257468,
              54.6324673
            ],
            [
              55.9267834,
              54.6319456
            ],
            [
              55.9270116,
              54.6318307
            ],
            [
              55.9273802,
              54.6315717
            ],
            [
              55.9274853,
              54.6313963
            ],
            [
              55.9274169,
              54.6311309
            ],
            [
              55.9271117,
              54.6302791
            ],
            [
              55.9267828,
              54.629521
            ],
            [
              55.9263403,
              54.6282298
            ],
            [
              55.9260361,
              54.6275271
            ],
            [
              55.9255137,
              54.6261498
            ],
            [
              55.9254902,
              54.6259744
            ],
            [
              55.925471,
              54.6256417
            ],
            [
              55.9255769,
              54.625158
            ],
            [
              55.9262028,
              54.6229891
            ],
            [
              55.9266784,
              54.6214274
            ],
            [
              55.9268106,
              54.6204011
            ],
            [
              55.9269256,
              54.6186609
            ],
            [
              55.9268802,
              54.6186413
            ],
            [
              55.9265571,
              54.618666
            ],
            [
              55.9263967,
              54.6187021
            ],
            [
              55.9258944,
              54.6186809
            ],
            [
              55.9255735,
              54.6185576
            ],
            [
              55.9254418,
              54.618418
            ],
            [
              55.9253315,
              54.6180943
            ],
            [
              55.9252797,
              54.6176014
            ],
            [
              55.9253409,
              54.617492
            ],
            [
              55.9256781,
              54.6172026
            ],
            [
              55.9258756,
              54.6168179
            ],
            [
              55.9258613,
              54.616524
            ],
            [
              55.924862,
              54.6138093
            ],
            [
              55.9247109,
              54.6137951
            ],
            [
              55.9246187,
              54.6136757
            ],
            [
              55.9247252,
              54.6136316
            ],
            [
              55.9247233,
              54.6133075
            ],
            [
              55.9246948,
              54.6130623
            ],
            [
              55.9244199,
              54.6125698
            ],
            [
              55.9241684,
              54.6122264
            ],
            [
              55.9237029,
              54.6115602
            ],
            [
              55.9230548,
              54.6108169
            ],
            [
              55.9227698,
              54.6104458
            ],
            [
              55.9222607,
              54.6095644
            ],
            [
              55.9209304,
              54.6077775
            ],
            [
              55.9195748,
              54.6060512
            ],
            [
              55.9195538,
              54.6060245
            ],
            [
              55.9191385,
              54.6055152
            ],
            [
              55.9189107,
              54.6052587
            ],
            [
              55.9184153,
              54.6046143
            ],
            [
              55.9169699,
              54.6025781
            ],
            [
              55.916024,
              54.601441
            ],
            [
              55.9159984,
              54.6014035
            ],
            [
              55.9156239,
              54.6008486
            ],
            [
              55.9151537,
              54.5998867
            ],
            [
              55.914485,
              54.5981307
            ],
            [
              55.9139189,
              54.5968645
            ],
            [
              55.9137944,
              54.596874
            ],
            [
              55.9137179,
              54.5966477
            ],
            [
              55.9137826,
              54.596634
            ],
            [
              55.9122099,
              54.5917591
            ],
            [
              55.9117751,
              54.5906666
            ],
            [
              55.9117344,
              54.5903734
            ],
            [
              55.9115311,
              54.5899202
            ],
            [
              55.9113624,
              54.5899011
            ],
            [
              55.9112305,
              54.5894406
            ],
            [
              55.9112954,
              54.5893297
            ],
            [
              55.9112102,
              54.588988
            ],
            [
              55.9107856,
              54.5876809
            ],
            [
              55.910636,
              54.5876829
            ],
            [
              55.910558,
              54.587467
            ],
            [
              55.9106234,
              54.5874083
            ],
            [
              55.9104992,
              54.5867472
            ],
            [
              55.9108822,
              54.5857608
            ],
            [
              55.9113382,
              54.5846459
            ],
            [
              55.9118139,
              54.5834089
            ],
            [
              55.9126094,
              54.5812987
            ],
            [
              55.912832,
              54.5807903
            ],
            [
              55.9129238,
              54.5803449
            ],
            [
              55.9129927,
              54.5800109
            ],
            [
              55.9130313,
              54.5798245
            ],
            [
              55.9131079,
              54.5794536
            ],
            [
              55.9128447,
              54.5785944
            ],
            [
              55.9126737,
              54.5781501
            ],
            [
              55.9128044,
              54.5779775
            ],
            [
              55.9124848,
              54.5774846
            ],
            [
              55.9123658,
              54.577539
            ],
            [
              55.9120091,
              54.577279
            ],
            [
              55.9116053,
              54.5765307
            ],
            [
              55.9113954,
              54.5760212
            ],
            [
              55.9112921,
              54.5756779
            ],
            [
              55.9112556,
              54.5749434
            ],
            [
              55.9111851,
              54.5747804
            ],
            [
              55.9110424,
              54.5747384
            ],
            [
              55.8989821,
              54.5706746
            ],
            [
              55.8981032,
              54.570366
            ],
            [
              55.8932098,
              54.5687173
            ],
            [
              55.8909328,
              54.5679506
            ],
            [
              55.8878814,
              54.566925
            ],
            [
              55.887832,
              54.5669098
            ],
            [
              55.8885399,
              54.5662752
            ],
            [
              55.8898004,
              54.5666847
            ],
            [
              55.8905211,
              54.5658873
            ],
            [
              55.8939285,
              54.5670278
            ],
            [
              55.8942946,
              54.5665815
            ],
            [
              55.8943528,
              54.5665105
            ],
            [
              55.8945979,
              54.5665956
            ],
            [
              55.8949439,
              54.5662698
            ],
            [
              55.8966013,
              54.5667819
            ],
            [
              55.8976203,
              54.5671274
            ],
            [
              55.8986156,
              54.5661425
            ],
            [
              55.9021531,
              54.5672234
            ],
            [
              55.9072899,
              54.5614098
            ],
            [
              55.9048409,
              54.5604835
            ],
            [
              55.9076764,
              54.5572797
            ],
            [
              55.9050948,
              54.5563838
            ],
            [
              55.9016977,
              54.5602263
            ],
            [
              55.89642,
              54.5583018
            ],
            [
              55.9027372,
              54.5522011
            ],
            [
              55.9029499,
              54.5522687
            ],
            [
              55.9054774,
              54.5530719
            ],
            [
              55.9071935,
              54.5512406
            ],
            [
              55.9029057,
              54.5498836
            ],
            [
              55.905258,
              54.5474754
            ],
            [
              55.9054804,
              54.5473097
            ],
            [
              55.9056623,
              54.5471442
            ],
            [
              55.9058932,
              54.5470066
            ],
            [
              55.9060926,
              54.5468974
            ],
            [
              55.9062679,
              54.5468022
            ],
            [
              55.9078858,
              54.5462702
            ],
            [
              55.9146323,
              54.5442097
            ],
            [
              55.9149778,
              54.544175
            ],
            [
              55.915348,
              54.5441154
            ],
            [
              55.9151302,
              54.5438819
            ],
            [
              55.9149263,
              54.5440059
            ],
            [
              55.9147025,
              54.5440967
            ],
            [
              55.9067465,
              54.5465457
            ],
            [
              55.9063141,
              54.5466988
            ],
            [
              55.9060025,
              54.5468324
            ],
            [
              55.9057793,
              54.5469559
            ],
            [
              55.9056048,
              54.5470885
            ],
            [
              55.9053262,
              54.5472639
            ],
            [
              55.9024584,
              54.5500884
            ],
            [
              55.8987427,
              54.5486897
            ],
            [
              55.8977184,
              54.5495691
            ],
            [
              55.8959475,
              54.5477156
            ],
            [
              55.9038502,
              54.5396834
            ],
            [
              55.9003097,
              54.5385446
            ],
            [
              55.8930897,
              54.5429815
            ],
            [
              55.8830586,
              54.5530812
            ],
            [
              55.8830461,
              54.553084
            ],
            [
              55.8741463,
              54.5496644
            ],
            [
              55.8759702,
              54.5477532
            ],
            [
              55.8761459,
              54.5476992
            ],
            [
              55.876334,
              54.5477975
            ],
            [
              55.8764236,
              54.5478344
            ],
            [
              55.8766251,
              54.547833
            ],
            [
              55.8767955,
              54.5477848
            ],
            [
              55.8771112,
              54.5475436
            ],
            [
              55.8774448,
              54.5472974
            ],
            [
              55.8778739,
              54.5472108
            ],
            [
              55.8780848,
              54.5470295
            ],
            [
              55.8794687,
              54.5457079
            ],
            [
              55.8801081,
              54.5450423
            ],
            [
              55.8802918,
              54.5449543
            ],
            [
              55.8803361,
              54.5449493
            ],
            [
              55.8804489,
              54.5449485
            ],
            [
              55.880542,
              54.5449596
            ],
            [
              55.8806756,
              54.5449867
            ],
            [
              55.8809108,
              54.5450578
            ],
            [
              55.8818318,
              54.5453233
            ],
            [
              55.8819976,
              54.5453456
            ],
            [
              55.8821348,
              54.545354
            ],
            [
              55.8823358,
              54.5453221
            ],
            [
              55.8824476,
              54.545265
            ],
            [
              55.8857609,
              54.5409468
            ],
            [
              55.8913611,
              54.5378478
            ],
            [
              55.8916418,
              54.5360512
            ],
            [
              55.8899944,
              54.5345789
            ],
            [
              55.8887069,
              54.5335471
            ],
            [
              55.8869683,
              54.5323379
            ],
            [
              55.8857238,
              54.531423
            ],
            [
              55.8847334,
              54.5307056
            ],
            [
              55.884526,
              54.5306227
            ],
            [
              55.8843282,
              54.5306076
            ],
            [
              55.8837476,
              54.5307969
            ],
            [
              55.8826174,
              54.5214165
            ],
            [
              55.8829117,
              54.5200443
            ],
            [
              55.884129,
              54.5177359
            ],
            [
              55.8849366,
              54.5139324
            ],
            [
              55.8851335,
              54.5141021
            ],
            [
              55.8853603,
              54.5143489
            ],
            [
              55.8855836,
              54.5146217
            ],
            [
              55.8859341,
              54.515006
            ],
            [
              55.886204,
              54.5153934
            ],
            [
              55.8864826,
              54.5156094
            ],
            [
              55.8869733,
              54.5157654
            ],
            [
              55.8874722,
              54.5159166
            ],
            [
              55.8879497,
              54.5160163
            ],
            [
              55.8883292,
              54.5160512
            ],
            [
              55.8886918,
              54.5160463
            ],
            [
              55.889359,
              54.5159619
            ],
            [
              55.8903275,
              54.5154533
            ],
            [
              55.8908756,
              54.515072
            ],
            [
              55.8921887,
              54.5142773
            ],
            [
              55.8938665,
              54.5133932
            ],
            [
              55.8949293,
              54.5127691
            ],
            [
              55.8959844,
              54.5119785
            ],
            [
              55.8969289,
              54.5114842
            ],
            [
              55.8978797,
              54.5112471
            ],
            [
              55.8986338,
              54.5111241
            ],
            [
              55.8995904,
              54.5110231
            ],
            [
              55.8944065,
              54.5038329
            ],
            [
              55.8925699,
              54.5007544
            ],
            [
              55.8927758,
              54.5007524
            ],
            [
              55.8930696,
              54.5007697
            ],
            [
              55.8940835,
              54.5009054
            ],
            [
              55.8944899,
              54.5010736
            ],
            [
              55.8946617,
              54.5011967
            ],
            [
              55.8947085,
              54.5013182
            ],
            [
              55.8946747,
              54.5014357
            ],
            [
              55.8946038,
              54.5015136
            ],
            [
              55.8945134,
              54.5016197
            ],
            [
              55.894491,
              54.5016995
            ],
            [
              55.8945458,
              54.5018141
            ],
            [
              55.8946475,
              54.5020572
            ],
            [
              55.8947031,
              54.5022115
            ],
            [
              55.8948755,
              54.5023674
            ],
            [
              55.8951287,
              54.5025273
            ],
            [
              55.8954627,
              54.5027031
            ],
            [
              55.8956995,
              54.5028515
            ],
            [
              55.8960406,
              54.5030544
            ],
            [
              55.8968313,
              54.5032937
            ],
            [
              55.8973801,
              54.5037762
            ],
            [
              55.8981605,
              54.5040753
            ],
            [
              55.8993545,
              54.5042798
            ],
            [
              55.9005909,
              54.5046357
            ],
            [
              55.9012178,
              54.5050349
            ],
            [
              55.9021348,
              54.505387
            ],
            [
              55.9034817,
              54.5054093
            ],
            [
              55.9063171,
              54.5057234
            ],
            [
              55.908327,
              54.5059797
            ],
            [
              55.9091329,
              54.5061951
            ],
            [
              55.9098001,
              54.5065165
            ],
            [
              55.9109194,
              54.5069556
            ],
            [
              55.9121892,
              54.5069153
            ],
            [
              55.9132502,
              54.5060168
            ],
            [
              55.9134018,
              54.5053579
            ],
            [
              55.9138718,
              54.5047808
            ],
            [
              55.914279,
              54.5045222
            ],
            [
              55.9145456,
              54.5043529
            ],
            [
              55.9152755,
              54.504072
            ],
            [
              55.9172086,
              54.5046503
            ],
            [
              55.9185236,
              54.5048971
            ],
            [
              55.9199859,
              54.5047577
            ],
            [
              55.9212445,
              54.5044359
            ],
            [
              55.9221396,
              54.504311
            ],
            [
              55.9230901,
              54.5043384
            ],
            [
              55.9243978,
              54.5046551
            ],
            [
              55.9253082,
              54.5052442
            ],
            [
              55.925618,
              54.5054917
            ],
            [
              55.9252759,
              54.5058407
            ],
            [
              55.9254101,
              54.5065628
            ],
            [
              55.9255155,
              54.507213
            ],
            [
              55.9249217,
              54.5080713
            ],
            [
              55.9246,
              54.5086
            ],
            [
              55.9243603,
              54.5088532
            ],
            [
              55.9242198,
              54.509519
            ],
            [
              55.924767,
              54.5104353
            ],
            [
              55.9259289,
              54.5109638
            ],
            [
              55.9266557,
              54.5113086
            ],
            [
              55.926959,
              54.5119043
            ],
            [
              55.9262153,
              54.5125889
            ],
            [
              55.926049,
              54.5129954
            ],
            [
              55.9262193,
              54.5133123
            ],
            [
              55.9269076,
              54.5136552
            ],
            [
              55.928083,
              54.5142531
            ],
            [
              55.9289501,
              54.5150571
            ],
            [
              55.9290606,
              54.5157408
            ],
            [
              55.928425,
              54.5161011
            ],
            [
              55.9277949,
              54.5164658
            ],
            [
              55.9278165,
              54.517033
            ],
            [
              55.9282935,
              54.5172795
            ],
            [
              55.9305763,
              54.5181682
            ],
            [
              55.9314373,
              54.5184906
            ],
            [
              55.9326253,
              54.518264
            ],
            [
              55.9336856,
              54.5180667
            ],
            [
              55.934837,
              54.5180513
            ],
            [
              55.9357578,
              54.5183224
            ],
            [
              55.9361223,
              54.5190238
            ],
            [
              55.9366787,
              54.5194727
            ],
            [
              55.9381501,
              54.5196359
            ],
            [
              55.9391639,
              54.5198579
            ],
            [
              55.9405052,
              54.520439
            ],
            [
              55.9415575,
              54.5207444
            ],
            [
              55.9425615,
              54.5212942
            ],
            [
              55.9428993,
              54.5220224
            ],
            [
              55.9430007,
              54.5223665
            ],
            [
              55.9437902,
              54.5227132
            ],
            [
              55.9447392,
              54.5226615
            ],
            [
              55.9457773,
              54.5225111
            ],
            [
              55.9463981,
              54.5225308
            ],
            [
              55.9471894,
              54.5229444
            ],
            [
              55.9475113,
              54.5235633
            ],
            [
              55.9469224,
              54.5241107
            ],
            [
              55.9460968,
              54.5244079
            ],
            [
              55.9451801,
              54.5245711
            ],
            [
              55.9445707,
              54.5249048
            ],
            [
              55.9443523,
              54.5252416
            ],
            [
              55.944401,
              54.5259475
            ],
            [
              55.9448705,
              54.5263739
            ],
            [
              55.9454247,
              54.5266226
            ],
            [
              55.9456333,
              54.5268226
            ],
            [
              55.9460298,
              54.5272027
            ],
            [
              55.9463718,
              54.5276454
            ],
            [
              55.9472399,
              54.5281034
            ],
            [
              55.9476608,
              54.5284698
            ],
            [
              55.9483914,
              54.5290699
            ],
            [
              55.9493475,
              54.5296271
            ],
            [
              55.9499722,
              54.530397
            ],
            [
              55.9506588,
              54.5314194
            ],
            [
              55.9513467,
              54.5316701
            ],
            [
              55.9526138,
              54.5322985
            ],
            [
              55.9531524,
              54.5328756
            ],
            [
              55.9532722,
              54.5330277
            ],
            [
              55.953801,
              54.5336992
            ],
            [
              55.9549219,
              54.5342242
            ],
            [
              55.9554715,
              54.534394
            ],
            [
              55.9565215,
              54.5347184
            ],
            [
              55.9573148,
              54.5347807
            ],
            [
              55.95824,
              54.5348534
            ],
            [
              55.9586778,
              54.535071
            ],
            [
              55.9590898,
              54.5352524
            ],
            [
              55.959204,
              54.5358244
            ],
            [
              55.9591225,
              54.5364359
            ],
            [
              55.9595852,
              54.5373512
            ],
            [
              55.9592916,
              54.537878
            ],
            [
              55.9588998,
              54.5385424
            ],
            [
              55.959232,
              54.5389131
            ],
            [
              55.9601628,
              54.5392184
            ],
            [
              55.9608928,
              54.5393665
            ],
            [
              55.9615278,
              54.5393553
            ],
            [
              55.9625047,
              54.5398371
            ],
            [
              55.962606,
              54.5403456
            ],
            [
              55.9622806,
              54.5411351
            ],
            [
              55.9624035,
              54.5416606
            ],
            [
              55.9622092,
              54.5424605
            ],
            [
              55.9622033,
              54.5432742
            ],
            [
              55.962666,
              54.5435849
            ],
            [
              55.963504,
              54.5436416
            ],
            [
              55.964393,
              54.5434221
            ],
            [
              55.9649353,
              54.5432902
            ],
            [
              55.9656966,
              54.5434304
            ],
            [
              55.9662813,
              54.5438204
            ],
            [
              55.9665051,
              54.5444231
            ],
            [
              55.9661096,
              54.5450153
            ],
            [
              55.9657663,
              54.5458119
            ],
            [
              55.9662708,
              54.5462173
            ],
            [
              55.9674855,
              54.5462036
            ],
            [
              55.9688481,
              54.5456621
            ],
            [
              55.9702131,
              54.5456712
            ],
            [
              55.9724565,
              54.5454827
            ],
            [
              55.9736228,
              54.5456024
            ],
            [
              55.9745408,
              54.5459069
            ],
            [
              55.9747946,
              54.5463383
            ],
            [
              55.9741154,
              54.5477867
            ],
            [
              55.9736252,
              54.5480071
            ],
            [
              55.973508,
              54.5481824
            ],
            [
              55.9735126,
              54.5483839
            ],
            [
              55.9736016,
              54.5485731
            ],
            [
              55.9737434,
              54.548776
            ],
            [
              55.973879,
              54.5489468
            ],
            [
              55.973925,
              54.5491285
            ],
            [
              55.9740643,
              54.5497535
            ],
            [
              55.974168,
              54.5500504
            ],
            [
              55.9743165,
              54.5501969
            ],
            [
              55.9744045,
              54.5503393
            ],
            [
              55.9744074,
              54.5504681
            ],
            [
              55.9741441,
              54.5509391
            ],
            [
              55.9740056,
              54.5512332
            ],
            [
              55.9739449,
              54.5515124
            ],
            [
              55.9740638,
              54.5519034
            ],
            [
              55.9741008,
              54.5521485
            ],
            [
              55.9739044,
              54.5526171
            ],
            [
              55.9737832,
              54.5527869
            ],
            [
              55.973525,
              54.5529577
            ],
            [
              55.9734794,
              54.5530776
            ],
            [
              55.9733132,
              54.5532173
            ],
            [
              55.9730092,
              54.5533321
            ],
            [
              55.9725319,
              54.5536219
            ],
            [
              55.9724257,
              54.5539134
            ],
            [
              55.9724285,
              54.554036
            ],
            [
              55.9725205,
              54.55418
            ],
            [
              55.9726836,
              54.5544319
            ],
            [
              55.9727268,
              54.5547316
            ],
            [
              55.9726864,
              54.5550789
            ],
            [
              55.9725287,
              54.555413
            ],
            [
              55.9722279,
              54.5556592
            ],
            [
              55.9719656,
              54.5560105
            ],
            [
              55.9717085,
              54.556404
            ],
            [
              55.9715386,
              54.5567359
            ],
            [
              55.9715333,
              54.5572119
            ],
            [
              55.971447,
              54.5574915
            ],
            [
              55.9709886,
              54.5580835
            ],
            [
              55.9706722,
              54.5585402
            ],
            [
              55.9704919,
              54.5589072
            ],
            [
              55.9703285,
              54.5594228
            ],
            [
              55.9703744,
              54.5599685
            ],
            [
              55.9704946,
              54.5602864
            ],
            [
              55.9702549,
              54.5603296
            ],
            [
              55.9701001,
              54.5603614
            ],
            [
              55.9692171,
              54.5605166
            ],
            [
              55.9687116,
              54.5606378
            ],
            [
              55.968127,
              54.5607896
            ],
            [
              55.9675536,
              54.5610498
            ],
            [
              55.9663212,
              54.5616081
            ],
            [
              55.9651765,
              54.5618201
            ],
            [
              55.964676,
              54.5619284
            ],
            [
              55.9642884,
              54.5620776
            ],
            [
              55.964134,
              54.5620031
            ],
            [
              55.9639257,
              54.5619875
            ],
            [
              55.9636371,
              54.5620826
            ],
            [
              55.9635354,
              54.5622155
            ],
            [
              55.9623976,
              54.5626952
            ],
            [
              55.9622565,
              54.5628138
            ],
            [
              55.9620349,
              54.5629486
            ],
            [
              55.9616756,
              54.5631499
            ],
            [
              55.9614472,
              54.5631829
            ],
            [
              55.9611442,
              54.5632922
            ],
            [
              55.9603711,
              54.5637563
            ],
            [
              55.9601598,
              54.5638591
            ],
            [
              55.9545928,
              54.5634879
            ],
            [
              55.9542602,
              54.564059
            ],
            [
              55.9540797,
              54.564328
            ],
            [
              55.9539102,
              54.564647
            ],
            [
              55.9537726,
              54.5651265
            ],
            [
              55.9536679,
              54.5657982
            ],
            [
              55.9537009,
              54.5661321
            ],
            [
              55.9537287,
              54.566568
            ],
            [
              55.9528825,
              54.5670025
            ],
            [
              55.951845,
              54.5675195
            ],
            [
              55.9516802,
              54.5674731
            ],
            [
              55.9511948,
              54.5670642
            ],
            [
              55.950655,
              54.5667354
            ],
            [
              55.9501899,
              54.5665092
            ],
            [
              55.9499798,
              54.5664946
            ],
            [
              55.9498681,
              54.5665538
            ],
            [
              55.9497874,
              54.5667337
            ],
            [
              55.9498007,
              54.5669189
            ],
            [
              55.9499848,
              54.5671186
            ],
            [
              55.9507721,
              54.5673579
            ],
            [
              55.9512848,
              54.5675891
            ],
            [
              55.9513638,
              54.5676982
            ],
            [
              55.9513665,
              54.5678183
            ],
            [
              55.9511513,
              54.5679976
            ],
            [
              55.9509521,
              54.5681117
            ],
            [
              55.950539,
              54.5684008
            ],
            [
              55.9504627,
              54.5685983
            ],
            [
              55.9505242,
              54.5688229
            ],
            [
              55.9506917,
              54.5690936
            ],
            [
              55.9506635,
              54.5692813
            ],
            [
              55.9504566,
              54.5694095
            ],
            [
              55.9503408,
              54.5696355
            ],
            [
              55.9503857,
              54.5709198
            ],
            [
              55.9507079,
              54.5713112
            ],
            [
              55.9508285,
              54.5714826
            ],
            [
              55.9509707,
              54.5718053
            ],
            [
              55.9511015,
              54.5720236
            ],
            [
              55.9513589,
              54.5722828
            ],
            [
              55.9523383,
              54.5734763
            ],
            [
              55.9524188,
              54.5737646
            ],
            [
              55.9521521,
              54.5744699
            ],
            [
              55.9521886,
              54.5746525
            ],
            [
              55.952242,
              54.5748772
            ],
            [
              55.9524902,
              54.5751425
            ],
            [
              55.9528669,
              54.5753928
            ],
            [
              55.9531487,
              54.5757144
            ],
            [
              55.9519708,
              54.5757374
            ],
            [
              55.9518745,
              54.5757786
            ],
            [
              55.9518116,
              54.5758369
            ],
            [
              55.9517928,
              54.5759424
            ],
            [
              55.9518532,
              54.5761325
            ],
            [
              55.9514071,
              54.5761816
            ],
            [
              55.9508363,
              54.5761755
            ],
            [
              55.9502366,
              54.5762922
            ],
            [
              55.9500261,
              54.5763226
            ],
            [
              55.9498193,
              54.5763189
            ],
            [
              55.9492978,
              54.5763952
            ],
            [
              55.9488122,
              54.5765511
            ],
            [
              55.948434,
              54.5763463
            ],
            [
              55.9479314,
              54.5759273
            ],
            [
              55.9474417,
              54.5756778
            ],
            [
              55.9471882,
              54.5756234
            ],
            [
              55.9470437,
              54.5755636
            ],
            [
              55.9467024,
              54.5754052
            ],
            [
              55.946484,
              54.5752841
            ],
            [
              55.9461946,
              54.5752081
            ],
            [
              55.9455627,
              54.5751772
            ],
            [
              55.9449955,
              54.5748481
            ],
            [
              55.945338,
              54.5747184
            ],
            [
              55.9454882,
              54.5745813
            ],
            [
              55.9452249,
              54.5743582
            ],
            [
              55.9449158,
              54.574248
            ],
            [
              55.9443676,
              54.5742756
            ],
            [
              55.9430464,
              54.5740182
            ],
            [
              55.9425105,
              54.5738769
            ],
            [
              55.9422655,
              54.5737475
            ],
            [
              55.9422238,
              54.5736821
            ],
            [
              55.9426967,
              54.573538
            ],
            [
              55.942776,
              54.5734717
            ],
            [
              55.9426855,
              54.5733927
            ],
            [
              55.942466,
              54.5733287
            ],
            [
              55.9399316,
              54.5736806
            ],
            [
              55.9379526,
              54.5742453
            ],
            [
              55.9372895,
              54.5721157
            ],
            [
              55.9366755,
              54.571311
            ],
            [
              55.9359712,
              54.5707524
            ],
            [
              55.9357163,
              54.5706028
            ],
            [
              55.9356306,
              54.5703894
            ],
            [
              55.9352744,
              54.5702304
            ],
            [
              55.9338587,
              54.5701434
            ],
            [
              55.932838,
              54.570168
            ],
            [
              55.9309988,
              54.5705348
            ],
            [
              55.9303382,
              54.5704933
            ],
            [
              55.9228376,
              54.5730124
            ],
            [
              55.9215751,
              54.5732035
            ],
            [
              55.919496,
              54.574679
            ],
            [
              55.9166436,
              54.5739449
            ],
            [
              55.915726,
              54.5737083
            ],
            [
              55.9135415,
              54.5758792
            ],
            [
              55.9131242,
              54.5756457
            ],
            [
              55.9127607,
              54.5759357
            ],
            [
              55.9126086,
              54.5760796
            ],
            [
              55.9129596,
              54.576928
            ],
            [
              55.9130196,
              54.576999
            ],
            [
              55.913362,
              54.577568
            ],
            [
              55.9138578,
              54.5779804
            ],
            [
              55.9140753,
              54.5789046
            ],
            [
              55.9140383,
              54.5793771
            ],
            [
              55.9139349,
              54.5798389
            ],
            [
              55.9137471,
              54.5803574
            ],
            [
              55.9131751,
              54.5817054
            ],
            [
              55.9125887,
              54.5831466
            ],
            [
              55.912077,
              54.5844952
            ],
            [
              55.9116627,
              54.585599
            ],
            [
              55.9115324,
              54.5860349
            ],
            [
              55.9115371,
              54.586502
            ],
            [
              55.9115744,
              54.5869045
            ],
            [
              55.9116501,
              54.5869696
            ],
            [
              55.9115929,
              54.5870105
            ],
            [
              55.9115932,
              54.587015
            ],
            [
              55.9115847,
              54.5870218
            ],
            [
              55.911606,
              54.5871581
            ],
            [
              55.9116144,
              54.5872445
            ],
            [
              55.9116162,
              54.5872643
            ],
            [
              55.9118484,
              54.587308
            ],
            [
              55.9118862,
              54.5875847
            ],
            [
              55.9116958,
              54.5876021
            ],
            [
              55.911678,
              54.5876209
            ],
            [
              55.9117257,
              54.5878953
            ],
            [
              55.9117643,
              54.5881173
            ],
            [
              55.9119148,
              54.5885266
            ],
            [
              55.9120376,
              54.5889915
            ],
            [
              55.91245,
              54.5895364
            ],
            [
              55.9125825,
              54.5899287
            ],
            [
              55.9124934,
              54.5899797
            ],
            [
              55.9125733,
              54.5904845
            ],
            [
              55.9128019,
              54.5910073
            ],
            [
              55.9130883,
              54.5918459
            ],
            [
              55.9131757,
              54.5921308
            ],
            [
              55.913192,
              54.5923183
            ],
            [
              55.9135932,
              54.5934576
            ],
            [
              55.9147823,
              54.5962426
            ],
            [
              55.9148567,
              54.5964863
            ],
            [
              55.9150185,
              54.5965113
            ],
            [
              55.9151541,
              54.596823
            ],
            [
              55.9150009,
              54.5969032
            ],
            [
              55.9156009,
              54.5983736
            ],
            [
              55.9156995,
              54.5988074
            ],
            [
              55.9164588,
              54.6005669
            ],
            [
              55.9164803,
              54.600596
            ],
            [
              55.916571,
              54.6007112
            ],
            [
              55.9165711,
              54.6008696
            ],
            [
              55.9166276,
              54.6009455
            ],
            [
              55.9167144,
              54.6009922
            ],
            [
              55.9168294,
              54.6010027
            ],
            [
              55.9169646,
              54.6009859
            ],
            [
              55.9172849,
              54.6009389
            ],
            [
              55.917321,
              54.6009336
            ],
            [
              55.9186834,
              54.6007336
            ],
            [
              55.9191701,
              54.6006545
            ],
            [
              55.9195745,
              54.600589
            ],
            [
              55.9212966,
              54.6002359
            ],
            [
              55.9225518,
              54.5999812
            ],
            [
              55.9232214,
              54.5998384
            ],
            [
              55.9243574,
              54.5996033
            ],
            [
              55.9246617,
              54.5995371
            ],
            [
              55.9247915,
              54.5994935
            ],
            [
              55.9252005,
              54.5993139
            ],
            [
              55.9257092,
              54.599055
            ],
            [
              55.9259071,
              54.5989648
            ],
            [
              55.9261525,
              54.5986798
            ],
            [
              55.927384,
              54.5971975
            ],
            [
              55.9274258,
              54.5936574
            ],
            [
              55.9299077,
              54.5940301
            ],
            [
              55.933541,
              54.5940562
            ],
            [
              55.9344843,
              54.5942433
            ],
            [
              55.9346393,
              54.5942934
            ],
            [
              55.9351717,
              54.5944286
            ],
            [
              55.9357081,
              54.5945739
            ],
            [
              55.9361794,
              54.5946921
            ],
            [
              55.9373214,
              54.5948978
            ],
            [
              55.9381556,
              54.5950273
            ],
            [
              55.9387945,
              54.5950951
            ],
            [
              55.9400807,
              54.5952572
            ],
            [
              55.9404366,
              54.5952975
            ],
            [
              55.9416975,
              54.5954527
            ],
            [
              55.9425271,
              54.5955359
            ],
            [
              55.9431023,
              54.5956119
            ],
            [
              55.9439593,
              54.5957241
            ],
            [
              55.9441991,
              54.595779
            ],
            [
              55.9443771,
              54.5958418
            ],
            [
              55.944442,
              54.5959156
            ],
            [
              55.9444918,
              54.5960228
            ],
            [
              55.9445969,
              54.5960954
            ],
            [
              55.94616,
              54.5965575
            ],
            [
              55.9476084,
              54.5970011
            ],
            [
              55.9483317,
              54.5971903
            ],
            [
              55.9489956,
              54.5973404
            ],
            [
              55.9507541,
              54.5976912
            ],
            [
              55.9514914,
              54.5978267
            ],
            [
              55.952147,
              54.597965
            ],
            [
              55.9524817,
              54.5981077
            ],
            [
              55.9525161,
              54.598132
            ],
            [
              55.9527678,
              54.5983099
            ],
            [
              55.9529971,
              54.5985433
            ],
            [
              55.9530259,
              54.5986956
            ],
            [
              55.952999,
              54.5989527
            ],
            [
              55.9529561,
              54.599032
            ],
            [
              55.9528654,
              54.5991138
            ],
            [
              55.9526487,
              54.5992315
            ],
            [
              55.9519238,
              54.5998402
            ],
            [
              55.9518329,
              54.59992
            ],
            [
              55.9511182,
              54.6005387
            ],
            [
              55.9509446,
              54.6006798
            ],
            [
              55.9488168,
              54.6025246
            ],
            [
              55.9486273,
              54.602693
            ],
            [
              55.9480219,
              54.6032151
            ],
            [
              55.9474095,
              54.6037401
            ],
            [
              55.9469895,
              54.6041102
            ],
            [
              55.9467776,
              54.6042718
            ],
            [
              55.9466361,
              54.6043423
            ],
            [
              55.9464155,
              54.6044318
            ],
            [
              55.946162,
              54.6045328
            ],
            [
              55.9457166,
              54.6046685
            ],
            [
              55.9453954,
              54.6047508
            ],
            [
              55.9445626,
              54.6049632
            ],
            [
              55.9441745,
              54.6051207
            ],
            [
              55.944019,
              54.6052086
            ],
            [
              55.9438737,
              54.605322
            ],
            [
              55.9438086,
              54.6053898
            ],
            [
              55.9437105,
              54.6055271
            ],
            [
              55.9436233,
              54.6056664
            ],
            [
              55.9435675,
              54.6058118
            ],
            [
              55.9434963,
              54.6057028
            ],
            [
              55.9434064,
              54.6056329
            ],
            [
              55.9431746,
              54.6055163
            ],
            [
              55.9428971,
              54.6054042
            ],
            [
              55.9428277,
              54.6053848
            ],
            [
              55.9427701,
              54.6052307
            ],
            [
              55.9427027,
              54.6050939
            ],
            [
              55.9426,
              54.6049451
            ],
            [
              55.9423221,
              54.6046286
            ],
            [
              55.9414675,
              54.6039794
            ],
            [
              55.9410799,
              54.6036913
            ],
            [
              55.9404611,
              54.6031832
            ],
            [
              55.9400968,
              54.6028387
            ],
            [
              55.9399573,
              54.6027285
            ],
            [
              55.937317,
              54.6035373
            ],
            [
              55.9366661,
              54.6035153
            ],
            [
              55.9365511,
              54.6039007
            ],
            [
              55.9359095,
              54.603761
            ],
            [
              55.9355998,
              54.6036795
            ],
            [
              55.9352197,
              54.6036787
            ],
            [
              55.9348591,
              54.6045663
            ],
            [
              55.9346796,
              54.605262
            ],
            [
              55.9278109,
              54.6051276
            ],
            [
              55.9263682,
              54.6047716
            ],
            [
              55.9265161,
              54.6042567
            ],
            [
              55.9272718,
              54.6035028
            ],
            [
              55.9272076,
              54.6030757
            ],
            [
              55.9272399,
              54.6026184
            ],
            [
              55.927979,
              54.6016046
            ],
            [
              55.9260629,
              54.5994935
            ],
            [
              55.9260137,
              54.5993169
            ],
            [
              55.9258107,
              54.5991742
            ],
            [
              55.9253881,
              54.5993863
            ],
            [
              55.9249219,
              54.5995792
            ],
            [
              55.9246852,
              54.5996432
            ],
            [
              55.9239824,
              54.5997604
            ],
            [
              55.9234182,
              54.5998814
            ],
            [
              55.9228324,
              54.6000024
            ],
            [
              55.9225376,
              54.600067
            ],
            [
              55.9214039,
              54.6003061
            ],
            [
              55.9208516,
              54.6004136
            ],
            [
              55.9206843,
              54.6004475
            ],
            [
              55.9198402,
              54.6006099
            ],
            [
              55.9189373,
              54.6007598
            ],
            [
              55.9173575,
              54.6009961
            ],
            [
              55.9169537,
              54.6010458
            ],
            [
              55.9168377,
              54.6010879
            ],
            [
              55.9167947,
              54.6011469
            ],
            [
              55.9168187,
              54.6012308
            ],
            [
              55.9181051,
              54.6029841
            ],
            [
              55.9186782,
              54.6037294
            ],
            [
              55.9200278,
              54.6055395
            ],
            [
              55.9203794,
              54.6060304
            ],
            [
              55.922558,
              54.6089243
            ],
            [
              55.9237204,
              54.6103667
            ],
            [
              55.9247982,
              54.6118095
            ],
            [
              55.9251202,
              54.6122855
            ],
            [
              55.9255749,
              54.6132612
            ],
            [
              55.9257627,
              54.6135911
            ],
            [
              55.9259865,
              54.6141112
            ],
            [
              55.9261529,
              54.6141619
            ],
            [
              55.9262972,
              54.614469
            ],
            [
              55.9272567,
              54.6163856
            ],
            [
              55.9272718,
              54.6164612
            ],
            [
              55.9277006,
              54.6172504
            ],
            [
              55.9281099,
              54.6181324
            ],
            [
              55.9282442,
              54.618548
            ],
            [
              55.9282035,
              54.6185549
            ],
            [
              55.9280614,
              54.6196441
            ],
            [
              55.9280134,
              54.6200438
            ],
            [
              55.9278498,
              54.6204837
            ],
            [
              55.9277283,
              54.6207055
            ],
            [
              55.9273561,
              54.6218097
            ],
            [
              55.9269096,
              54.6237646
            ],
            [
              55.9267769,
              54.6239253
            ],
            [
              55.9266893,
              54.6241355
            ],
            [
              55.9267643,
              54.6242467
            ],
            [
              55.9266749,
              54.6245465
            ],
            [
              55.9264628,
              54.6249847
            ],
            [
              55.9263712,
              54.6255995
            ],
            [
              55.9263842,
              54.6259556
            ],
            [
              55.9265903,
              54.6267707
            ],
            [
              55.9271084,
              54.6280078
            ],
            [
              55.9274465,
              54.6289935
            ],
            [
              55.9279679,
              54.6299884
            ],
            [
              55.9283796,
              54.6306569
            ],
            [
              55.9284055,
              54.6307601
            ],
            [
              55.9280215,
              54.6306813
            ],
            [
              55.9280824,
              54.6308562
            ],
            [
              55.9280978,
              54.6309002
            ],
            [
              55.9281145,
              54.6309478
            ],
            [
              55.9282968,
              54.6314699
            ],
            [
              55.928444,
              54.6318915
            ],
            [
              55.9284873,
              54.6320153
            ],
            [
              55.9285018,
              54.632057
            ],
            [
              55.9285022,
              54.6320579
            ],
            [
              55.9285461,
              54.6320578
            ],
            [
              55.9285876,
              54.6321802
            ],
            [
              55.9286963,
              54.632105
            ],
            [
              55.9287868,
              54.632121
            ],
            [
              55.9290405,
              54.632997
            ],
            [
              55.9291545,
              54.6335612
            ],
            [
              55.9305233,
              54.6337446
            ],
            [
              55.9311611,
              54.6352084
            ],
            [
              55.9311815,
              54.6352558
            ],
            [
              55.9314659,
              54.6359066
            ],
            [
              55.9307716,
              54.6361673
            ],
            [
              55.9303222,
              54.636336
            ],
            [
              55.9301786,
              54.6364837
            ],
            [
              55.9305152,
              54.6374786
            ],
            [
              55.9306561,
              54.6378213
            ],
            [
              55.9308376,
              54.6378372
            ],
            [
              55.9309571,
              54.6381849
            ],
            [
              55.9308948,
              54.6382459
            ],
            [
              55.9312875,
              54.6396623
            ],
            [
              55.9313062,
              54.6397228
            ],
            [
              55.9313325,
              54.6398075
            ],
            [
              55.931498,
              54.6404489
            ],
            [
              55.9317099,
              54.6410639
            ],
            [
              55.9319863,
              54.6417871
            ],
            [
              55.932238,
              54.6419102
            ],
            [
              55.9324363,
              54.6419812
            ],
            [
              55.9325692,
              54.6420171
            ],
            [
              55.9327568,
              54.6419945
            ],
            [
              55.9328032,
              54.6420105
            ],
            [
              55.9335712,
              54.6424335
            ],
            [
              55.9336538,
              54.6427183
            ],
            [
              55.9348007,
              54.642976
            ],
            [
              55.9349358,
              54.6432545
            ],
            [
              55.939485,
              54.6438543
            ],
            [
              55.9394875,
              54.6438523
            ],
            [
              55.9420475,
              54.6433525
            ],
            [
              55.943264,
              54.6431498
            ],
            [
              55.9451681,
              54.6429162
            ],
            [
              55.9479232,
              54.6427626
            ],
            [
              55.9501394,
              54.6427559
            ],
            [
              55.9512281,
              54.6427593
            ],
            [
              55.9522561,
              54.6428268
            ],
            [
              55.9538555,
              54.6429187
            ],
            [
              55.9545929,
              54.6429574
            ],
            [
              55.9550109,
              54.6429895
            ],
            [
              55.95508,
              54.642994
            ],
            [
              55.9555483,
              54.6430307
            ],
            [
              55.9556353,
              54.6430354
            ],
            [
              55.9561322,
              54.6430749
            ],
            [
              55.9576463,
              54.6431576
            ],
            [
              55.9577027,
              54.6431648
            ],
            [
              55.9577717,
              54.6431692
            ],
            [
              55.9582394,
              54.6432116
            ],
            [
              55.9583084,
              54.6432161
            ],
            [
              55.9587773,
              54.6432494
            ],
            [
              55.9588463,
              54.6432537
            ],
            [
              55.9590145,
              54.6432596
            ],
            [
              55.959447,
              54.6432919
            ],
            [
              55.9598275,
              54.6433082
            ],
            [
              55.9598563,
              54.6433108
            ],
            [
              55.9603952,
              54.6433449
            ],
            [
              55.9609344,
              54.6433761
            ],
            [
              55.9610034,
              54.6433807
            ],
            [
              55.9611977,
              54.6433872
            ],
            [
              55.9617645,
              54.6434249
            ],
            [
              55.9623005,
              54.6434548
            ],
            [
              55.9625521,
              54.6434744
            ],
            [
              55.9626211,
              54.6434789
            ],
            [
              55.9630899,
              54.6435139
            ],
            [
              55.9631589,
              54.6435184
            ],
            [
              55.9636289,
              54.6435473
            ],
            [
              55.963698,
              54.6435517
            ],
            [
              55.9641682,
              54.6435792
            ],
            [
              55.9642373,
              54.6435839
            ],
            [
              55.9647077,
              54.6436109
            ],
            [
              55.9647767,
              54.6436154
            ],
            [
              55.9652447,
              54.6436551
            ],
            [
              55.9653137,
              54.6436595
            ],
            [
              55.9657885,
              54.6436956
            ],
            [
              55.9658577,
              54.6436994
            ],
            [
              55.9663158,
              54.6437302
            ],
            [
              55.9663847,
              54.6437354
            ],
            [
              55.9668598,
              54.6437636
            ],
            [
              55.9669292,
              54.6437681
            ],
            [
              55.9674005,
              54.6437904
            ],
            [
              55.9674693,
              54.6437948
            ],
            [
              55.9679406,
              54.6438179
            ],
            [
              55.9680096,
              54.6438223
            ],
            [
              55.9684773,
              54.6438559
            ],
            [
              55.9685459,
              54.6438612
            ],
            [
              55.9690171,
              54.6438938
            ],
            [
              55.9690859,
              54.6438982
            ],
            [
              55.9694684,
              54.6439255
            ],
            [
              55.9697353,
              54.6439444
            ],
            [
              55.9700941,
              54.6439667
            ],
            [
              55.9701631,
              54.6439713
            ],
            [
              55.9706328,
              54.6440003
            ],
            [
              55.9707022,
              54.6440044
            ],
            [
              55.971173,
              54.6440275
            ],
            [
              55.971242,
              54.644032
            ],
            [
              55.9717137,
              54.644053
            ],
            [
              55.9717827,
              54.6440574
            ],
            [
              55.9722517,
              54.6440923
            ],
            [
              55.9723209,
              54.6440968
            ],
            [
              55.9727896,
              54.644131
            ],
            [
              55.9728586,
              54.6441355
            ],
            [
              55.9733977,
              54.6441693
            ],
            [
              55.9736996,
              54.6441835
            ],
            [
              55.9737722,
              54.6441865
            ],
            [
              55.9742415,
              54.6442098
            ],
            [
              55.9743107,
              54.644214
            ],
            [
              55.9747783,
              54.6442462
            ],
            [
              55.9748473,
              54.6442507
            ],
            [
              55.9753141,
              54.6442944
            ],
            [
              55.9753833,
              54.6442988
            ],
            [
              55.9757982,
              54.6443266
            ],
            [
              55.9763311,
              54.64437
            ],
            [
              55.9768033,
              54.6443931
            ],
            [
              55.9770007,
              54.6444059
            ],
            [
              55.977468,
              54.6444496
            ],
            [
              55.977537,
              54.6444539
            ],
            [
              55.9780076,
              54.6444794
            ],
            [
              55.9780766,
              54.6444839
            ],
            [
              55.9785367,
              54.6444842
            ],
            [
              55.9791461,
              54.6445446
            ],
            [
              55.9791957,
              54.6445468
            ],
            [
              55.9796235,
              54.6445787
            ],
            [
              55.9796924,
              54.6445848
            ],
            [
              55.9801626,
              54.6446124
            ],
            [
              55.9802316,
              54.6446168
            ],
            [
              55.9807007,
              54.6446509
            ],
            [
              55.9807697,
              54.6446554
            ],
            [
              55.9812391,
              54.6446871
            ],
            [
              55.9817781,
              54.644721
            ],
            [
              55.9818472,
              54.6447255
            ],
            [
              55.9823925,
              54.6447551
            ],
            [
              55.9827122,
              54.6447648
            ],
            [
              55.9837946,
              54.6448405
            ],
            [
              55.9839339,
              54.6448567
            ],
            [
              55.9840022,
              54.6448611
            ],
            [
              55.984471,
              54.6449003
            ],
            [
              55.9845402,
              54.6449048
            ],
            [
              55.9848856,
              54.6449343
            ],
            [
              55.9849546,
              54.6449387
            ],
            [
              55.9854206,
              54.6449796
            ],
            [
              55.9859566,
              54.6450147
            ],
            [
              55.9860255,
              54.6450196
            ],
            [
              55.9864992,
              54.6450432
            ],
            [
              55.9865682,
              54.6450479
            ],
            [
              55.9869715,
              54.6450621
            ],
            [
              55.9884647,
              54.6451649
            ],
            [
              55.9894216,
              54.6452308
            ],
            [
              55.9898374,
              54.6452595
            ],
            [
              55.9914764,
              54.6453731
            ],
            [
              55.9916928,
              54.6453929
            ],
            [
              55.9917619,
              54.6453964
            ],
            [
              55.9925443,
              54.6454533
            ],
            [
              55.9926136,
              54.6454561
            ],
            [
              55.9932172,
              54.6455351
            ],
            [
              55.9932862,
              54.6455397
            ],
            [
              55.9939089,
              54.6455659
            ],
            [
              55.993978,
              54.645571
            ],
            [
              55.9945989,
              54.6456402
            ],
            [
              55.9953597,
              54.6456936
            ],
            [
              55.9960492,
              54.6457556
            ],
            [
              55.9982924,
              54.6461072
            ],
            [
              55.9982263,
              54.6465239
            ],
            [
              55.9984142,
              54.6465356
            ],
            [
              55.9984547,
              54.6465443
            ],
            [
              55.9985776,
              54.6465525
            ],
            [
              56.0017535,
              54.6467643
            ],
            [
              56.001842,
              54.6465347
            ],
            [
              56.0025333,
              54.6448317
            ],
            [
              56.0029029,
              54.6432121
            ],
            [
              56.0035293,
              54.6401295
            ],
            [
              56.0032282,
              54.6382583
            ],
            [
              56.0023482,
              54.6367955
            ],
            [
              56.0040106,
              54.6368315
            ],
            [
              56.0331173,
              54.6374412
            ],
            [
              56.0360946,
              54.6375036
            ],
            [
              56.0371834,
              54.6393179
            ],
            [
              56.0481397,
              54.6402258
            ],
            [
              56.0531573,
              54.6511226
            ],
            [
              56.0494125,
              54.6519429
            ],
            [
              56.0440505,
              54.6531174
            ],
            [
              56.0476936,
              54.6569205
            ],
            [
              56.0540086,
              54.663512
            ],
            [
              56.0615254,
              54.659666
            ],
            [
              56.0691034,
              54.6637263
            ],
            [
              56.0706418,
              54.6642932
            ],
            [
              56.0733001,
              54.6652727
            ],
            [
              56.0757759,
              54.6677228
            ],
            [
              56.0719669,
              54.6686913
            ],
            [
              56.0709894,
              54.6696556
            ],
            [
              56.07099,
              54.6697694
            ],
            [
              56.0709906,
              54.669883
            ],
            [
              56.0709932,
              54.6703885
            ],
            [
              56.0712749,
              54.6710416
            ],
            [
              56.0713327,
              54.6711757
            ],
            [
              56.0728278,
              54.6734971
            ],
            [
              56.0790032,
              54.6771248
            ],
            [
              56.085023,
              54.6774633
            ],
            [
              56.0859018,
              54.6816251
            ],
            [
              56.0863463,
              54.6894306
            ],
            [
              56.0857189,
              54.6911111
            ],
            [
              56.0824665,
              54.6929207
            ],
            [
              56.0820151,
              54.6944645
            ],
            [
              56.0816659,
              54.6962113
            ],
            [
              56.0838751,
              54.6974499
            ],
            [
              56.0874178,
              54.697878
            ],
            [
              56.0905465,
              54.6986273
            ],
            [
              56.0924054,
              54.70049
            ],
            [
              56.0934638,
              54.7046667
            ],
            [
              56.0919749,
              54.7066053
            ],
            [
              56.0902252,
              54.7075796
            ],
            [
              56.0877598,
              54.7056284
            ],
            [
              56.0876575,
              54.7041285
            ],
            [
              56.078806,
              54.7010018
            ],
            [
              56.0770095,
              54.7031692
            ],
            [
              56.0819319,
              54.7049511
            ],
            [
              56.0811753,
              54.7059839
            ],
            [
              56.0837539,
              54.7093903
            ],
            [
              56.0845173,
              54.7114487
            ],
            [
              56.0850615,
              54.7129921
            ],
            [
              56.0832349,
              54.7134354
            ],
            [
              56.0817101,
              54.7147126
            ],
            [
              56.0810754,
              54.7155739
            ],
            [
              56.0817507,
              54.7162211
            ],
            [
              56.0830699,
              54.7164243
            ],
            [
              56.0847408,
              54.7170678
            ],
            [
              56.0877309,
              54.7188118
            ],
            [
              56.0895191,
              54.7208774
            ],
            [
              56.0892553,
              54.722452
            ],
            [
              56.0918057,
              54.7239418
            ],
            [
              56.0879415,
              54.7265047
            ],
            [
              56.0886743,
              54.7269025
            ],
            [
              56.0903013,
              54.7283414
            ],
            [
              56.0907997,
              54.7295602
            ],
            [
              56.0906552,
              54.7306356
            ],
            [
              56.0892833,
              54.7320231
            ],
            [
              56.084153,
              54.7343906
            ],
            [
              56.0820063,
              54.7354396
            ],
            [
              56.0804569,
              54.7366359
            ],
            [
              56.0796884,
              54.7379363
            ],
            [
              56.0779934,
              54.7408591
            ],
            [
              56.0772778,
              54.7418326
            ],
            [
              56.0761453,
              54.7430466
            ],
            [
              56.0755943,
              54.7433085
            ],
            [
              56.0738795,
              54.7439976
            ],
            [
              56.0721355,
              54.7459553
            ],
            [
              56.0685433,
              54.7477952
            ],
            [
              56.0683108,
              54.7477619
            ],
            [
              56.0680282,
              54.7477756
            ],
            [
              56.0674386,
              54.7479501
            ],
            [
              56.0666175,
              54.7478866
            ],
            [
              56.0645527,
              54.7479972
            ],
            [
              56.0623507,
              54.7481454
            ],
            [
              56.0614024,
              54.748383
            ],
            [
              56.0611574,
              54.7484229
            ],
            [
              56.0608878,
              54.7484315
            ],
            [
              56.0604681,
              54.748445
            ],
            [
              56.0593472,
              54.74872
            ],
            [
              56.0591509,
              54.7487709
            ],
            [
              56.057681,
              54.7491525
            ],
            [
              56.0547004,
              54.7499934
            ],
            [
              56.052348,
              54.7513124
            ],
            [
              56.0516908,
              54.7515179
            ],
            [
              56.0501053,
              54.7517367
            ],
            [
              56.0479317,
              54.7521054
            ],
            [
              56.0442702,
              54.7533298
            ],
            [
              56.0437859,
              54.749707
            ],
            [
              56.0407884,
              54.7462967
            ],
            [
              56.039303,
              54.7430592
            ],
            [
              56.0389152,
              54.7388608
            ],
            [
              56.036807,
              54.7367007
            ],
            [
              56.0338711,
              54.7323244
            ],
            [
              56.0316697,
              54.7282003
            ],
            [
              56.0316921,
              54.7249589
            ],
            [
              56.0293058,
              54.7178952
            ],
            [
              56.028745,
              54.7164148
            ],
            [
              56.021138,
              54.7195536
            ],
            [
              56.021043,
              54.7195055
            ],
            [
              56.0182827,
              54.7179976
            ],
            [
              56.0159785,
              54.7183854
            ],
            [
              56.0158444,
              54.718151
            ],
            [
              56.0155975,
              54.7181918
            ],
            [
              56.0152581,
              54.7181918
            ],
            [
              56.0152024,
              54.718413
            ],
            [
              56.0151753,
              54.7185205
            ],
            [
              56.0151527,
              54.7186104
            ],
            [
              56.0151421,
              54.7186523
            ],
            [
              56.0150697,
              54.7189248
            ],
            [
              56.0147908,
              54.7201287
            ],
            [
              56.0147593,
              54.7202646
            ],
            [
              56.0137,
              54.7206107
            ],
            [
              56.0132823,
              54.7207471
            ],
            [
              56.012361,
              54.721048
            ],
            [
              56.0113442,
              54.7213791
            ],
            [
              56.0112792,
              54.7214168
            ],
            [
              56.0103673,
              54.720848
            ],
            [
              56.0074693,
              54.7188606
            ],
            [
              56.0071205,
              54.7186257
            ],
            [
              56.0070022,
              54.7185307
            ],
            [
              56.003501,
              54.7160459
            ],
            [
              56.0030148,
              54.7157271
            ],
            [
              56.0029291,
              54.7156709
            ],
            [
              56.0029034,
              54.7156547
            ],
            [
              56.0027494,
              54.715573
            ],
            [
              56.0025138,
              54.7154715
            ],
            [
              56.0022418,
              54.7153749
            ],
            [
              55.9983242,
              54.7139468
            ],
            [
              55.9980167,
              54.7138431
            ],
            [
              55.9970672,
              54.7135228
            ],
            [
              55.9967365,
              54.7134112
            ],
            [
              55.9966613,
              54.7134611
            ],
            [
              55.9965742,
              54.7135401
            ],
            [
              55.9964376,
              54.7136531
            ],
            [
              55.9959834,
              54.7141219
            ],
            [
              55.9956328,
              54.7144839
            ],
            [
              55.995229,
              54.7149326
            ],
            [
              55.9951392,
              54.7150324
            ]
          ]
        ]
      },
      "id": "relation/5523570"
    },
    {
      "type": "Feature",
      "properties": {
        "@id": "relation/5523682",
        "admin_level": "9",
        "boundary": "administrative",
        "name": "Орджоникидзевский район",
        "name:ba": "Орджоникидзе районы",
        "type": "boundary",
        "wikidata": "Q4336065",
        "wikipedia": "ru:Орджоникидзевский район (Уфа)"
      },
      "geometry": {
        "type": "Polygon",
        "coordinates": [
          [
            [
              56.0961363,
              54.8155002
            ],
            [
              56.097934,
              54.8150065
            ],
            [
              56.098109,
              54.8149584
            ],
            [
              56.0984575,
              54.81532
            ],
            [
              56.0985495,
              54.8152451
            ],
            [
              56.0994597,
              54.8151031
            ],
            [
              56.0998974,
              54.8150723
            ],
            [
              56.1005087,
              54.8149809
            ],
            [
              56.1009329,
              54.8149256
            ],
            [
              56.1023111,
              54.8147461
            ],
            [
              56.1029649,
              54.8146609
            ],
            [
              56.1037646,
              54.8145567
            ],
            [
              56.1038945,
              54.8145782
            ],
            [
              56.1040631,
              54.8146433
            ],
            [
              56.1043171,
              54.814618
            ],
            [
              56.1141172,
              54.8118572
            ],
            [
              56.117255,
              54.8109808
            ],
            [
              56.1179109,
              54.8109788
            ],
            [
              56.1223855,
              54.8118858
            ],
            [
              56.1270332,
              54.8127928
            ],
            [
              56.1304246,
              54.8135329
            ],
            [
              56.1307133,
              54.8136035
            ],
            [
              56.1312185,
              54.8137272
            ],
            [
              56.1312468,
              54.8137341
            ],
            [
              56.1317357,
              54.8138538
            ],
            [
              56.1319866,
              54.8139152
            ],
            [
              56.133978,
              54.8144027
            ],
            [
              56.1362466,
              54.814864
            ],
            [
              56.1363985,
              54.8150495
            ],
            [
              56.1365195,
              54.8153489
            ],
            [
              56.1368185,
              54.8156359
            ],
            [
              56.1370249,
              54.8158492
            ],
            [
              56.13679,
              54.8160051
            ],
            [
              56.1361209,
              54.8160215
            ],
            [
              56.1357722,
              54.8161199
            ],
            [
              56.1356868,
              54.8162839
            ],
            [
              56.1360569,
              54.816407
            ],
            [
              56.1364483,
              54.8164685
            ],
            [
              56.1362846,
              54.8165874
            ],
            [
              56.1361636,
              54.8166981
            ],
            [
              56.1363131,
              54.8168089
            ],
            [
              56.136623,
              54.8169773
            ],
            [
              56.136623,
              54.8170933
            ],
            [
              56.1367639,
              54.817218
            ],
            [
              56.1365224,
              54.8172963
            ],
            [
              56.1359537,
              54.817276
            ],
            [
              56.1354856,
              54.8173195
            ],
            [
              56.1353095,
              54.8174587
            ],
            [
              56.1353195,
              54.8175689
            ],
            [
              56.1355108,
              54.8177341
            ],
            [
              56.1358077,
              54.8178675
            ],
            [
              56.1361147,
              54.8179719
            ],
            [
              56.1362456,
              54.8181662
            ],
            [
              56.13616,
              54.8184272
            ],
            [
              56.135853,
              54.8185258
            ],
            [
              56.1355204,
              54.8186043
            ],
            [
              56.1351859,
              54.818676
            ],
            [
              56.1351397,
              54.8187888
            ],
            [
              56.1353212,
              54.8189139
            ],
            [
              56.1353852,
              54.8190615
            ],
            [
              56.1352322,
              54.8192317
            ],
            [
              56.1351681,
              54.8194224
            ],
            [
              56.1350827,
              54.8195147
            ],
            [
              56.1349546,
              54.8196131
            ],
            [
              56.1348407,
              54.8199268
            ],
            [
              56.134645,
              54.8201585
            ],
            [
              56.1343852,
              54.8203984
            ],
            [
              56.1340471,
              54.8204476
            ],
            [
              56.1335987,
              54.8204373
            ],
            [
              56.1335809,
              54.820546
            ],
            [
              56.1333781,
              54.8205562
            ],
            [
              56.1335169,
              54.8203963
            ],
            [
              56.1335098,
              54.8202487
            ],
            [
              56.1332713,
              54.8201277
            ],
            [
              56.1329759,
              54.8199945
            ],
            [
              56.1327482,
              54.8200191
            ],
            [
              56.1325311,
              54.8200744
            ],
            [
              56.1322891,
              54.8201195
            ],
            [
              56.1322215,
              54.820181
            ],
            [
              56.1324101,
              54.8205398
            ],
            [
              56.1326575,
              54.8207314
            ],
            [
              56.1324824,
              54.8211083
            ],
            [
              56.1325184,
              54.8214154
            ],
            [
              56.1326874,
              54.8215983
            ],
            [
              56.1325869,
              54.8222522
            ],
            [
              56.1326743,
              54.8228356
            ],
            [
              56.1328054,
              54.8232804
            ],
            [
              56.1324485,
              54.8236874
            ],
            [
              56.1324048,
              54.8240693
            ],
            [
              56.1335557,
              54.8244428
            ],
            [
              56.134153,
              54.8246358
            ],
            [
              56.1349033,
              54.8247827
            ],
            [
              56.1354714,
              54.8250177
            ],
            [
              56.1356244,
              54.8256723
            ],
            [
              56.1359085,
              54.8260164
            ],
            [
              56.1359111,
              54.8262237
            ],
            [
              56.1354894,
              54.8265
            ],
            [
              56.1347145,
              54.8265486
            ],
            [
              56.1341558,
              54.8265699
            ],
            [
              56.1338606,
              54.8269555
            ],
            [
              56.1336181,
              54.8272015
            ],
            [
              56.1333071,
              54.8273199
            ],
            [
              56.1326956,
              54.8275173
            ],
            [
              56.1326798,
              54.8278452
            ],
            [
              56.1331068,
              54.827994
            ],
            [
              56.1331489,
              54.828246
            ],
            [
              56.1331806,
              54.828413
            ],
            [
              56.1329908,
              54.8286043
            ],
            [
              56.1333492,
              54.828826
            ],
            [
              56.1340187,
              54.8288442
            ],
            [
              56.1345827,
              54.828829
            ],
            [
              56.1346829,
              54.8287471
            ],
            [
              56.1345933,
              54.8284434
            ],
            [
              56.1348463,
              54.8282643
            ],
            [
              56.1350782,
              54.8282096
            ],
            [
              56.1359638,
              54.8282339
            ],
            [
              56.1361536,
              54.8283614
            ],
            [
              56.1362801,
              54.8286469
            ],
            [
              56.1361852,
              54.8288169
            ],
            [
              56.1360587,
              54.8289201
            ],
            [
              56.1356476,
              54.8290386
            ],
            [
              56.1353576,
              54.8291327
            ],
            [
              56.1354525,
              54.829239
            ],
            [
              56.1358162,
              54.8292086
            ],
            [
              56.1360534,
              54.8292298
            ],
            [
              56.1362327,
              54.8292906
            ],
            [
              56.1363908,
              54.8294667
            ],
            [
              56.1365648,
              54.8296974
            ],
            [
              56.1367229,
              54.8299343
            ],
            [
              56.1373124,
              54.8297586
            ],
            [
              56.1465472,
              54.8278311
            ],
            [
              56.1470801,
              54.8285281
            ],
            [
              56.1470746,
              54.8290096
            ],
            [
              56.1492264,
              54.8307863
            ],
            [
              56.150048,
              54.831042
            ],
            [
              56.1518021,
              54.8322698
            ],
            [
              56.1589517,
              54.8396482
            ],
            [
              56.1589073,
              54.8402492
            ],
            [
              56.1649023,
              54.8484954
            ],
            [
              56.1655018,
              54.8483804
            ],
            [
              56.166723,
              54.8493647
            ],
            [
              56.1669542,
              54.8501839
            ],
            [
              56.1659329,
              54.8502223
            ],
            [
              56.1666989,
              54.8518201
            ],
            [
              56.1666434,
              54.8526382
            ],
            [
              56.16671,
              54.8533476
            ],
            [
              56.1638568,
              54.8529897
            ],
            [
              56.1630575,
              54.8530472
            ],
            [
              56.1584502,
              54.8538972
            ],
            [
              56.15603,
              54.8547536
            ],
            [
              56.1544202,
              54.85584
            ],
            [
              56.1533655,
              54.8560509
            ],
            [
              56.1534433,
              54.8570862
            ],
            [
              56.1558524,
              54.8583004
            ],
            [
              56.1559634,
              54.858901
            ],
            [
              56.1524844,
              54.8590392
            ],
            [
              56.1521058,
              54.8596248
            ],
            [
              56.1513509,
              54.8597782
            ],
            [
              56.1498854,
              54.8634587
            ],
            [
              56.1501075,
              54.8653371
            ],
            [
              56.1482424,
              54.8664871
            ],
            [
              56.1472432,
              54.8680332
            ],
            [
              56.1482202,
              54.8688382
            ],
            [
              56.155836,
              54.8700137
            ],
            [
              56.1651838,
              54.8707675
            ],
            [
              56.1663606,
              54.8717641
            ],
            [
              56.1684034,
              54.8716235
            ],
            [
              56.1694914,
              54.8717002
            ],
            [
              56.170868,
              54.872339
            ],
            [
              56.1819921,
              54.8729203
            ],
            [
              56.1833243,
              54.8735846
            ],
            [
              56.1859221,
              54.8733355
            ],
            [
              56.1865248,
              54.872834
            ],
            [
              56.1858999,
              54.8700009
            ],
            [
              56.1896746,
              54.8675477
            ],
            [
              56.1923834,
              54.8676116
            ],
            [
              56.1960852,
              54.8666578
            ],
            [
              56.2043403,
              54.8669339
            ],
            [
              56.2143098,
              54.8667039
            ],
            [
              56.2205046,
              54.8650044
            ],
            [
              56.2217702,
              54.8641099
            ],
            [
              56.2206378,
              54.8586914
            ],
            [
              56.2318283,
              54.8551731
            ],
            [
              56.2351097,
              54.8551912
            ],
            [
              56.2362715,
              54.8569264
            ],
            [
              56.2376375,
              54.8569987
            ],
            [
              56.2383283,
              54.8567005
            ],
            [
              56.241908,
              54.8586435
            ],
            [
              56.2421325,
              54.8600439
            ],
            [
              56.2440432,
              54.8607853
            ],
            [
              56.2452679,
              54.8603877
            ],
            [
              56.248466,
              54.8619559
            ],
            [
              56.2483069,
              54.8628603
            ],
            [
              56.2473425,
              54.8651996
            ],
            [
              56.2473558,
              54.8672585
            ],
            [
              56.2500736,
              54.8708112
            ],
            [
              56.2539592,
              54.8733536
            ],
            [
              56.2579559,
              54.8752827
            ],
            [
              56.2651055,
              54.8777738
            ],
            [
              56.2672285,
              54.8777546
            ],
            [
              56.267837,
              54.8778631
            ],
            [
              56.2682788,
              54.8779423
            ],
            [
              56.2688141,
              54.8779656
            ],
            [
              56.2695972,
              54.8779576
            ],
            [
              56.270051,
              54.8778908
            ],
            [
              56.2703483,
              54.8778543
            ],
            [
              56.2706282,
              54.8777894
            ],
            [
              56.2709623,
              54.8777358
            ],
            [
              56.2710234,
              54.8777017
            ],
            [
              56.2711141,
              54.8776888
            ],
            [
              56.2712802,
              54.8776942
            ],
            [
              56.2714335,
              54.8776927
            ],
            [
              56.2717955,
              54.8777392
            ],
            [
              56.2719198,
              54.8777379
            ],
            [
              56.2721567,
              54.8777619
            ],
            [
              56.2722555,
              54.8777393
            ],
            [
              56.2723337,
              54.8777218
            ],
            [
              56.2724884,
              54.8777608
            ],
            [
              56.2725852,
              54.8778148
            ],
            [
              56.2727843,
              54.8778175
            ],
            [
              56.2734468,
              54.8779303
            ],
            [
              56.2736508,
              54.8779593
            ],
            [
              56.2737669,
              54.8779629
            ],
            [
              56.2738256,
              54.8779838
            ],
            [
              56.2738479,
              54.8780361
            ],
            [
              56.273949,
              54.8780947
            ],
            [
              56.2729355,
              54.8794769
            ],
            [
              56.2720531,
              54.8806835
            ],
            [
              56.271618,
              54.881278
            ],
            [
              56.2714602,
              54.8814063
            ],
            [
              56.2711693,
              54.8816482
            ],
            [
              56.2710056,
              54.8817192
            ],
            [
              56.2709348,
              54.8818418
            ],
            [
              56.2707722,
              54.8819462
            ],
            [
              56.2706499,
              54.8821506
            ],
            [
              56.2705715,
              54.882431
            ],
            [
              56.2703619,
              54.8826291
            ],
            [
              56.2701013,
              54.8829162
            ],
            [
              56.2700264,
              54.8830412
            ],
            [
              56.2699739,
              54.8832793
            ],
            [
              56.2699552,
              54.8836967
            ],
            [
              56.2698683,
              54.8840956
            ],
            [
              56.2698528,
              54.8843012
            ],
            [
              56.2699467,
              54.8845267
            ],
            [
              56.2697042,
              54.8846702
            ],
            [
              56.2697211,
              54.8849171
            ],
            [
              56.2700269,
              54.885259
            ],
            [
              56.2703285,
              54.8855556
            ],
            [
              56.2705785,
              54.8857002
            ],
            [
              56.2702219,
              54.8866212
            ],
            [
              56.2701782,
              54.8868002
            ],
            [
              56.2700663,
              54.8870843
            ],
            [
              56.2700912,
              54.8871813
            ],
            [
              56.2701383,
              54.8872647
            ],
            [
              56.2690459,
              54.8879158
            ],
            [
              56.2688373,
              54.8880072
            ],
            [
              56.2687503,
              54.8880872
            ],
            [
              56.2686903,
              54.8881101
            ],
            [
              56.268534,
              54.8881514
            ],
            [
              56.268502,
              54.8881648
            ],
            [
              56.2684542,
              54.8882181
            ],
            [
              56.2691008,
              54.8888717
            ],
            [
              56.269315,
              54.8889629
            ],
            [
              56.2693566,
              54.8891872
            ],
            [
              56.2695596,
              54.8893622
            ],
            [
              56.2697335,
              54.8894498
            ],
            [
              56.26991,
              54.8895373
            ],
            [
              56.2699301,
              54.8896589
            ],
            [
              56.2699253,
              54.8897681
            ],
            [
              56.2699019,
              54.8899217
            ],
            [
              56.269843,
              54.8901295
            ],
            [
              56.2697026,
              54.8902735
            ],
            [
              56.2696084,
              54.890356
            ],
            [
              56.2692581,
              54.8905623
            ],
            [
              56.2687802,
              54.8909079
            ],
            [
              56.2684028,
              54.8910839
            ],
            [
              56.267509,
              54.8916232
            ],
            [
              56.2671759,
              54.8918795
            ],
            [
              56.2670999,
              54.8919879
            ],
            [
              56.2671304,
              54.8920711
            ],
            [
              56.2672428,
              54.8920834
            ],
            [
              56.2673406,
              54.8920743
            ],
            [
              56.2675353,
              54.8920293
            ],
            [
              56.2680718,
              54.891865
            ],
            [
              56.2685651,
              54.8916609
            ],
            [
              56.2689905,
              54.8915247
            ],
            [
              56.2690838,
              54.8915238
            ],
            [
              56.2691873,
              54.8915496
            ],
            [
              56.2692308,
              54.891595
            ],
            [
              56.2692318,
              54.8916272
            ],
            [
              56.2691681,
              54.8916844
            ],
            [
              56.2690215,
              54.8917747
            ],
            [
              56.2687006,
              54.891969
            ],
            [
              56.2685081,
              54.8920839
            ],
            [
              56.2680846,
              54.892282
            ],
            [
              56.2675465,
              54.8925512
            ],
            [
              56.2671354,
              54.8926953
            ],
            [
              56.2667352,
              54.8929478
            ],
            [
              56.2667608,
              54.8930205
            ],
            [
              56.2668045,
              54.8930607
            ],
            [
              56.2668668,
              54.8930721
            ],
            [
              56.2673631,
              54.8929648
            ],
            [
              56.2678635,
              54.8928386
            ],
            [
              56.2682647,
              54.8928265
            ],
            [
              56.268579,
              54.8928771
            ],
            [
              56.2688167,
              54.8930173
            ],
            [
              56.2688209,
              54.8931545
            ],
            [
              56.268699,
              54.8932903
            ],
            [
              56.2683511,
              54.8935145
            ],
            [
              56.2682592,
              54.8937146
            ],
            [
              56.2683205,
              54.8938192
            ],
            [
              56.2680931,
              54.8939039
            ],
            [
              56.2680182,
              54.8939927
            ],
            [
              56.268005,
              54.894097
            ],
            [
              56.2676027,
              54.8942352
            ],
            [
              56.2671473,
              54.8943017
            ],
            [
              56.2665961,
              54.8944644
            ],
            [
              56.265792,
              54.8947191
            ],
            [
              56.2652072,
              54.8948328
            ],
            [
              56.2650526,
              54.8948182
            ],
            [
              56.2649045,
              54.89486
            ],
            [
              56.2647994,
              54.8949337
            ],
            [
              56.2643422,
              54.8951025
            ],
            [
              56.2629574,
              54.8954744
            ],
            [
              56.2613966,
              54.8958885
            ],
            [
              56.2606671,
              54.8960194
            ],
            [
              56.2602558,
              54.8960777
            ],
            [
              56.2597777,
              54.8962359
            ],
            [
              56.2593879,
              54.8963152
            ],
            [
              56.2590104,
              54.8963405
            ],
            [
              56.2587376,
              54.8962732
            ],
            [
              56.258649,
              54.8962768
            ],
            [
              56.25846,
              54.8963568
            ],
            [
              56.2584059,
              54.8964219
            ],
            [
              56.2582568,
              54.8964315
            ],
            [
              56.2581303,
              54.8964166
            ],
            [
              56.2579734,
              54.8964801
            ],
            [
              56.2571439,
              54.8965342
            ],
            [
              56.257071,
              54.8965941
            ],
            [
              56.2570093,
              54.8967131
            ],
            [
              56.2569516,
              54.8968133
            ],
            [
              56.2569966,
              54.8969097
            ],
            [
              56.2570981,
              54.8970244
            ],
            [
              56.2574068,
              54.8971962
            ],
            [
              56.2576328,
              54.8972559
            ],
            [
              56.2581886,
              54.8974198
            ],
            [
              56.2584817,
              54.8975325
            ],
            [
              56.2589019,
              54.8976871
            ],
            [
              56.2591676,
              54.897827
            ],
            [
              56.2596183,
              54.8980593
            ],
            [
              56.2599125,
              54.8982151
            ],
            [
              56.2601883,
              54.8983765
            ],
            [
              56.2603685,
              54.8984662
            ],
            [
              56.2605288,
              54.8985211
            ],
            [
              56.2606231,
              54.8985524
            ],
            [
              56.2607216,
              54.8985649
            ],
            [
              56.2609507,
              54.8985733
            ],
            [
              56.2610538,
              54.8985857
            ],
            [
              56.2611291,
              54.8986092
            ],
            [
              56.2612295,
              54.8986782
            ],
            [
              56.261389,
              54.8988595
            ],
            [
              56.2614924,
              54.8990361
            ],
            [
              56.2616186,
              54.8991909
            ],
            [
              56.2617992,
              54.8994501
            ],
            [
              56.2618526,
              54.8995169
            ],
            [
              56.2618588,
              54.8995652
            ],
            [
              56.2618598,
              54.8995975
            ],
            [
              56.2618336,
              54.8996596
            ],
            [
              56.2617974,
              54.8997004
            ],
            [
              56.2617155,
              54.8997684
            ],
            [
              56.2615923,
              54.8998639
            ],
            [
              56.26154,
              54.8999445
            ],
            [
              56.260028,
              54.8998252
            ],
            [
              56.258436,
              54.8996852
            ],
            [
              56.2570645,
              54.8995725
            ],
            [
              56.256639,
              54.8995526
            ],
            [
              56.2562974,
              54.8995318
            ],
            [
              56.2560548,
              54.8995343
            ],
            [
              56.2531909,
              54.8994904
            ],
            [
              56.2513037,
              54.899469
            ],
            [
              56.2490478,
              54.8994511
            ],
            [
              56.2476137,
              54.8994332
            ],
            [
              56.2456846,
              54.8994121
            ],
            [
              56.243984,
              54.8993833
            ],
            [
              56.2422561,
              54.899379
            ],
            [
              56.2407611,
              54.8993507
            ],
            [
              56.2397234,
              54.8993153
            ],
            [
              56.2384671,
              54.8993089
            ],
            [
              56.2355665,
              54.8992811
            ],
            [
              56.2342021,
              54.8992543
            ],
            [
              56.2328896,
              54.8992404
            ],
            [
              56.2312914,
              54.8991943
            ],
            [
              56.2299369,
              54.8991834
            ],
            [
              56.2293621,
              54.8991728
            ],
            [
              56.2272695,
              54.8991477
            ],
            [
              56.2266063,
              54.899161
            ],
            [
              56.2253001,
              54.8991859
            ],
            [
              56.2215873,
              54.8993245
            ],
            [
              56.2192919,
              54.8993953
            ],
            [
              56.2182839,
              54.8994159
            ],
            [
              56.217203,
              54.8995018
            ],
            [
              56.2149036,
              54.8997476
            ],
            [
              56.2130888,
              54.8999697
            ],
            [
              56.2109347,
              54.9002408
            ],
            [
              56.2099202,
              54.9003583
            ],
            [
              56.2084682,
              54.9005285
            ],
            [
              56.2083275,
              54.9005029
            ],
            [
              56.2081856,
              54.9005132
            ],
            [
              56.2080028,
              54.9005047
            ],
            [
              56.2079103,
              54.9004504
            ],
            [
              56.2078983,
              54.9003591
            ],
            [
              56.2079471,
              54.9002724
            ],
            [
              56.2079264,
              54.9001771
            ],
            [
              56.2080781,
              54.9001178
            ],
            [
              56.2082891,
              54.8999866
            ],
            [
              56.208532,
              54.8996694
            ],
            [
              56.2089078,
              54.8995851
            ],
            [
              56.209218,
              54.8994932
            ],
            [
              56.2093072,
              54.8993498
            ],
            [
              56.2092367,
              54.8993081
            ],
            [
              56.2092264,
              54.8993021
            ],
            [
              56.2089553,
              54.899294
            ],
            [
              56.2087103,
              54.8992183
            ],
            [
              56.2087343,
              54.8990835
            ],
            [
              56.2087661,
              54.8987307
            ],
            [
              56.2086934,
              54.8984757
            ],
            [
              56.2085884,
              54.8983986
            ],
            [
              56.2084665,
              54.898381
            ],
            [
              56.2084617,
              54.8982169
            ],
            [
              56.208537,
              54.8979134
            ],
            [
              56.2085268,
              54.8977265
            ],
            [
              56.2084548,
              54.8974985
            ],
            [
              56.2084453,
              54.8973216
            ],
            [
              56.2084446,
              54.8973075
            ],
            [
              56.2082213,
              54.8971751
            ],
            [
              56.2080614,
              54.8971417
            ],
            [
              56.2079545,
              54.8971588
            ],
            [
              56.2078845,
              54.8972686
            ],
            [
              56.2078494,
              54.8973207
            ],
            [
              56.207816,
              54.8973701
            ],
            [
              56.2077263,
              54.8973866
            ],
            [
              56.2076303,
              54.8974041
            ],
            [
              56.2075546,
              54.8973753
            ],
            [
              56.2075715,
              54.8973133
            ],
            [
              56.2074807,
              54.8972388
            ],
            [
              56.2074739,
              54.8971689
            ],
            [
              56.2073378,
              54.897146
            ],
            [
              56.2073314,
              54.8970842
            ],
            [
              56.2073049,
              54.8969795
            ],
            [
              56.2072139,
              54.8968996
            ],
            [
              56.2070006,
              54.8967913
            ],
            [
              56.2064134,
              54.8963441
            ],
            [
              56.2062368,
              54.8962096
            ],
            [
              56.2060552,
              54.8960712
            ],
            [
              56.205849,
              54.8960497
            ],
            [
              56.2025762,
              54.8957087
            ],
            [
              56.2021508,
              54.8956866
            ],
            [
              56.2021453,
              54.8956875
            ],
            [
              56.2018923,
              54.8957302
            ],
            [
              56.201797,
              54.8957462
            ],
            [
              56.2016001,
              54.8957158
            ],
            [
              56.2012096,
              54.8957201
            ],
            [
              56.2009292,
              54.8957707
            ],
            [
              56.200518,
              54.8957585
            ],
            [
              56.1998709,
              54.8956652
            ],
            [
              56.1993202,
              54.8956705
            ],
            [
              56.1987952,
              54.8957616
            ],
            [
              56.1986183,
              54.8958112
            ],
            [
              56.1983182,
              54.8958953
            ],
            [
              56.1979052,
              54.8959827
            ],
            [
              56.1975895,
              54.8960477
            ],
            [
              56.1972955,
              54.8960505
            ],
            [
              56.1970339,
              54.8960476
            ],
            [
              56.1968314,
              54.8959903
            ],
            [
              56.1966302,
              54.8959734
            ],
            [
              56.1961867,
              54.8959776
            ],
            [
              56.1959394,
              54.89598
            ],
            [
              56.1955861,
              54.8960372
            ],
            [
              56.1951531,
              54.8960791
            ],
            [
              56.1945477,
              54.8962974
            ],
            [
              56.1940803,
              54.8964391
            ],
            [
              56.1935461,
              54.8965384
            ],
            [
              56.1929453,
              54.8967541
            ],
            [
              56.1926672,
              54.8968267
            ],
            [
              56.1925666,
              54.896876
            ],
            [
              56.1925556,
              54.8968814
            ],
            [
              56.1924322,
              54.8969339
            ],
            [
              56.1922557,
              54.8969705
            ],
            [
              56.1920555,
              54.8969886
            ],
            [
              56.1919697,
              54.8970889
            ],
            [
              56.1916884,
              54.89721
            ],
            [
              56.1915731,
              54.8972622
            ],
            [
              56.1914914,
              54.8973438
            ],
            [
              56.1914369,
              54.8973927
            ],
            [
              56.1926007,
              54.8986311
            ],
            [
              56.1922681,
              54.8986619
            ],
            [
              56.1915064,
              54.8984645
            ],
            [
              56.1902511,
              54.8979154
            ],
            [
              56.1896288,
              54.8976872
            ],
            [
              56.1887705,
              54.8976748
            ],
            [
              56.1880088,
              54.8979278
            ],
            [
              56.1874509,
              54.8982486
            ],
            [
              56.187526,
              54.8985447
            ],
            [
              56.1873865,
              54.8986989
            ],
            [
              56.187011,
              54.8986619
            ],
            [
              56.1865926,
              54.8985077
            ],
            [
              56.18626,
              54.8984954
            ],
            [
              56.1859703,
              54.8984954
            ],
            [
              56.1858523,
              54.8982424
            ],
            [
              56.1863243,
              54.8980018
            ],
            [
              56.1868179,
              54.8977612
            ],
            [
              56.1873865,
              54.8974527
            ],
            [
              56.1884594,
              54.8972306
            ],
            [
              56.1883868,
              54.8970814
            ],
            [
              56.1881068,
              54.897016
            ],
            [
              56.1878579,
              54.8970157
            ],
            [
              56.1875056,
              54.8970055
            ],
            [
              56.1872064,
              54.8970301
            ],
            [
              56.1869095,
              54.897042
            ],
            [
              56.1866916,
              54.8970196
            ],
            [
              56.186454,
              54.8969972
            ],
            [
              56.1862363,
              54.8970203
            ],
            [
              56.1859989,
              54.8970436
            ],
            [
              56.184811,
              54.8970227
            ],
            [
              56.1838268,
              54.8969847
            ],
            [
              56.182396,
              54.8970723
            ],
            [
              56.1795876,
              54.8970886
            ],
            [
              56.177306,
              54.8970939
            ],
            [
              56.1765797,
              54.8971453
            ],
            [
              56.175721,
              54.897244
            ],
            [
              56.1749573,
              54.8972985
            ],
            [
              56.1744492,
              54.8973453
            ],
            [
              56.1739494,
              54.8974051
            ],
            [
              56.1738655,
              54.8974509
            ],
            [
              56.1736749,
              54.8977719
            ],
            [
              56.1734957,
              54.8979116
            ],
            [
              56.1733136,
              54.8979513
            ],
            [
              56.1731222,
              54.8979002
            ],
            [
              56.1730155,
              54.8977768
            ],
            [
              56.1730612,
              54.8975747
            ],
            [
              56.1731147,
              54.8973875
            ],
            [
              56.1728065,
              54.8972769
            ],
            [
              56.1723106,
              54.8971733
            ],
            [
              56.1716266,
              54.8971696
            ],
            [
              56.1713404,
              54.8972853
            ],
            [
              56.1711869,
              54.8974697
            ],
            [
              56.1709557,
              54.8975238
            ],
            [
              56.1706441,
              54.8975162
            ],
            [
              56.1702824,
              54.8973438
            ],
            [
              56.1698563,
              54.8972179
            ],
            [
              56.1691523,
              54.8973868
            ],
            [
              56.1687395,
              54.8975746
            ],
            [
              56.1684328,
              54.897683
            ],
            [
              56.1683956,
              54.8978349
            ],
            [
              56.168837,
              54.8981988
            ],
            [
              56.1688384,
              54.8982475
            ],
            [
              56.1687929,
              54.8982993
            ],
            [
              56.1684891,
              54.8983536
            ],
            [
              56.167505,
              54.8984196
            ],
            [
              56.163812,
              54.8986542
            ],
            [
              56.1633236,
              54.8985705
            ],
            [
              56.1631393,
              54.8983129
            ],
            [
              56.1626076,
              54.8976618
            ],
            [
              56.1621055,
              54.8973122
            ],
            [
              56.1612645,
              54.8972057
            ],
            [
              56.1612607,
              54.8971923
            ],
            [
              56.1605667,
              54.8964833
            ],
            [
              56.1595719,
              54.8962862
            ],
            [
              56.1581928,
              54.89615
            ],
            [
              56.1570281,
              54.8959591
            ],
            [
              56.1568723,
              54.8961216
            ],
            [
              56.1558023,
              54.8959586
            ],
            [
              56.1559383,
              54.8957643
            ],
            [
              56.1562291,
              54.8948751
            ],
            [
              56.156055,
              54.8945302
            ],
            [
              56.1560491,
              54.8945233
            ],
            [
              56.1554661,
              54.8938556
            ],
            [
              56.1553524,
              54.8937329
            ],
            [
              56.1551627,
              54.8935278
            ],
            [
              56.1549271,
              54.893142
            ],
            [
              56.1546456,
              54.8926345
            ],
            [
              56.154531,
              54.8922572
            ],
            [
              56.1541912,
              54.8918911
            ],
            [
              56.1539531,
              54.8916528
            ],
            [
              56.1535134,
              54.8912244
            ],
            [
              56.1532476,
              54.8909307
            ],
            [
              56.1530704,
              54.8906757
            ],
            [
              56.1527484,
              54.8903109
            ],
            [
              56.1524033,
              54.8900675
            ],
            [
              56.1521936,
              54.8897784
            ],
            [
              56.1519968,
              54.88957
            ],
            [
              56.151773,
              54.8893336
            ],
            [
              56.151397,
              54.8889268
            ],
            [
              56.1512676,
              54.8886655
            ],
            [
              56.1509468,
              54.8880209
            ],
            [
              56.1509113,
              54.8879107
            ],
            [
              56.1508451,
              54.8877284
            ],
            [
              56.1506679,
              54.8873451
            ],
            [
              56.1505577,
              54.8871035
            ],
            [
              56.1505388,
              54.8869279
            ],
            [
              56.1503419,
              54.8865241
            ],
            [
              56.1502062,
              54.8861817
            ],
            [
              56.1501433,
              54.8859988
            ],
            [
              56.1501549,
              54.8858467
            ],
            [
              56.1502235,
              54.8856646
            ],
            [
              56.1503049,
              54.8845153
            ],
            [
              56.1504983,
              54.8844367
            ],
            [
              56.1481676,
              54.8798724
            ],
            [
              56.1481032,
              54.879795
            ],
            [
              56.1458126,
              54.8779177
            ],
            [
              56.1447673,
              54.8770609
            ],
            [
              56.1438495,
              54.8774583
            ],
            [
              56.1433258,
              54.8773313
            ],
            [
              56.1431096,
              54.8772403
            ],
            [
              56.1427906,
              54.8764712
            ],
            [
              56.1423135,
              54.8753135
            ],
            [
              56.1415467,
              54.8753347
            ],
            [
              56.1401878,
              54.874476
            ],
            [
              56.1387815,
              54.8735959
            ],
            [
              56.1383287,
              54.872849
            ],
            [
              56.1347316,
              54.8732834
            ],
            [
              56.1347149,
              54.8732081
            ],
            [
              56.134525,
              54.8728592
            ],
            [
              56.1341202,
              54.8729192
            ],
            [
              56.1330774,
              54.8730916
            ],
            [
              56.1308781,
              54.8733856
            ],
            [
              56.1304851,
              54.87372
            ],
            [
              56.129899,
              54.874249
            ],
            [
              56.1295219,
              54.8746222
            ],
            [
              56.1292855,
              54.8750004
            ],
            [
              56.1293546,
              54.8758081
            ],
            [
              56.1294097,
              54.8770355
            ],
            [
              56.1316137,
              54.879416
            ],
            [
              56.13169,
              54.8794241
            ],
            [
              56.1345509,
              54.8820242
            ],
            [
              56.1356297,
              54.8830045
            ],
            [
              56.1365851,
              54.8839693
            ],
            [
              56.1373827,
              54.8847747
            ],
            [
              56.1391002,
              54.8856671
            ],
            [
              56.1397344,
              54.8859293
            ],
            [
              56.1403442,
              54.8862493
            ],
            [
              56.1429888,
              54.8874866
            ],
            [
              56.1425931,
              54.8877248
            ],
            [
              56.1436372,
              54.8882114
            ],
            [
              56.1444036,
              54.8886066
            ],
            [
              56.1448932,
              54.8890113
            ],
            [
              56.145468,
              54.8895113
            ],
            [
              56.1464762,
              54.8904115
            ],
            [
              56.1474998,
              54.8912964
            ],
            [
              56.1452862,
              54.8911894
            ],
            [
              56.1442353,
              54.8912181
            ],
            [
              56.1435675,
              54.8912273
            ],
            [
              56.1424498,
              54.8912496
            ],
            [
              56.1415301,
              54.8912752
            ],
            [
              56.1407011,
              54.8912827
            ],
            [
              56.1391267,
              54.8912789
            ],
            [
              56.1381869,
              54.8913977
            ],
            [
              56.1390412,
              54.893252
            ],
            [
              56.1396424,
              54.8935081
            ],
            [
              56.1395964,
              54.8951175
            ],
            [
              56.1391351,
              54.896203
            ],
            [
              56.1389281,
              54.8973294
            ],
            [
              56.1389739,
              54.897326
            ],
            [
              56.1391625,
              54.897317
            ],
            [
              56.1392958,
              54.8973159
            ],
            [
              56.1395837,
              54.8973289
            ],
            [
              56.1400155,
              54.8973616
            ],
            [
              56.1402006,
              54.8974466
            ],
            [
              56.1406186,
              54.8979481
            ],
            [
              56.1445788,
              54.8981596
            ],
            [
              56.1502027,
              54.8984828
            ],
            [
              56.15044,
              54.8984483
            ],
            [
              56.1541004,
              54.8986378
            ],
            [
              56.1532293,
              54.8992106
            ],
            [
              56.1533711,
              54.8992457
            ],
            [
              56.1526004,
              54.8997033
            ],
            [
              56.1524735,
              54.8998694
            ],
            [
              56.1524913,
              54.9002703
            ],
            [
              56.1524958,
              54.9003424
            ],
            [
              56.1525141,
              54.9006927
            ],
            [
              56.1546928,
              54.9008223
            ],
            [
              56.1555736,
              54.9008444
            ],
            [
              56.155633,
              54.9012956
            ],
            [
              56.1556498,
              54.9014711
            ],
            [
              56.1535585,
              54.9032311
            ],
            [
              56.1511183,
              54.903334
            ],
            [
              56.1488317,
              54.9051847
            ],
            [
              56.1486573,
              54.9054512
            ],
            [
              56.1484999,
              54.9057252
            ],
            [
              56.1485063,
              54.9059271
            ],
            [
              56.1484618,
              54.9060674
            ],
            [
              56.1485811,
              54.9062157
            ],
            [
              56.1488588,
              54.9063637
            ],
            [
              56.1500385,
              54.9067373
            ],
            [
              56.1508417,
              54.907034
            ],
            [
              56.1525292,
              54.9078765
            ],
            [
              56.1546428,
              54.9095044
            ],
            [
              56.1553453,
              54.9101852
            ],
            [
              56.1559744,
              54.9109541
            ],
            [
              56.1565403,
              54.9115461
            ],
            [
              56.1590465,
              54.9132748
            ],
            [
              56.1598673,
              54.9152703
            ],
            [
              56.1618761,
              54.9160861
            ],
            [
              56.1622111,
              54.9184264
            ],
            [
              56.1608526,
              54.9199596
            ],
            [
              56.157576,
              54.9252314
            ],
            [
              56.1567126,
              54.9265754
            ],
            [
              56.1556928,
              54.9277771
            ],
            [
              56.155166,
              54.9281806
            ],
            [
              56.1633686,
              54.9323136
            ],
            [
              56.1521116,
              54.9381372
            ],
            [
              56.1544559,
              54.9414165
            ],
            [
              56.1535268,
              54.9413883
            ],
            [
              56.1531293,
              54.94379
            ],
            [
              56.1522818,
              54.9437346
            ],
            [
              56.1521124,
              54.9450216
            ],
            [
              56.151109,
              54.9464852
            ],
            [
              56.1475533,
              54.9459186
            ],
            [
              56.1441006,
              54.9460892
            ],
            [
              56.1428511,
              54.9472778
            ],
            [
              56.1439669,
              54.9485102
            ],
            [
              56.1430533,
              54.9487934
            ],
            [
              56.142359,
              54.9482245
            ],
            [
              56.1406961,
              54.9485891
            ],
            [
              56.1430865,
              54.9504623
            ],
            [
              56.1434167,
              54.9517396
            ],
            [
              56.1468336,
              54.9512112
            ],
            [
              56.1489299,
              54.9521958
            ],
            [
              56.1519154,
              54.9547985
            ],
            [
              56.1480335,
              54.9548111
            ],
            [
              56.1444012,
              54.9532743
            ],
            [
              56.1419177,
              54.9552844
            ],
            [
              56.1422718,
              54.9552844
            ],
            [
              56.1423951,
              54.9555709
            ],
            [
              56.1422181,
              54.9558789
            ],
            [
              56.1416978,
              54.9560052
            ],
            [
              56.1411674,
              54.9559283
            ],
            [
              56.1398792,
              54.9558296
            ],
            [
              56.1379051,
              54.9560884
            ],
            [
              56.137642,
              54.9562794
            ],
            [
              56.137476,
              54.9567968
            ],
            [
              56.1375296,
              54.9575915
            ],
            [
              56.1382592,
              54.9580658
            ],
            [
              56.1388063,
              54.9582383
            ],
            [
              56.1362665,
              54.9600475
            ],
            [
              56.1142721,
              54.9553522
            ],
            [
              56.1004677,
              54.9518762
            ],
            [
              56.1011267,
              54.9506236
            ],
            [
              56.1022322,
              54.9501697
            ],
            [
              56.1026501,
              54.9476096
            ],
            [
              56.1017214,
              54.9471563
            ],
            [
              56.102325,
              54.9458495
            ],
            [
              56.09964,
              54.9402299
            ],
            [
              56.0985544,
              54.9399047
            ],
            [
              56.0795221,
              54.938958
            ],
            [
              56.0795617,
              54.938718
            ],
            [
              56.0757188,
              54.9381948
            ],
            [
              56.0749759,
              54.9390484
            ],
            [
              56.0738151,
              54.9483563
            ],
            [
              56.0730722,
              54.9486497
            ],
            [
              56.0717256,
              54.9555292
            ],
            [
              56.0704255,
              54.9555558
            ],
            [
              56.0701469,
              54.9535828
            ],
            [
              56.0688003,
              54.9531561
            ],
            [
              56.0662465,
              54.9530761
            ],
            [
              56.0664787,
              54.950543
            ],
            [
              56.0499485,
              54.949743
            ],
            [
              56.0502735,
              54.9445961
            ],
            [
              56.0444229,
              54.9443294
            ],
            [
              56.0440515,
              54.9368344
            ],
            [
              56.0394546,
              54.9307254
            ],
            [
              56.0329539,
              54.9305387
            ],
            [
              56.0327218,
              54.9316592
            ],
            [
              56.0303537,
              54.9316058
            ],
            [
              56.0291929,
              54.9300851
            ],
            [
              56.0142878,
              54.9293915
            ],
            [
              56.0147522,
              54.9209064
            ],
            [
              55.9959696,
              54.9086088
            ],
            [
              55.9944367,
              54.9080478
            ],
            [
              56.0091428,
              54.9001416
            ],
            [
              56.0232989,
              54.893256
            ],
            [
              56.031924,
              54.8885299
            ],
            [
              56.0331098,
              54.8873205
            ],
            [
              56.0371249,
              54.8843804
            ],
            [
              56.037718,
              54.8839253
            ],
            [
              56.0417739,
              54.8810051
            ],
            [
              56.0500137,
              54.8772523
            ],
            [
              56.0538764,
              54.8745669
            ],
            [
              56.058711,
              54.8690832
            ],
            [
              56.0638834,
              54.8613801
            ],
            [
              56.0674618,
              54.8555236
            ],
            [
              56.0602026,
              54.8547644
            ],
            [
              56.0597107,
              54.8561564
            ],
            [
              56.0507284,
              54.8538339
            ],
            [
              56.0511804,
              54.8519969
            ],
            [
              56.0451289,
              54.8510988
            ],
            [
              56.0472151,
              54.8451729
            ],
            [
              56.0447826,
              54.8448322
            ],
            [
              56.0455692,
              54.8420593
            ],
            [
              56.0513824,
              54.8428207
            ],
            [
              56.0388532,
              54.8315433
            ],
            [
              56.0472874,
              54.8282761
            ],
            [
              56.0455458,
              54.8266341
            ],
            [
              56.0426208,
              54.8222985
            ],
            [
              56.0415664,
              54.8207045
            ],
            [
              56.0376552,
              54.8135229
            ],
            [
              56.0277756,
              54.8010949
            ],
            [
              56.0145093,
              54.7889244
            ],
            [
              56.006733,
              54.7843107
            ],
            [
              56.0112082,
              54.781951
            ],
            [
              56.0170833,
              54.7804849
            ],
            [
              56.017747,
              54.7801965
            ],
            [
              56.0183534,
              54.7799684
            ],
            [
              56.0184348,
              54.7798801
            ],
            [
              56.0191948,
              54.7785205
            ],
            [
              56.0196162,
              54.7780145
            ],
            [
              56.019914,
              54.7776794
            ],
            [
              56.0204126,
              54.7771184
            ],
            [
              56.0209121,
              54.7767674
            ],
            [
              56.0210441,
              54.7767323
            ],
            [
              56.0211936,
              54.7766925
            ],
            [
              56.0211253,
              54.7765139
            ],
            [
              56.0209548,
              54.7760684
            ],
            [
              56.0207569,
              54.7758489
            ],
            [
              56.0215958,
              54.7754994
            ],
            [
              56.0216854,
              54.7754599
            ],
            [
              56.0224496,
              54.7751354
            ],
            [
              56.0232705,
              54.774787
            ],
            [
              56.0239532,
              54.7744975
            ],
            [
              56.0244805,
              54.7742737
            ],
            [
              56.0248174,
              54.7741307
            ],
            [
              56.0255467,
              54.7738205
            ],
            [
              56.0256364,
              54.7737831
            ],
            [
              56.025768,
              54.7737269
            ],
            [
              56.0262502,
              54.7735241
            ],
            [
              56.0265246,
              54.773404
            ],
            [
              56.0267302,
              54.7733149
            ],
            [
              56.0267488,
              54.7733071
            ],
            [
              56.0269844,
              54.7732165
            ],
            [
              56.0270851,
              54.7731769
            ],
            [
              56.0290335,
              54.7747501
            ],
            [
              56.0291897,
              54.7749249
            ],
            [
              56.0293091,
              54.7751421
            ],
            [
              56.0329628,
              54.7832185
            ],
            [
              56.0330931,
              54.7831977
            ],
            [
              56.0334113,
              54.7831453
            ],
            [
              56.0339048,
              54.7830644
            ],
            [
              56.0349622,
              54.7829
            ],
            [
              56.0354421,
              54.7828254
            ],
            [
              56.0371961,
              54.7825528
            ],
            [
              56.0374795,
              54.7825167
            ],
            [
              56.0378253,
              54.7824726
            ],
            [
              56.0381754,
              54.7824263
            ],
            [
              56.0393629,
              54.7822596
            ],
            [
              56.0396433,
              54.7821924
            ],
            [
              56.0398604,
              54.7819922
            ],
            [
              56.0400738,
              54.7819588
            ],
            [
              56.0402469,
              54.7819317
            ],
            [
              56.0413295,
              54.7823372
            ],
            [
              56.0419736,
              54.7825957
            ],
            [
              56.0449873,
              54.7837365
            ],
            [
              56.0457387,
              54.7840021
            ],
            [
              56.0460346,
              54.7841063
            ],
            [
              56.0469444,
              54.7843448
            ],
            [
              56.0474248,
              54.7844707
            ],
            [
              56.0479237,
              54.7846132
            ],
            [
              56.0481428,
              54.7846758
            ],
            [
              56.0492925,
              54.7850129
            ],
            [
              56.0496746,
              54.7851136
            ],
            [
              56.050251,
              54.7852783
            ],
            [
              56.0504849,
              54.7853452
            ],
            [
              56.0507887,
              54.7854771
            ],
            [
              56.0509445,
              54.7855358
            ],
            [
              56.0511605,
              54.7856236
            ],
            [
              56.0520047,
              54.7859665
            ],
            [
              56.0527418,
              54.7862662
            ],
            [
              56.0539961,
              54.7867272
            ],
            [
              56.0557412,
              54.7874434
            ],
            [
              56.0556153,
              54.7875412
            ],
            [
              56.0554227,
              54.787691
            ],
            [
              56.0549264,
              54.7879857
            ],
            [
              56.0546677,
              54.7881752
            ],
            [
              56.0546359,
              54.7882792
            ],
            [
              56.054761,
              54.788366
            ],
            [
              56.0537904,
              54.7888749
            ],
            [
              56.0545843,
              54.7908464
            ],
            [
              56.0546225,
              54.7910945
            ],
            [
              56.0547856,
              54.7915566
            ],
            [
              56.0552882,
              54.7927237
            ],
            [
              56.0553307,
              54.7928316
            ],
            [
              56.0556718,
              54.7936249
            ],
            [
              56.0557329,
              54.7937841
            ],
            [
              56.0560418,
              54.7945886
            ],
            [
              56.0563027,
              54.7952681
            ],
            [
              56.0569407,
              54.7969624
            ],
            [
              56.0569516,
              54.7970164
            ],
            [
              56.0569538,
              54.7970291
            ],
            [
              56.043982,
              54.7962901
            ],
            [
              56.0400571,
              54.7960871
            ],
            [
              56.039464,
              54.7961128
            ],
            [
              56.0389891,
              54.7961792
            ],
            [
              56.0395733,
              54.7973762
            ],
            [
              56.0399334,
              54.7979342
            ],
            [
              56.0405014,
              54.7983888
            ],
            [
              56.0459581,
              54.8026911
            ],
            [
              56.0495678,
              54.8058587
            ],
            [
              56.0498548,
              54.8061777
            ],
            [
              56.0499095,
              54.8064534
            ],
            [
              56.0498813,
              54.8079348
            ],
            [
              56.0501663,
              54.8083608
            ],
            [
              56.0506736,
              54.8086671
            ],
            [
              56.0529988,
              54.8094635
            ],
            [
              56.0554822,
              54.8103322
            ],
            [
              56.0576998,
              54.8106158
            ],
            [
              56.0583196,
              54.810702
            ],
            [
              56.0600868,
              54.8108563
            ],
            [
              56.0601743,
              54.8108639
            ],
            [
              56.0613557,
              54.810967
            ],
            [
              56.0628621,
              54.8110985
            ],
            [
              56.0629201,
              54.8111036
            ],
            [
              56.0637438,
              54.811179
            ],
            [
              56.0640027,
              54.8112023
            ],
            [
              56.0644765,
              54.811243
            ],
            [
              56.0656495,
              54.8113506
            ],
            [
              56.0658508,
              54.8113687
            ],
            [
              56.0661047,
              54.8113916
            ],
            [
              56.0663972,
              54.8114179
            ],
            [
              56.0665027,
              54.8114274
            ],
            [
              56.0699463,
              54.8117535
            ],
            [
              56.0700655,
              54.8121003
            ],
            [
              56.0703132,
              54.8124071
            ],
            [
              56.0705494,
              54.8126996
            ],
            [
              56.0711312,
              54.8133956
            ],
            [
              56.072203,
              54.8146777
            ],
            [
              56.0722209,
              54.8146991
            ],
            [
              56.072239,
              54.8147207
            ],
            [
              56.0722621,
              54.8147484
            ],
            [
              56.0722825,
              54.8147728
            ],
            [
              56.0723426,
              54.8148408
            ],
            [
              56.0726721,
              54.8152134
            ],
            [
              56.0728695,
              54.8154367
            ],
            [
              56.0735711,
              54.8162303
            ],
            [
              56.0743891,
              54.8171643
            ],
            [
              56.0745168,
              54.8173159
            ],
            [
              56.0745324,
              54.8173406
            ],
            [
              56.0747604,
              54.817571
            ],
            [
              56.0747869,
              54.8176037
            ],
            [
              56.0748531,
              54.8176888
            ],
            [
              56.0750102,
              54.8178774
            ],
            [
              56.0750336,
              54.8178996
            ],
            [
              56.0751392,
              54.8180238
            ],
            [
              56.0755711,
              54.8185312
            ],
            [
              56.0755979,
              54.8185626
            ],
            [
              56.0757778,
              54.8185102
            ],
            [
              56.0786939,
              54.8176614
            ],
            [
              56.0803755,
              54.8171719
            ],
            [
              56.0843954,
              54.8160369
            ],
            [
              56.0851006,
              54.8168653
            ],
            [
              56.0866323,
              54.8164759
            ],
            [
              56.0882057,
              54.8160153
            ],
            [
              56.0891281,
              54.8157453
            ],
            [
              56.0892373,
              54.8156468
            ],
            [
              56.0893663,
              54.8155334
            ],
            [
              56.0896781,
              54.8154461
            ],
            [
              56.089774,
              54.8154193
            ],
            [
              56.0901118,
              54.8153247
            ],
            [
              56.0904717,
              54.815224
            ],
            [
              56.0909067,
              54.8151021
            ],
            [
              56.091132,
              54.8150175
            ],
            [
              56.0911447,
              54.8148667
            ],
            [
              56.0911873,
              54.8147354
            ],
            [
              56.091278,
              54.8147102
            ],
            [
              56.0923039,
              54.8144246
            ],
            [
              56.0932261,
              54.8141651
            ],
            [
              56.0934193,
              54.8141114
            ],
            [
              56.0941116,
              54.8139075
            ],
            [
              56.0942269,
              54.813874
            ],
            [
              56.0952396,
              54.8135832
            ],
            [
              56.0965106,
              54.8132102
            ],
            [
              56.0968922,
              54.8136428
            ],
            [
              56.0968036,
              54.8136691
            ],
            [
              56.0964259,
              54.8137814
            ],
            [
              56.0962598,
              54.8135883
            ],
            [
              56.0954411,
              54.8138258
            ],
            [
              56.09527,
              54.8138795
            ],
            [
              56.0952258,
              54.8138926
            ],
            [
              56.0947904,
              54.8140211
            ],
            [
              56.0948334,
              54.8140691
            ],
            [
              56.094942,
              54.8141944
            ],
            [
              56.0960494,
              54.8154713
            ],
            [
              56.0961363,
              54.8155002
            ]
          ]
        ]
      },
      "id": "relation/5523682"
    },
    {
      "type": "Feature",
      "properties": {
        "@id": "relation/5523739",
        "admin_level": "9",
        "boundary": "administrative",
        "name": "Калининский район",
        "name:ba": "Калинин районы",
        "type": "boundary",
        "wikidata": "Q4209624",
        "wikipedia": "ru:Калининский район (Уфа)"
      },
      "geometry": {
        "type": "Polygon",
        "coordinates": [
          [
            [
              56.0685433,
              54.7477952
            ],
            [
              56.0721355,
              54.7459553
            ],
            [
              56.0738795,
              54.7439976
            ],
            [
              56.0755943,
              54.7433085
            ],
            [
              56.0761453,
              54.7430466
            ],
            [
              56.0772778,
              54.7418326
            ],
            [
              56.0779934,
              54.7408591
            ],
            [
              56.0796884,
              54.7379363
            ],
            [
              56.0804569,
              54.7366359
            ],
            [
              56.0820063,
              54.7354396
            ],
            [
              56.084153,
              54.7343906
            ],
            [
              56.0892833,
              54.7320231
            ],
            [
              56.0906552,
              54.7306356
            ],
            [
              56.0907997,
              54.7295602
            ],
            [
              56.0903013,
              54.7283414
            ],
            [
              56.0886743,
              54.7269025
            ],
            [
              56.0879415,
              54.7265047
            ],
            [
              56.0918057,
              54.7239418
            ],
            [
              56.0892553,
              54.722452
            ],
            [
              56.0895191,
              54.7208774
            ],
            [
              56.0877309,
              54.7188118
            ],
            [
              56.0847408,
              54.7170678
            ],
            [
              56.0830699,
              54.7164243
            ],
            [
              56.0817507,
              54.7162211
            ],
            [
              56.0810754,
              54.7155739
            ],
            [
              56.0817101,
              54.7147126
            ],
            [
              56.0832349,
              54.7134354
            ],
            [
              56.0850615,
              54.7129921
            ],
            [
              56.0845173,
              54.7114487
            ],
            [
              56.0837539,
              54.7093903
            ],
            [
              56.0811753,
              54.7059839
            ],
            [
              56.0819319,
              54.7049511
            ],
            [
              56.0770095,
              54.7031692
            ],
            [
              56.078806,
              54.7010018
            ],
            [
              56.0876575,
              54.7041285
            ],
            [
              56.0877598,
              54.7056284
            ],
            [
              56.0902252,
              54.7075796
            ],
            [
              56.0919749,
              54.7066053
            ],
            [
              56.0934638,
              54.7046667
            ],
            [
              56.0924054,
              54.70049
            ],
            [
              56.0905465,
              54.6986273
            ],
            [
              56.0874178,
              54.697878
            ],
            [
              56.0838751,
              54.6974499
            ],
            [
              56.0816659,
              54.6962113
            ],
            [
              56.0820151,
              54.6944645
            ],
            [
              56.0824665,
              54.6929207
            ],
            [
              56.0857189,
              54.6911111
            ],
            [
              56.0863463,
              54.6894306
            ],
            [
              56.0859018,
              54.6816251
            ],
            [
              56.085023,
              54.6774633
            ],
            [
              56.0831989,
              54.6746947
            ],
            [
              56.0849583,
              54.6736511
            ],
            [
              56.0868248,
              54.6730715
            ],
            [
              56.0911483,
              54.671784
            ],
            [
              56.0936287,
              54.6725901
            ],
            [
              56.0954835,
              54.6721619
            ],
            [
              56.0962913,
              54.6716689
            ],
            [
              56.0962539,
              54.6712191
            ],
            [
              56.100517,
              54.6677243
            ],
            [
              56.1001356,
              54.6665478
            ],
            [
              56.1020353,
              54.665315
            ],
            [
              56.104222,
              54.6659397
            ],
            [
              56.1049039,
              54.6656898
            ],
            [
              56.1049576,
              54.6653423
            ],
            [
              56.1047323,
              54.6649762
            ],
            [
              56.104625,
              54.664455
            ],
            [
              56.1047302,
              54.6643634
            ],
            [
              56.105081,
              54.6640578
            ],
            [
              56.1051252,
              54.6640113
            ],
            [
              56.1051722,
              54.6639617
            ],
            [
              56.1052044,
              54.6638407
            ],
            [
              56.105227,
              54.663605
            ],
            [
              56.1050901,
              54.6633325
            ],
            [
              56.1044402,
              54.662378
            ],
            [
              56.103458,
              54.661365
            ],
            [
              56.1032908,
              54.6612436
            ],
            [
              56.1032908,
              54.661008
            ],
            [
              56.1034537,
              54.6607411
            ],
            [
              56.1036094,
              54.6606676
            ],
            [
              56.1041086,
              54.6604322
            ],
            [
              56.1045557,
              54.6602212
            ],
            [
              56.1047035,
              54.6601515
            ],
            [
              56.1054509,
              54.6597989
            ],
            [
              56.1063485,
              54.6593754
            ],
            [
              56.1072499,
              54.6589501
            ],
            [
              56.1082289,
              54.6584882
            ],
            [
              56.1086767,
              54.658277
            ],
            [
              56.1096777,
              54.6578047
            ],
            [
              56.1106903,
              54.657327
            ],
            [
              56.1108171,
              54.6572671
            ],
            [
              56.1134815,
              54.6560358
            ],
            [
              56.1145881,
              54.6555244
            ],
            [
              56.1155731,
              54.6550588
            ],
            [
              56.1162827,
              54.6547545
            ],
            [
              56.1170024,
              54.6543827
            ],
            [
              56.1189013,
              54.6538978
            ],
            [
              56.1261878,
              54.6555213
            ],
            [
              56.1289484,
              54.6562341
            ],
            [
              56.1316083,
              54.6568781
            ],
            [
              56.13444,
              54.6575845
            ],
            [
              56.1364337,
              54.6580822
            ],
            [
              56.1385006,
              54.6586291
            ],
            [
              56.1403386,
              54.6592029
            ],
            [
              56.1564398,
              54.6633726
            ],
            [
              56.1621735,
              54.6639895
            ],
            [
              56.1693719,
              54.6639259
            ],
            [
              56.1827647,
              54.6624852
            ],
            [
              56.1854798,
              54.6620767
            ],
            [
              56.1868334,
              54.6620124
            ],
            [
              56.1881475,
              54.6620181
            ],
            [
              56.1900744,
              54.6621494
            ],
            [
              56.1909405,
              54.6623242
            ],
            [
              56.1928476,
              54.6627718
            ],
            [
              56.1939183,
              54.6630777
            ],
            [
              56.1950507,
              54.6635327
            ],
            [
              56.1958944,
              54.663924
            ],
            [
              56.1969177,
              54.6645797
            ],
            [
              56.1977962,
              54.665187
            ],
            [
              56.1984427,
              54.6657132
            ],
            [
              56.1988903,
              54.6663078
            ],
            [
              56.1994595,
              54.6671343
            ],
            [
              56.2007229,
              54.6691522
            ],
            [
              56.2017593,
              54.6703196
            ],
            [
              56.2018799,
              54.6704555
            ],
            [
              56.2023462,
              54.6716989
            ],
            [
              56.2030797,
              54.6733739
            ],
            [
              56.2048958,
              54.6820837
            ],
            [
              56.203936,
              54.6820209
            ],
            [
              56.1993566,
              54.681514
            ],
            [
              56.1975023,
              54.6813148
            ],
            [
              56.1951783,
              54.6811063
            ],
            [
              56.1928283,
              54.6809165
            ],
            [
              56.1918601,
              54.6808382
            ],
            [
              56.1909574,
              54.6807641
            ],
            [
              56.1895732,
              54.6806813
            ],
            [
              56.1890491,
              54.6806449
            ],
            [
              56.1882605,
              54.6805044
            ],
            [
              56.1877829,
              54.6804297
            ],
            [
              56.1871695,
              54.6803839
            ],
            [
              56.1863577,
              54.6803466
            ],
            [
              56.185677,
              54.6803603
            ],
            [
              56.1853976,
              54.6803594
            ],
            [
              56.1851611,
              54.680403
            ],
            [
              56.1847014,
              54.6805417
            ],
            [
              56.1842883,
              54.6806489
            ],
            [
              56.1836802,
              54.680789
            ],
            [
              56.1831662,
              54.6809007
            ],
            [
              56.1827576,
              54.6809527
            ],
            [
              56.1819516,
              54.6810362
            ],
            [
              56.1816611,
              54.681063
            ],
            [
              56.1813454,
              54.6810384
            ],
            [
              56.1812696,
              54.6810908
            ],
            [
              56.1811009,
              54.6812199
            ],
            [
              56.1810089,
              54.6813275
            ],
            [
              56.1806026,
              54.6814691
            ],
            [
              56.1803613,
              54.6815507
            ],
            [
              56.1801926,
              54.6816831
            ],
            [
              56.1800203,
              54.6818947
            ],
            [
              56.1798953,
              54.6820991
            ],
            [
              56.1799048,
              54.6822265
            ],
            [
              56.1799826,
              54.6824565
            ],
            [
              56.1799396,
              54.6826188
            ],
            [
              56.1798356,
              54.6829331
            ],
            [
              56.1796209,
              54.6831177
            ],
            [
              56.179062,
              54.6835397
            ],
            [
              56.1789469,
              54.6836682
            ],
            [
              56.1788879,
              54.6836894
            ],
            [
              56.1787876,
              54.683711
            ],
            [
              56.1786386,
              54.6837021
            ],
            [
              56.1785139,
              54.6837033
            ],
            [
              56.1782951,
              54.6837432
            ],
            [
              56.1780671,
              54.6838797
            ],
            [
              56.1779818,
              54.6840148
            ],
            [
              56.1776969,
              54.6842449
            ],
            [
              56.1774558,
              54.6845502
            ],
            [
              56.1772855,
              54.6848342
            ],
            [
              56.1771842,
              54.6850349
            ],
            [
              56.1771836,
              54.6852243
            ],
            [
              56.1772613,
              54.6854509
            ],
            [
              56.1773988,
              54.6856941
            ],
            [
              56.1775638,
              54.6858544
            ],
            [
              56.1778827,
              54.6859892
            ],
            [
              56.1781222,
              54.6860455
            ],
            [
              56.1783737,
              54.6861119
            ],
            [
              56.178483,
              54.6861936
            ],
            [
              56.1785082,
              54.686245
            ],
            [
              56.1784363,
              54.6864351
            ],
            [
              56.1784116,
              54.6866144
            ],
            [
              56.1784086,
              54.6867177
            ],
            [
              56.1784132,
              54.6868797
            ],
            [
              56.1785499,
              54.6870952
            ],
            [
              56.1786916,
              54.6872695
            ],
            [
              56.1788086,
              54.6874131
            ],
            [
              56.1790925,
              54.6875723
            ],
            [
              56.1795559,
              54.6877779
            ],
            [
              56.1807813,
              54.6882244
            ],
            [
              56.1811428,
              54.6883932
            ],
            [
              56.1813619,
              54.6885771
            ],
            [
              56.1815452,
              54.688751
            ],
            [
              56.1817552,
              54.6890315
            ],
            [
              56.181829,
              54.6893269
            ],
            [
              56.1818437,
              54.6896402
            ],
            [
              56.1818884,
              54.6901701
            ],
            [
              56.1819694,
              54.6907204
            ],
            [
              56.1820209,
              54.6908646
            ],
            [
              56.1819808,
              54.6909166
            ],
            [
              56.1818862,
              54.6909312
            ],
            [
              56.1816863,
              54.6910124
            ],
            [
              56.1815262,
              54.6910277
            ],
            [
              56.1809497,
              54.6910332
            ],
            [
              56.1805633,
              54.6910333
            ],
            [
              56.1804092,
              54.691052
            ],
            [
              56.1802564,
              54.691112
            ],
            [
              56.1801224,
              54.6912131
            ],
            [
              56.1798958,
              54.6913978
            ],
            [
              56.17977,
              54.6915747
            ],
            [
              56.1797559,
              54.6917056
            ],
            [
              56.1797942,
              54.6917983
            ],
            [
              56.1799346,
              54.6919313
            ],
            [
              56.1800975,
              54.6920158
            ],
            [
              56.180229,
              54.6920387
            ],
            [
              56.1804497,
              54.6920677
            ],
            [
              56.1806819,
              54.6920792
            ],
            [
              56.1808967,
              54.6921047
            ],
            [
              56.1813203,
              54.6921558
            ],
            [
              56.1815892,
              54.6922049
            ],
            [
              56.181685,
              54.6922315
            ],
            [
              56.1817879,
              54.692296
            ],
            [
              56.1818611,
              54.6923608
            ],
            [
              56.1818759,
              54.6924605
            ],
            [
              56.1819963,
              54.6929346
            ],
            [
              56.1820785,
              54.6933195
            ],
            [
              56.1821164,
              54.6936119
            ],
            [
              56.1821321,
              54.6939561
            ],
            [
              56.1821701,
              54.694252
            ],
            [
              56.1822224,
              54.6946269
            ],
            [
              56.1822819,
              54.6954701
            ],
            [
              56.1809659,
              54.6966638
            ],
            [
              56.1783783,
              54.698951
            ],
            [
              56.1776007,
              54.6996299
            ],
            [
              56.1769459,
              54.7002387
            ],
            [
              56.1747856,
              54.7020878
            ],
            [
              56.1737313,
              54.7030862
            ],
            [
              56.1729774,
              54.7037683
            ],
            [
              56.1731368,
              54.7038595
            ],
            [
              56.177786,
              54.7065205
            ],
            [
              56.1831691,
              54.7085654
            ],
            [
              56.2002837,
              54.7142502
            ],
            [
              56.2010968,
              54.7146006
            ],
            [
              56.2046905,
              54.7160709
            ],
            [
              56.2072767,
              54.7170446
            ],
            [
              56.2149187,
              54.7198288
            ],
            [
              56.2199533,
              54.7217083
            ],
            [
              56.2215741,
              54.7224053
            ],
            [
              56.223115,
              54.7230101
            ],
            [
              56.2245302,
              54.7235886
            ],
            [
              56.225513,
              54.7240335
            ],
            [
              56.2270642,
              54.7249827
            ],
            [
              56.2279786,
              54.7255281
            ],
            [
              56.2308585,
              54.7273388
            ],
            [
              56.2332956,
              54.7288644
            ],
            [
              56.2345258,
              54.7296134
            ],
            [
              56.2358121,
              54.7304479
            ],
            [
              56.2369211,
              54.7311257
            ],
            [
              56.2374714,
              54.7315441
            ],
            [
              56.2384898,
              54.7319882
            ],
            [
              56.2411071,
              54.7360089
            ],
            [
              56.2412357,
              54.7363279
            ],
            [
              56.2414466,
              54.7366116
            ],
            [
              56.2415496,
              54.7366726
            ],
            [
              56.2415885,
              54.736779
            ],
            [
              56.2415573,
              54.7369308
            ],
            [
              56.2415602,
              54.7370272
            ],
            [
              56.2416514,
              54.7370917
            ],
            [
              56.2417109,
              54.7370946
            ],
            [
              56.2418825,
              54.7372617
            ],
            [
              56.2421204,
              54.7376553
            ],
            [
              56.2424128,
              54.7380795
            ],
            [
              56.2426368,
              54.7384044
            ],
            [
              56.2428567,
              54.7388508
            ],
            [
              56.2428159,
              54.738985
            ],
            [
              56.2431311,
              54.7394386
            ],
            [
              56.2436589,
              54.7401862
            ],
            [
              56.2436047,
              54.7402131
            ],
            [
              56.243286,
              54.7402918
            ],
            [
              56.2424933,
              54.7404538
            ],
            [
              56.2417605,
              54.7405761
            ],
            [
              56.2411223,
              54.7406863
            ],
            [
              56.2398046,
              54.7409312
            ],
            [
              56.2391026,
              54.7410524
            ],
            [
              56.2382312,
              54.7410846
            ],
            [
              56.2372293,
              54.7411169
            ],
            [
              56.2360159,
              54.7411462
            ],
            [
              56.2349585,
              54.7414218
            ],
            [
              56.2329869,
              54.7415791
            ],
            [
              56.2268007,
              54.7415374
            ],
            [
              56.2250617,
              54.7419121
            ],
            [
              56.2242596,
              54.7421611
            ],
            [
              56.2231041,
              54.7423411
            ],
            [
              56.2218187,
              54.7426876
            ],
            [
              56.2205788,
              54.743135
            ],
            [
              56.2196051,
              54.7435476
            ],
            [
              56.2187995,
              54.7440854
            ],
            [
              56.218123,
              54.7447599
            ],
            [
              56.2172326,
              54.745536
            ],
            [
              56.2168432,
              54.7458602
            ],
            [
              56.2167059,
              54.7460509
            ],
            [
              56.2163742,
              54.7463124
            ],
            [
              56.2162905,
              54.7465026
            ],
            [
              56.2161323,
              54.7467034
            ],
            [
              56.2157226,
              54.7468353
            ],
            [
              56.2150022,
              54.7470387
            ],
            [
              56.2140336,
              54.7473064
            ],
            [
              56.2136673,
              54.7473995
            ],
            [
              56.213397,
              54.7475261
            ],
            [
              56.2133103,
              54.747613
            ],
            [
              56.2131692,
              54.7476764
            ],
            [
              56.2129967,
              54.7476781
            ],
            [
              56.2125841,
              54.7478233
            ],
            [
              56.212211,
              54.7478889
            ],
            [
              56.2118095,
              54.7480065
            ],
            [
              56.2113971,
              54.7481386
            ],
            [
              56.2111018,
              54.7482532
            ],
            [
              56.2107874,
              54.748482
            ],
            [
              56.207595,
              54.7480268
            ],
            [
              56.2077583,
              54.7481375
            ],
            [
              56.2079484,
              54.7482752
            ],
            [
              56.2079861,
              54.7485808
            ],
            [
              56.208106,
              54.7488138
            ],
            [
              56.2080246,
              54.7490867
            ],
            [
              56.2077617,
              54.7496713
            ],
            [
              56.2075482,
              54.749911
            ],
            [
              56.207402,
              54.7499985
            ],
            [
              56.2073359,
              54.7501851
            ],
            [
              56.2072876,
              54.7505713
            ],
            [
              56.2072587,
              54.7508058
            ],
            [
              56.2071147,
              54.750976
            ],
            [
              56.2069653,
              54.7511599
            ],
            [
              56.2069068,
              54.751405
            ],
            [
              56.206927,
              54.7514527
            ],
            [
              56.2069963,
              54.751561
            ],
            [
              56.2071665,
              54.7517365
            ],
            [
              56.2119662,
              54.7563639
            ],
            [
              56.2138506,
              54.7559864
            ],
            [
              56.2154987,
              54.7561911
            ],
            [
              56.2187093,
              54.7576774
            ],
            [
              56.2189838,
              54.7576471
            ],
            [
              56.2191946,
              54.7574404
            ],
            [
              56.2193647,
              54.7573534
            ],
            [
              56.219566,
              54.7573126
            ],
            [
              56.2197522,
              54.7573153
            ],
            [
              56.2199295,
              54.7574029
            ],
            [
              56.2200646,
              54.7575117
            ],
            [
              56.2200214,
              54.7577189
            ],
            [
              56.2200795,
              54.7577704
            ],
            [
              56.2203907,
              54.7578146
            ],
            [
              56.22051,
              54.7577736
            ],
            [
              56.2205199,
              54.7576964
            ],
            [
              56.2203681,
              54.7575321
            ],
            [
              56.2204233,
              54.7574007
            ],
            [
              56.2204456,
              54.7572831
            ],
            [
              56.2203174,
              54.7571258
            ],
            [
              56.2203416,
              54.7570729
            ],
            [
              56.2205759,
              54.7569887
            ],
            [
              56.2207641,
              54.7570013
            ],
            [
              56.2209565,
              54.7569268
            ],
            [
              56.2210668,
              54.7569251
            ],
            [
              56.2212056,
              54.7567593
            ],
            [
              56.2213035,
              54.7567236
            ],
            [
              56.2214406,
              54.7567218
            ],
            [
              56.2215681,
              54.7567317
            ],
            [
              56.2216942,
              54.7567036
            ],
            [
              56.2218198,
              54.7566138
            ],
            [
              56.2220593,
              54.7565364
            ],
            [
              56.222094,
              54.7564834
            ],
            [
              56.221964,
              54.7562972
            ],
            [
              56.2219839,
              54.7561739
            ],
            [
              56.2218632,
              54.755997
            ],
            [
              56.2218288,
              54.7558249
            ],
            [
              56.221861,
              54.7557793
            ],
            [
              56.2219908,
              54.7557605
            ],
            [
              56.2221092,
              54.7556924
            ],
            [
              56.2223385,
              54.7556402
            ],
            [
              56.2226343,
              54.7555952
            ],
            [
              56.2228119,
              54.7555217
            ],
            [
              56.2229096,
              54.7554446
            ],
            [
              56.2229619,
              54.7552973
            ],
            [
              56.223155,
              54.7550352
            ],
            [
              56.2231447,
              54.7549534
            ],
            [
              56.223038,
              54.7549219
            ],
            [
              56.2229334,
              54.7549712
            ],
            [
              56.2229276,
              54.7550751
            ],
            [
              56.2228563,
              54.7551446
            ],
            [
              56.2227628,
              54.7551459
            ],
            [
              56.2225647,
              54.7550526
            ],
            [
              56.2224748,
              54.755049
            ],
            [
              56.2223216,
              54.7550389
            ],
            [
              56.2222063,
              54.7549312
            ],
            [
              56.2222426,
              54.7548956
            ],
            [
              56.2224071,
              54.7548606
            ],
            [
              56.2226122,
              54.7547254
            ],
            [
              56.2228133,
              54.7546318
            ],
            [
              56.2229948,
              54.7546671
            ],
            [
              56.2232449,
              54.7544703
            ],
            [
              56.223344,
              54.7544674
            ],
            [
              56.2235078,
              54.75449
            ],
            [
              56.2236491,
              54.7544406
            ],
            [
              56.2236549,
              54.7543434
            ],
            [
              56.2238055,
              54.7541911
            ],
            [
              56.2237817,
              54.7540949
            ],
            [
              56.223784,
              54.7539876
            ],
            [
              56.2237106,
              54.7538901
            ],
            [
              56.2237151,
              54.7538419
            ],
            [
              56.2237849,
              54.7538129
            ],
            [
              56.2240112,
              54.7538336
            ],
            [
              56.224169,
              54.7537728
            ],
            [
              56.2242804,
              54.7537802
            ],
            [
              56.2244074,
              54.7538638
            ],
            [
              56.2245055,
              54.7538558
            ],
            [
              56.2246048,
              54.7537402
            ],
            [
              56.224581,
              54.7536825
            ],
            [
              56.2245126,
              54.7536316
            ],
            [
              56.2245002,
              54.753495
            ],
            [
              56.2244429,
              54.7534634
            ],
            [
              56.2240564,
              54.753451
            ],
            [
              56.2239622,
              54.7534055
            ],
            [
              56.2239861,
              54.7533483
            ],
            [
              56.2242811,
              54.7531645
            ],
            [
              56.2243617,
              54.753157
            ],
            [
              56.2244654,
              54.7531734
            ],
            [
              56.2246293,
              54.7532525
            ],
            [
              56.2247,
              54.7531972
            ],
            [
              56.2247985,
              54.7531802
            ],
            [
              56.224883,
              54.753195
            ],
            [
              56.2249752,
              54.7532322
            ],
            [
              56.2250512,
              54.753218
            ],
            [
              56.2250557,
              54.7531694
            ],
            [
              56.2249778,
              54.7531311
            ],
            [
              56.2248256,
              54.7530763
            ],
            [
              56.2248221,
              54.753036
            ],
            [
              56.2249432,
              54.7529919
            ],
            [
              56.2254486,
              54.7530044
            ],
            [
              56.2257119,
              54.7529094
            ],
            [
              56.2258278,
              54.7528793
            ],
            [
              56.2258077,
              54.7527803
            ],
            [
              56.2258598,
              54.7527361
            ],
            [
              56.2263838,
              54.7528289
            ],
            [
              56.2265729,
              54.7528052
            ],
            [
              56.2282335,
              54.7524481
            ],
            [
              56.2285249,
              54.7523573
            ],
            [
              56.2286891,
              54.7523642
            ],
            [
              56.2288638,
              54.7523169
            ],
            [
              56.2290513,
              54.752221
            ],
            [
              56.2293086,
              54.7520605
            ],
            [
              56.2294469,
              54.7520266
            ],
            [
              56.2295589,
              54.752068
            ],
            [
              56.2298,
              54.7520917
            ],
            [
              56.2298824,
              54.7520579
            ],
            [
              56.2298266,
              54.7519238
            ],
            [
              56.2298628,
              54.7518847
            ],
            [
              56.2298391,
              54.751795
            ],
            [
              56.2297191,
              54.751691
            ],
            [
              56.2297639,
              54.7516372
            ],
            [
              56.2300073,
              54.7515737
            ],
            [
              56.2300762,
              54.7515814
            ],
            [
              56.230153,
              54.7516521
            ],
            [
              56.230211,
              54.7516617
            ],
            [
              56.2303973,
              54.7516206
            ],
            [
              56.230463,
              54.7516338
            ],
            [
              56.2305386,
              54.7517088
            ],
            [
              56.2306548,
              54.7517315
            ],
            [
              56.2307393,
              54.7518256
            ],
            [
              56.2310039,
              54.7518256
            ],
            [
              56.2311199,
              54.7517927
            ],
            [
              56.2315997,
              54.7517654
            ],
            [
              56.2316895,
              54.7517306
            ],
            [
              56.2317517,
              54.7516445
            ],
            [
              56.2317919,
              54.7515577
            ],
            [
              56.2319158,
              54.7514996
            ],
            [
              56.232096,
              54.751622
            ],
            [
              56.2322257,
              54.7516646
            ],
            [
              56.2323927,
              54.7516395
            ],
            [
              56.2325451,
              54.7516021
            ],
            [
              56.2325432,
              54.7515478
            ],
            [
              56.2323695,
              54.7514146
            ],
            [
              56.2322212,
              54.7513234
            ],
            [
              56.2322124,
              54.7512464
            ],
            [
              56.2323305,
              54.7512008
            ],
            [
              56.2324079,
              54.7512
            ],
            [
              56.2325448,
              54.751367
            ],
            [
              56.2326772,
              54.7514376
            ],
            [
              56.2328017,
              54.7514202
            ],
            [
              56.2328081,
              54.7512893
            ],
            [
              56.2328512,
              54.7511983
            ],
            [
              56.2329195,
              54.7511654
            ],
            [
              56.2331047,
              54.7511774
            ],
            [
              56.2331493,
              54.7512153
            ],
            [
              56.2331909,
              54.7514094
            ],
            [
              56.233283,
              54.7514552
            ],
            [
              56.2334139,
              54.7514685
            ],
            [
              56.2335357,
              54.751417
            ],
            [
              56.2336115,
              54.7513303
            ],
            [
              56.2336574,
              54.7512571
            ],
            [
              56.2336063,
              54.7512108
            ],
            [
              56.2334907,
              54.7511927
            ],
            [
              56.2334625,
              54.7511585
            ],
            [
              56.2335409,
              54.7510584
            ],
            [
              56.2336203,
              54.751003
            ],
            [
              56.2337648,
              54.7509928
            ],
            [
              56.2338924,
              54.751029
            ],
            [
              56.2338991,
              54.7511069
            ],
            [
              56.2340597,
              54.7511296
            ],
            [
              56.2343145,
              54.7510931
            ],
            [
              56.2344808,
              54.7510145
            ],
            [
              56.2346625,
              54.7509601
            ],
            [
              56.2350517,
              54.7510895
            ],
            [
              56.2353485,
              54.7511586
            ],
            [
              56.2353579,
              54.751209
            ],
            [
              56.2354788,
              54.7512202
            ],
            [
              56.2355493,
              54.751252
            ],
            [
              56.2356707,
              54.7513622
            ],
            [
              56.2358004,
              54.751323
            ],
            [
              56.2358346,
              54.7512668
            ],
            [
              56.235893,
              54.7511308
            ],
            [
              56.2359953,
              54.7510864
            ],
            [
              56.2361242,
              54.7511124
            ],
            [
              56.236279,
              54.7511472
            ],
            [
              56.2364657,
              54.7511241
            ],
            [
              56.2366105,
              54.7511572
            ],
            [
              56.2368618,
              54.75127
            ],
            [
              56.2368366,
              54.7513579
            ],
            [
              56.2370197,
              54.7514879
            ],
            [
              56.2372389,
              54.7515898
            ],
            [
              56.2374131,
              54.7515821
            ],
            [
              56.2377883,
              54.7516119
            ],
            [
              56.2381277,
              54.7516185
            ],
            [
              56.2384446,
              54.7515259
            ],
            [
              56.2386359,
              54.7512904
            ],
            [
              56.2388524,
              54.7512101
            ],
            [
              56.239148,
              54.7511638
            ],
            [
              56.2397723,
              54.7513548
            ],
            [
              56.2405301,
              54.7515387
            ],
            [
              56.2408997,
              54.7515102
            ],
            [
              56.2411417,
              54.7515459
            ],
            [
              56.2414054,
              54.7516701
            ],
            [
              56.2416823,
              54.7517335
            ],
            [
              56.2420336,
              54.7518275
            ],
            [
              56.2421678,
              54.7517501
            ],
            [
              56.2424242,
              54.751692
            ],
            [
              56.2426783,
              54.7516713
            ],
            [
              56.2430234,
              54.7516381
            ],
            [
              56.2433158,
              54.7516311
            ],
            [
              56.2435099,
              54.7517058
            ],
            [
              56.2437783,
              54.7518262
            ],
            [
              56.2440611,
              54.7519562
            ],
            [
              56.2442408,
              54.7520364
            ],
            [
              56.2444781,
              54.7520723
            ],
            [
              56.2447489,
              54.7521664
            ],
            [
              56.2449262,
              54.7522535
            ],
            [
              56.2450029,
              54.7523725
            ],
            [
              56.2450748,
              54.7524596
            ],
            [
              56.2453025,
              54.7525052
            ],
            [
              56.2454774,
              54.7525039
            ],
            [
              56.2458345,
              54.7524555
            ],
            [
              56.2460933,
              54.7525675
            ],
            [
              56.2462994,
              54.7526823
            ],
            [
              56.2465151,
              54.7527265
            ],
            [
              56.2466301,
              54.7527265
            ],
            [
              56.2468506,
              54.7526823
            ],
            [
              56.2471094,
              54.7527058
            ],
            [
              56.2473084,
              54.7527791
            ],
            [
              56.2474521,
              54.752768
            ],
            [
              56.2475935,
              54.752833
            ],
            [
              56.2477805,
              54.7528455
            ],
            [
              56.2478164,
              54.7527321
            ],
            [
              56.2478955,
              54.7526947
            ],
            [
              56.2481495,
              54.7526837
            ],
            [
              56.2482981,
              54.7524969
            ],
            [
              56.2484563,
              54.7523462
            ],
            [
              56.2486049,
              54.7521692
            ],
            [
              56.2489308,
              54.7520627
            ],
            [
              56.2491321,
              54.7520876
            ],
            [
              56.2494341,
              54.7521083
            ],
            [
              56.2497648,
              54.7521373
            ],
            [
              56.2499853,
              54.7521871
            ],
            [
              56.2500178,
              54.7522486
            ],
            [
              56.2500556,
              54.7523101
            ],
            [
              56.2505032,
              54.752111
            ],
            [
              56.250906,
              54.7518828
            ],
            [
              56.2507055,
              54.7514497
            ],
            [
              56.250834,
              54.7512598
            ],
            [
              56.251055,
              54.7512094
            ],
            [
              56.2512607,
              54.7512094
            ],
            [
              56.2514354,
              54.7514586
            ],
            [
              56.2517541,
              54.7514882
            ],
            [
              56.2523196,
              54.7513785
            ],
            [
              56.2522939,
              54.7511886
            ],
            [
              56.2517027,
              54.7507614
            ],
            [
              56.2517284,
              54.7506664
            ],
            [
              56.2523967,
              54.7504143
            ],
            [
              56.2526537,
              54.7504172
            ],
            [
              56.2528799,
              54.7508919
            ],
            [
              56.2530033,
              54.7509928
            ],
            [
              56.2531678,
              54.7510284
            ],
            [
              56.2533888,
              54.7509483
            ],
            [
              56.2534094,
              54.7507821
            ],
            [
              56.2535327,
              54.7507465
            ],
            [
              56.2537744,
              54.7507584
            ],
            [
              56.2540674,
              54.7506931
            ],
            [
              56.2541804,
              54.7505656
            ],
            [
              56.2543809,
              54.7505418
            ],
            [
              56.2545917,
              54.7505774
            ],
            [
              56.2547819,
              54.7507495
            ],
            [
              56.2550338,
              54.7508563
            ],
            [
              56.2553936,
              54.7509453
            ],
            [
              56.2556763,
              54.7509008
            ],
            [
              56.2558254,
              54.7508563
            ],
            [
              56.2563086,
              54.7509068
            ],
            [
              56.2564474,
              54.750886
            ],
            [
              56.2565502,
              54.750619
            ],
            [
              56.2565958,
              54.7504777
            ],
            [
              56.2568572,
              54.7504255
            ],
            [
              56.2572531,
              54.7507158
            ],
            [
              56.2577065,
              54.7525321
            ],
            [
              56.259022,
              54.7527262
            ],
            [
              56.259027,
              54.7536987
            ],
            [
              56.258575,
              54.7537184
            ],
            [
              56.2575472,
              54.7538165
            ],
            [
              56.2557694,
              54.7539444
            ],
            [
              56.2552867,
              54.7539332
            ],
            [
              56.2548027,
              54.7538405
            ],
            [
              56.2546161,
              54.7538098
            ],
            [
              56.254321,
              54.7538113
            ],
            [
              56.2541447,
              54.7538478
            ],
            [
              56.253974,
              54.7539062
            ],
            [
              56.2538946,
              54.7540714
            ],
            [
              56.2586254,
              54.7586099
            ],
            [
              56.2611838,
              54.761315
            ],
            [
              56.2620646,
              54.7630201
            ],
            [
              56.2622094,
              54.763308
            ],
            [
              56.2622431,
              54.7636106
            ],
            [
              56.2620324,
              54.7643355
            ],
            [
              56.261968,
              54.7648554
            ],
            [
              56.2620592,
              54.7651773
            ],
            [
              56.2624669,
              54.7658582
            ],
            [
              56.2624661,
              54.7663694
            ],
            [
              56.2597156,
              54.7696558
            ],
            [
              56.2547082,
              54.7760502
            ],
            [
              56.2529252,
              54.7803418
            ],
            [
              56.251849,
              54.7918649
            ],
            [
              56.2512764,
              54.7948004
            ],
            [
              56.2501837,
              54.7954676
            ],
            [
              56.2488563,
              54.7956931
            ],
            [
              56.2480054,
              54.7955474
            ],
            [
              56.2474573,
              54.7953351
            ],
            [
              56.2475304,
              54.7961487
            ],
            [
              56.247666,
              54.7968825
            ],
            [
              56.247645,
              54.797339
            ],
            [
              56.2471944,
              54.7978771
            ],
            [
              56.2467614,
              54.798273
            ],
            [
              56.2474707,
              54.7989362
            ],
            [
              56.2475806,
              54.7991589
            ],
            [
              56.2476578,
              54.7997072
            ],
            [
              56.2473875,
              54.7998376
            ],
            [
              56.2408136,
              54.8007507
            ],
            [
              56.2401026,
              54.800892
            ],
            [
              56.23918,
              54.8012353
            ],
            [
              56.2381557,
              54.8015852
            ],
            [
              56.2333824,
              54.8019948
            ],
            [
              56.2326834,
              54.8039929
            ],
            [
              56.229483,
              54.8070493
            ],
            [
              56.2305409,
              54.807368
            ],
            [
              56.2338025,
              54.8093467
            ],
            [
              56.2354158,
              54.8126797
            ],
            [
              56.2384148,
              54.8159498
            ],
            [
              56.2432439,
              54.8196339
            ],
            [
              56.2453162,
              54.8237147
            ],
            [
              56.2486301,
              54.8264716
            ],
            [
              56.2578351,
              54.8312039
            ],
            [
              56.2629849,
              54.8330825
            ],
            [
              56.2667615,
              54.8372348
            ],
            [
              56.267199,
              54.8380221
            ],
            [
              56.2681348,
              54.8397062
            ],
            [
              56.2667615,
              54.8416833
            ],
            [
              56.2617833,
              54.8438579
            ],
            [
              56.2614216,
              54.8440283
            ],
            [
              56.2542302,
              54.8474161
            ],
            [
              56.2521703,
              54.8501834
            ],
            [
              56.2520543,
              54.8503537
            ],
            [
              56.2492469,
              54.8544742
            ],
            [
              56.2498071,
              54.8569406
            ],
            [
              56.2548124,
              54.8598126
            ],
            [
              56.2574309,
              54.8604204
            ],
            [
              56.2605817,
              54.8599662
            ],
            [
              56.2631566,
              54.8586817
            ],
            [
              56.2657101,
              54.8561095
            ],
            [
              56.2659032,
              54.855915
            ],
            [
              56.2722546,
              54.8494916
            ],
            [
              56.2760312,
              54.8478114
            ],
            [
              56.2820393,
              54.8469219
            ],
            [
              56.2875325,
              54.8469219
            ],
            [
              56.293369,
              54.8483056
            ],
            [
              56.2964071,
              54.8504746
            ],
            [
              56.2977874,
              54.8519291
            ],
            [
              56.2985557,
              54.8542172
            ],
            [
              56.2956151,
              54.8581523
            ],
            [
              56.2894208,
              54.8618434
            ],
            [
              56.2849576,
              54.865894
            ],
            [
              56.2826975,
              54.8701676
            ],
            [
              56.2827257,
              54.8708213
            ],
            [
              56.2686953,
              54.8774697
            ],
            [
              56.2672285,
              54.8777546
            ],
            [
              56.2651055,
              54.8777738
            ],
            [
              56.2579559,
              54.8752827
            ],
            [
              56.2539592,
              54.8733536
            ],
            [
              56.2500736,
              54.8708112
            ],
            [
              56.2473558,
              54.8672585
            ],
            [
              56.2473425,
              54.8651996
            ],
            [
              56.2483069,
              54.8628603
            ],
            [
              56.248466,
              54.8619559
            ],
            [
              56.2452679,
              54.8603877
            ],
            [
              56.2440432,
              54.8607853
            ],
            [
              56.2421325,
              54.8600439
            ],
            [
              56.241908,
              54.8586435
            ],
            [
              56.2383283,
              54.8567005
            ],
            [
              56.2376375,
              54.8569987
            ],
            [
              56.2362715,
              54.8569264
            ],
            [
              56.2351097,
              54.8551912
            ],
            [
              56.2318283,
              54.8551731
            ],
            [
              56.2206378,
              54.8586914
            ],
            [
              56.2217702,
              54.8641099
            ],
            [
              56.2205046,
              54.8650044
            ],
            [
              56.2143098,
              54.8667039
            ],
            [
              56.2043403,
              54.8669339
            ],
            [
              56.1960852,
              54.8666578
            ],
            [
              56.1923834,
              54.8676116
            ],
            [
              56.1896746,
              54.8675477
            ],
            [
              56.1858999,
              54.8700009
            ],
            [
              56.1865248,
              54.872834
            ],
            [
              56.1859221,
              54.8733355
            ],
            [
              56.1833243,
              54.8735846
            ],
            [
              56.1819921,
              54.8729203
            ],
            [
              56.170868,
              54.872339
            ],
            [
              56.1694914,
              54.8717002
            ],
            [
              56.1684034,
              54.8716235
            ],
            [
              56.1663606,
              54.8717641
            ],
            [
              56.1651838,
              54.8707675
            ],
            [
              56.155836,
              54.8700137
            ],
            [
              56.1482202,
              54.8688382
            ],
            [
              56.1472432,
              54.8680332
            ],
            [
              56.1482424,
              54.8664871
            ],
            [
              56.1501075,
              54.8653371
            ],
            [
              56.1498854,
              54.8634587
            ],
            [
              56.1513509,
              54.8597782
            ],
            [
              56.1521058,
              54.8596248
            ],
            [
              56.1524844,
              54.8590392
            ],
            [
              56.1559634,
              54.858901
            ],
            [
              56.1558524,
              54.8583004
            ],
            [
              56.1534433,
              54.8570862
            ],
            [
              56.1533655,
              54.8560509
            ],
            [
              56.1544202,
              54.85584
            ],
            [
              56.15603,
              54.8547536
            ],
            [
              56.1584502,
              54.8538972
            ],
            [
              56.1630575,
              54.8530472
            ],
            [
              56.1638568,
              54.8529897
            ],
            [
              56.16671,
              54.8533476
            ],
            [
              56.1666434,
              54.8526382
            ],
            [
              56.1666989,
              54.8518201
            ],
            [
              56.1659329,
              54.8502223
            ],
            [
              56.1669542,
              54.8501839
            ],
            [
              56.166723,
              54.8493647
            ],
            [
              56.1655018,
              54.8483804
            ],
            [
              56.1649023,
              54.8484954
            ],
            [
              56.1589073,
              54.8402492
            ],
            [
              56.1589517,
              54.8396482
            ],
            [
              56.1518021,
              54.8322698
            ],
            [
              56.150048,
              54.831042
            ],
            [
              56.1492264,
              54.8307863
            ],
            [
              56.1470746,
              54.8290096
            ],
            [
              56.1470801,
              54.8285281
            ],
            [
              56.1465472,
              54.8278311
            ],
            [
              56.1373124,
              54.8297586
            ],
            [
              56.1367229,
              54.8299343
            ],
            [
              56.1365648,
              54.8296974
            ],
            [
              56.1363908,
              54.8294667
            ],
            [
              56.1362327,
              54.8292906
            ],
            [
              56.1360534,
              54.8292298
            ],
            [
              56.1358162,
              54.8292086
            ],
            [
              56.1354525,
              54.829239
            ],
            [
              56.1353576,
              54.8291327
            ],
            [
              56.1356476,
              54.8290386
            ],
            [
              56.1360587,
              54.8289201
            ],
            [
              56.1361852,
              54.8288169
            ],
            [
              56.1362801,
              54.8286469
            ],
            [
              56.1361536,
              54.8283614
            ],
            [
              56.1359638,
              54.8282339
            ],
            [
              56.1350782,
              54.8282096
            ],
            [
              56.1348463,
              54.8282643
            ],
            [
              56.1345933,
              54.8284434
            ],
            [
              56.1346829,
              54.8287471
            ],
            [
              56.1345827,
              54.828829
            ],
            [
              56.1340187,
              54.8288442
            ],
            [
              56.1333492,
              54.828826
            ],
            [
              56.1329908,
              54.8286043
            ],
            [
              56.1331806,
              54.828413
            ],
            [
              56.1331489,
              54.828246
            ],
            [
              56.1331068,
              54.827994
            ],
            [
              56.1326798,
              54.8278452
            ],
            [
              56.1326956,
              54.8275173
            ],
            [
              56.1333071,
              54.8273199
            ],
            [
              56.1336181,
              54.8272015
            ],
            [
              56.1338606,
              54.8269555
            ],
            [
              56.1341558,
              54.8265699
            ],
            [
              56.1347145,
              54.8265486
            ],
            [
              56.1354894,
              54.8265
            ],
            [
              56.1359111,
              54.8262237
            ],
            [
              56.1359085,
              54.8260164
            ],
            [
              56.1356244,
              54.8256723
            ],
            [
              56.1354714,
              54.8250177
            ],
            [
              56.1349033,
              54.8247827
            ],
            [
              56.134153,
              54.8246358
            ],
            [
              56.1335557,
              54.8244428
            ],
            [
              56.1324048,
              54.8240693
            ],
            [
              56.1324485,
              54.8236874
            ],
            [
              56.1328054,
              54.8232804
            ],
            [
              56.1326743,
              54.8228356
            ],
            [
              56.1325869,
              54.8222522
            ],
            [
              56.1326874,
              54.8215983
            ],
            [
              56.1325184,
              54.8214154
            ],
            [
              56.1324824,
              54.8211083
            ],
            [
              56.1326575,
              54.8207314
            ],
            [
              56.1324101,
              54.8205398
            ],
            [
              56.1322215,
              54.820181
            ],
            [
              56.1322891,
              54.8201195
            ],
            [
              56.1325311,
              54.8200744
            ],
            [
              56.1327482,
              54.8200191
            ],
            [
              56.1329759,
              54.8199945
            ],
            [
              56.1332713,
              54.8201277
            ],
            [
              56.1335098,
              54.8202487
            ],
            [
              56.1335169,
              54.8203963
            ],
            [
              56.1333781,
              54.8205562
            ],
            [
              56.1335809,
              54.820546
            ],
            [
              56.1335987,
              54.8204373
            ],
            [
              56.1340471,
              54.8204476
            ],
            [
              56.1343852,
              54.8203984
            ],
            [
              56.134645,
              54.8201585
            ],
            [
              56.1348407,
              54.8199268
            ],
            [
              56.1349546,
              54.8196131
            ],
            [
              56.1350827,
              54.8195147
            ],
            [
              56.1351681,
              54.8194224
            ],
            [
              56.1352322,
              54.8192317
            ],
            [
              56.1353852,
              54.8190615
            ],
            [
              56.1353212,
              54.8189139
            ],
            [
              56.1351397,
              54.8187888
            ],
            [
              56.1351859,
              54.818676
            ],
            [
              56.1355204,
              54.8186043
            ],
            [
              56.135853,
              54.8185258
            ],
            [
              56.13616,
              54.8184272
            ],
            [
              56.1362456,
              54.8181662
            ],
            [
              56.1361147,
              54.8179719
            ],
            [
              56.1358077,
              54.8178675
            ],
            [
              56.1355108,
              54.8177341
            ],
            [
              56.1353195,
              54.8175689
            ],
            [
              56.1353095,
              54.8174587
            ],
            [
              56.1354856,
              54.8173195
            ],
            [
              56.1359537,
              54.817276
            ],
            [
              56.1365224,
              54.8172963
            ],
            [
              56.1367639,
              54.817218
            ],
            [
              56.136623,
              54.8170933
            ],
            [
              56.136623,
              54.8169773
            ],
            [
              56.1363131,
              54.8168089
            ],
            [
              56.1361636,
              54.8166981
            ],
            [
              56.1362846,
              54.8165874
            ],
            [
              56.1364483,
              54.8164685
            ],
            [
              56.1360569,
              54.816407
            ],
            [
              56.1356868,
              54.8162839
            ],
            [
              56.1357722,
              54.8161199
            ],
            [
              56.1361209,
              54.8160215
            ],
            [
              56.13679,
              54.8160051
            ],
            [
              56.1370249,
              54.8158492
            ],
            [
              56.1368185,
              54.8156359
            ],
            [
              56.1365195,
              54.8153489
            ],
            [
              56.1363985,
              54.8150495
            ],
            [
              56.1362466,
              54.814864
            ],
            [
              56.133978,
              54.8144027
            ],
            [
              56.1319866,
              54.8139152
            ],
            [
              56.1317357,
              54.8138538
            ],
            [
              56.1312468,
              54.8137341
            ],
            [
              56.1312185,
              54.8137272
            ],
            [
              56.1307133,
              54.8136035
            ],
            [
              56.1304246,
              54.8135329
            ],
            [
              56.1270332,
              54.8127928
            ],
            [
              56.1223855,
              54.8118858
            ],
            [
              56.1179109,
              54.8109788
            ],
            [
              56.117255,
              54.8109808
            ],
            [
              56.1141172,
              54.8118572
            ],
            [
              56.1043171,
              54.814618
            ],
            [
              56.1040631,
              54.8146433
            ],
            [
              56.1038945,
              54.8145782
            ],
            [
              56.1037646,
              54.8145567
            ],
            [
              56.1029649,
              54.8146609
            ],
            [
              56.1023111,
              54.8147461
            ],
            [
              56.1009329,
              54.8149256
            ],
            [
              56.1005087,
              54.8149809
            ],
            [
              56.0998974,
              54.8150723
            ],
            [
              56.0994597,
              54.8151031
            ],
            [
              56.0985495,
              54.8152451
            ],
            [
              56.0984575,
              54.81532
            ],
            [
              56.098109,
              54.8149584
            ],
            [
              56.097934,
              54.8150065
            ],
            [
              56.0961363,
              54.8155002
            ],
            [
              56.0960494,
              54.8154713
            ],
            [
              56.094942,
              54.8141944
            ],
            [
              56.0948334,
              54.8140691
            ],
            [
              56.0947904,
              54.8140211
            ],
            [
              56.0952258,
              54.8138926
            ],
            [
              56.09527,
              54.8138795
            ],
            [
              56.0954411,
              54.8138258
            ],
            [
              56.0962598,
              54.8135883
            ],
            [
              56.0964259,
              54.8137814
            ],
            [
              56.0968036,
              54.8136691
            ],
            [
              56.0968922,
              54.8136428
            ],
            [
              56.0965106,
              54.8132102
            ],
            [
              56.0952396,
              54.8135832
            ],
            [
              56.0942269,
              54.813874
            ],
            [
              56.0941116,
              54.8139075
            ],
            [
              56.0934193,
              54.8141114
            ],
            [
              56.0932261,
              54.8141651
            ],
            [
              56.0923039,
              54.8144246
            ],
            [
              56.091278,
              54.8147102
            ],
            [
              56.0911873,
              54.8147354
            ],
            [
              56.0911447,
              54.8148667
            ],
            [
              56.091132,
              54.8150175
            ],
            [
              56.0909067,
              54.8151021
            ],
            [
              56.0904717,
              54.815224
            ],
            [
              56.0901118,
              54.8153247
            ],
            [
              56.089774,
              54.8154193
            ],
            [
              56.0896781,
              54.8154461
            ],
            [
              56.0893663,
              54.8155334
            ],
            [
              56.0892373,
              54.8156468
            ],
            [
              56.0891281,
              54.8157453
            ],
            [
              56.0882057,
              54.8160153
            ],
            [
              56.0866323,
              54.8164759
            ],
            [
              56.0851006,
              54.8168653
            ],
            [
              56.0843954,
              54.8160369
            ],
            [
              56.0803755,
              54.8171719
            ],
            [
              56.0786939,
              54.8176614
            ],
            [
              56.0757778,
              54.8185102
            ],
            [
              56.0755979,
              54.8185626
            ],
            [
              56.0755711,
              54.8185312
            ],
            [
              56.0751392,
              54.8180238
            ],
            [
              56.0750336,
              54.8178996
            ],
            [
              56.0750102,
              54.8178774
            ],
            [
              56.0748531,
              54.8176888
            ],
            [
              56.0747869,
              54.8176037
            ],
            [
              56.0747604,
              54.817571
            ],
            [
              56.0745324,
              54.8173406
            ],
            [
              56.0745168,
              54.8173159
            ],
            [
              56.0743891,
              54.8171643
            ],
            [
              56.0735711,
              54.8162303
            ],
            [
              56.0728695,
              54.8154367
            ],
            [
              56.0726721,
              54.8152134
            ],
            [
              56.0723426,
              54.8148408
            ],
            [
              56.0722825,
              54.8147728
            ],
            [
              56.0722621,
              54.8147484
            ],
            [
              56.072239,
              54.8147207
            ],
            [
              56.0722209,
              54.8146991
            ],
            [
              56.072203,
              54.8146777
            ],
            [
              56.0711312,
              54.8133956
            ],
            [
              56.0705494,
              54.8126996
            ],
            [
              56.0703132,
              54.8124071
            ],
            [
              56.0700655,
              54.8121003
            ],
            [
              56.0699463,
              54.8117535
            ],
            [
              56.0665027,
              54.8114274
            ],
            [
              56.0663972,
              54.8114179
            ],
            [
              56.0661047,
              54.8113916
            ],
            [
              56.0658508,
              54.8113687
            ],
            [
              56.0656495,
              54.8113506
            ],
            [
              56.0644765,
              54.811243
            ],
            [
              56.0640027,
              54.8112023
            ],
            [
              56.0637438,
              54.811179
            ],
            [
              56.0629201,
              54.8111036
            ],
            [
              56.0628621,
              54.8110985
            ],
            [
              56.0613557,
              54.810967
            ],
            [
              56.0601743,
              54.8108639
            ],
            [
              56.0600868,
              54.8108563
            ],
            [
              56.0583196,
              54.810702
            ],
            [
              56.0576998,
              54.8106158
            ],
            [
              56.0554822,
              54.8103322
            ],
            [
              56.0529988,
              54.8094635
            ],
            [
              56.0506736,
              54.8086671
            ],
            [
              56.0501663,
              54.8083608
            ],
            [
              56.0498813,
              54.8079348
            ],
            [
              56.0499095,
              54.8064534
            ],
            [
              56.0498548,
              54.8061777
            ],
            [
              56.0495678,
              54.8058587
            ],
            [
              56.0459581,
              54.8026911
            ],
            [
              56.0405014,
              54.7983888
            ],
            [
              56.0399334,
              54.7979342
            ],
            [
              56.0395733,
              54.7973762
            ],
            [
              56.0389891,
              54.7961792
            ],
            [
              56.039464,
              54.7961128
            ],
            [
              56.0400571,
              54.7960871
            ],
            [
              56.043982,
              54.7962901
            ],
            [
              56.0569538,
              54.7970291
            ],
            [
              56.066729,
              54.7975832
            ],
            [
              56.0770069,
              54.7981368
            ],
            [
              56.0770066,
              54.7981224
            ],
            [
              56.0768925,
              54.7977214
            ],
            [
              56.0768439,
              54.7975863
            ],
            [
              56.0768039,
              54.7974723
            ],
            [
              56.0767759,
              54.7973923
            ],
            [
              56.0767211,
              54.7971822
            ],
            [
              56.0767046,
              54.7970348
            ],
            [
              56.0767144,
              54.7967043
            ],
            [
              56.076774,
              54.7962791
            ],
            [
              56.0768129,
              54.7961537
            ],
            [
              56.0769231,
              54.7955278
            ],
            [
              56.0770494,
              54.7948101
            ],
            [
              56.077123,
              54.7943921
            ],
            [
              56.0774127,
              54.7927473
            ],
            [
              56.0774164,
              54.7927261
            ],
            [
              56.0774891,
              54.7924477
            ],
            [
              56.0778466,
              54.7924665
            ],
            [
              56.0779663,
              54.7924684
            ],
            [
              56.0780162,
              54.7924634
            ],
            [
              56.0790023,
              54.792364
            ],
            [
              56.0792037,
              54.7923411
            ],
            [
              56.0809528,
              54.7921422
            ],
            [
              56.0819355,
              54.7920305
            ],
            [
              56.0820511,
              54.7920191
            ],
            [
              56.0826436,
              54.7919609
            ],
            [
              56.0842826,
              54.7918204
            ],
            [
              56.0858558,
              54.7916525
            ],
            [
              56.0859232,
              54.7916452
            ],
            [
              56.0885378,
              54.7913295
            ],
            [
              56.0902996,
              54.7911442
            ],
            [
              56.0917049,
              54.7909884
            ],
            [
              56.0926692,
              54.7908817
            ],
            [
              56.0937673,
              54.7907601
            ],
            [
              56.0937302,
              54.7906556
            ],
            [
              56.0937377,
              54.7906458
            ],
            [
              56.0940221,
              54.7902764
            ],
            [
              56.0973899,
              54.7870803
            ],
            [
              56.0980089,
              54.7866606
            ],
            [
              56.0922424,
              54.7838142
            ],
            [
              56.0891525,
              54.785299
            ],
            [
              56.0867492,
              54.7861899
            ],
            [
              56.0848955,
              54.7869326
            ],
            [
              56.0818566,
              54.7864229
            ],
            [
              56.0793656,
              54.7849902
            ],
            [
              56.0796539,
              54.7820427
            ],
            [
              56.080886,
              54.7793485
            ],
            [
              56.0875757,
              54.7760782
            ],
            [
              56.089825,
              54.7735732
            ],
            [
              56.0893241,
              54.7703492
            ],
            [
              56.0868845,
              54.7666263
            ],
            [
              56.0783227,
              54.7618302
            ],
            [
              56.0707847,
              54.7591579
            ],
            [
              56.0651199,
              54.7582665
            ],
            [
              56.0579101,
              54.7580684
            ],
            [
              56.0512613,
              54.7580329
            ],
            [
              56.0506923,
              54.7580299
            ],
            [
              56.0481294,
              54.7577605
            ],
            [
              56.0469785,
              54.7574122
            ],
            [
              56.0445153,
              54.7553835
            ],
            [
              56.0442702,
              54.7533298
            ],
            [
              56.0479317,
              54.7521054
            ],
            [
              56.0501053,
              54.7517367
            ],
            [
              56.0516908,
              54.7515179
            ],
            [
              56.052348,
              54.7513124
            ],
            [
              56.0547004,
              54.7499934
            ],
            [
              56.057681,
              54.7491525
            ],
            [
              56.0591509,
              54.7487709
            ],
            [
              56.0593472,
              54.74872
            ],
            [
              56.0604681,
              54.748445
            ],
            [
              56.0608878,
              54.7484315
            ],
            [
              56.0611574,
              54.7484229
            ],
            [
              56.0614024,
              54.748383
            ],
            [
              56.0623507,
              54.7481454
            ],
            [
              56.0645527,
              54.7479972
            ],
            [
              56.0666175,
              54.7478866
            ],
            [
              56.0674386,
              54.7479501
            ],
            [
              56.0680282,
              54.7477756
            ],
            [
              56.0683108,
              54.7477619
            ],
            [
              56.0685433,
              54.7477952
            ]
          ]
        ]
      },
      "id": "relation/5523739"
    }
  ]
}