{
  "type": "FeatureCollection",
  "generator": "overpass-turbo",
  "copyright": "The data included in this document is from www.openstreetmap.org. The data is made available under ODbL.",
  "timestamp": "2026-06-14T21:55:59Z",
  "features": [
    {
      "type": "Feature",
      "properties": {
        "@id": "relation/269721",
        "admin_level": "9",
        "boundary": "administrative",
        "name": "Ленинский район",
        "population": "133730",
        "population:date": "2020-01-01",
        "source:population": "https://tmsk.gks.ru/folder/32175",
        "type": "boundary"
      },
      "geometry": {
        "type": "Polygon",
        "coordinates": [
          [
            [
              84.9943243,
              56.5209487
            ],
            [
              84.9936346,
              56.5235889
            ],
            [
              84.9936089,
              56.5237323
            ],
            [
              84.9950755,
              56.523757
            ],
            [
              84.9955218,
              56.5249141
            ],
            [
              84.9963253,
              56.527573
            ],
            [
              84.995254,
              56.5293454
            ],
            [
              84.9919956,
              56.5313886
            ],
            [
              84.9913707,
              56.5324224
            ],
            [
              84.9951201,
              56.5425378
            ],
            [
              84.9971733,
              56.5466226
            ],
            [
              84.9991974,
              56.5494757
            ],
            [
              84.994226,
              56.5505171
            ],
            [
              84.9895859,
              56.5536957
            ],
            [
              84.9904476,
              56.5542071
            ],
            [
              84.9890225,
              56.5549378
            ],
            [
              84.9894865,
              56.5556136
            ],
            [
              84.984518,
              56.5570327
            ],
            [
              84.9809201,
              56.5545518
            ],
            [
              84.9803193,
              56.5541497
            ],
            [
              84.9795897,
              56.5539132
            ],
            [
              84.978946,
              56.5537476
            ],
            [
              84.9781082,
              56.5537865
            ],
            [
              84.9723855,
              56.5551754
            ],
            [
              84.9716967,
              56.5553783
            ],
            [
              84.9713373,
              56.5559985
            ],
            [
              84.9705262,
              56.5558874
            ],
            [
              84.9706495,
              56.5555048
            ],
            [
              84.9702547,
              56.5551015
            ],
            [
              84.9696625,
              56.5546474
            ],
            [
              84.9685724,
              56.5540579
            ],
            [
              84.9677581,
              56.5538267
            ],
            [
              84.9668868,
              56.5537713
            ],
            [
              84.9650843,
              56.5539132
            ],
            [
              84.9629495,
              56.5542749
            ],
            [
              84.9605237,
              56.5546894
            ],
            [
              84.9596106,
              56.5548128
            ],
            [
              84.9579884,
              56.5551913
            ],
            [
              84.956143,
              56.555617
            ],
            [
              84.9554135,
              56.5558204
            ],
            [
              84.9537655,
              56.5563407
            ],
            [
              84.9517142,
              56.5569793
            ],
            [
              84.9508816,
              56.5572631
            ],
            [
              84.9500834,
              56.5575564
            ],
            [
              84.9493796,
              56.5578166
            ],
            [
              84.9486071,
              56.5581145
            ],
            [
              84.9479033,
              56.5583984
            ],
            [
              84.9377324,
              56.5626551
            ],
            [
              84.9327113,
              56.5647928
            ],
            [
              84.932222,
              56.5650765
            ],
            [
              84.9319645,
              56.5652657
            ],
            [
              84.9310719,
              56.5659372
            ],
            [
              84.9303681,
              56.5665047
            ],
            [
              84.9294411,
              56.5672519
            ],
            [
              84.9288231,
              56.5677342
            ],
            [
              84.9281794,
              56.5681267
            ],
            [
              84.9274928,
              56.5684436
            ],
            [
              84.9268061,
              56.5686705
            ],
            [
              84.9262482,
              56.5687746
            ],
            [
              84.9256302,
              56.5688361
            ],
            [
              84.924832,
              56.5688597
            ],
            [
              84.9240166,
              56.5688975
            ],
            [
              84.9232871,
              56.5689543
            ],
            [
              84.9227721,
              56.569011
            ],
            [
              84.9215962,
              56.5691907
            ],
            [
              84.9205491,
              56.569413
            ],
            [
              84.9193818,
              56.5696305
            ],
            [
              84.918266,
              56.5697912
            ],
            [
              84.916721,
              56.5699615
            ],
            [
              84.9152276,
              56.5700891
            ],
            [
              84.9132019,
              56.5703965
            ],
            [
              84.9110562,
              56.5705856
            ],
            [
              84.9108244,
              56.5669965
            ],
            [
              84.9108674,
              56.5665331
            ],
            [
              84.9113951,
              56.5646668
            ],
            [
              84.9114133,
              56.5645586
            ],
            [
              84.9118103,
              56.5642323
            ],
            [
              84.9118285,
              56.5640573
            ],
            [
              84.9120602,
              56.563715
            ],
            [
              84.9118795,
              56.563627
            ],
            [
              84.9118639,
              56.5634608
            ],
            [
              84.9115777,
              56.5634483
            ],
            [
              84.9116901,
              56.562869
            ],
            [
              84.9131292,
              56.5598109
            ],
            [
              84.9145683,
              56.5579521
            ],
            [
              84.9163073,
              56.556393
            ],
            [
              84.9181062,
              56.5551938
            ],
            [
              84.919965,
              56.5538746
            ],
            [
              84.9222436,
              56.5521357
            ],
            [
              84.922415,
              56.5519529
            ],
            [
              84.9236938,
              56.5505887
            ],
            [
              84.9240425,
              56.5502168
            ],
            [
              84.9258414,
              56.5488377
            ],
            [
              84.9273461,
              56.5487836
            ],
            [
              84.9295745,
              56.5468038
            ],
            [
              84.9302488,
              56.5458164
            ],
            [
              84.9306399,
              56.5456813
            ],
            [
              84.9307987,
              56.5454435
            ],
            [
              84.9305261,
              56.5451874
            ],
            [
              84.9311205,
              56.5446637
            ],
            [
              84.930781,
              56.5444478
            ],
            [
              84.93112,
              56.5442384
            ],
            [
              84.9311538,
              56.5441071
            ],
            [
              84.9318179,
              56.5429173
            ],
            [
              84.9321188,
              56.5423335
            ],
            [
              84.9323087,
              56.5415497
            ],
            [
              84.9322412,
              56.5413117
            ],
            [
              84.9325813,
              56.5410334
            ],
            [
              84.9340833,
              56.5404173
            ],
            [
              84.9334718,
              56.5399574
            ],
            [
              84.9324311,
              56.540472
            ],
            [
              84.9321092,
              56.5405134
            ],
            [
              84.9325469,
              56.5399275
            ],
            [
              84.9326215,
              56.5393061
            ],
            [
              84.9327636,
              56.5389053
            ],
            [
              84.9327352,
              56.5384782
            ],
            [
              84.9322932,
              56.5368978
            ],
            [
              84.932018,
              56.5365133
            ],
            [
              84.9319367,
              56.5360177
            ],
            [
              84.931444,
              56.5351597
            ],
            [
              84.9319676,
              56.5345615
            ],
            [
              84.9317659,
              56.5342489
            ],
            [
              84.9312961,
              56.5341016
            ],
            [
              84.9309022,
              56.5339634
            ],
            [
              84.9309763,
              56.5336682
            ],
            [
              84.9308679,
              56.5329958
            ],
            [
              84.9307579,
              56.5326748
            ],
            [
              84.9303025,
              56.5323136
            ],
            [
              84.9297891,
              56.5315832
            ],
            [
              84.9295681,
              56.5315438
            ],
            [
              84.9294688,
              56.5314249
            ],
            [
              84.9294576,
              56.5312708
            ],
            [
              84.9287196,
              56.530609
            ],
            [
              84.9276444,
              56.5294158
            ],
            [
              84.9262355,
              56.5278524
            ],
            [
              84.9177991,
              56.5259451
            ],
            [
              84.9139506,
              56.5224636
            ],
            [
              84.9133609,
              56.5207037
            ],
            [
              84.9133609,
              56.5193306
            ],
            [
              84.9139535,
              56.517764
            ],
            [
              84.9145973,
              56.5166513
            ],
            [
              84.9164426,
              56.5140468
            ],
            [
              84.9184167,
              56.5121762
            ],
            [
              84.922322,
              56.509311
            ],
            [
              84.925327,
              56.5073409
            ],
            [
              84.9266565,
              56.5064692
            ],
            [
              84.9297893,
              56.5036272
            ],
            [
              84.9328792,
              56.5005481
            ],
            [
              84.9353254,
              56.497753
            ],
            [
              84.9366987,
              56.4956684
            ],
            [
              84.9373424,
              56.4931099
            ],
            [
              84.937557,
              56.4895798
            ],
            [
              84.937557,
              56.4872815
            ],
            [
              84.9370308,
              56.4856389
            ],
            [
              84.9440013,
              56.4849773
            ],
            [
              84.9452033,
              56.4847131
            ],
            [
              84.9460505,
              56.4846766
            ],
            [
              84.9475828,
              56.4846349
            ],
            [
              84.948207,
              56.4846347
            ],
            [
              84.9487518,
              56.4846432
            ],
            [
              84.9487713,
              56.4846861
            ],
            [
              84.948723,
              56.4848672
            ],
            [
              84.9485783,
              56.4856643
            ],
            [
              84.9483591,
              56.4869435
            ],
            [
              84.9484144,
              56.4871842
            ],
            [
              84.948459,
              56.4873627
            ],
            [
              84.9485,
              56.4874477
            ],
            [
              84.948576,
              56.4875486
            ],
            [
              84.9487336,
              56.4877074
            ],
            [
              84.9488889,
              56.4878233
            ],
            [
              84.9491179,
              56.4879366
            ],
            [
              84.9494519,
              56.4880582
            ],
            [
              84.9498128,
              56.4881519
            ],
            [
              84.950087,
              56.4882246
            ],
            [
              84.9503451,
              56.4882529
            ],
            [
              84.9510081,
              56.4882512
            ],
            [
              84.951325,
              56.4882331
            ],
            [
              84.9514197,
              56.4884424
            ],
            [
              84.9519566,
              56.4889495
            ],
            [
              84.9519869,
              56.4893883
            ],
            [
              84.9520458,
              56.4898863
            ],
            [
              84.9522885,
              56.4905271
            ],
            [
              84.9524166,
              56.4913436
            ],
            [
              84.9524895,
              56.4915489
            ],
            [
              84.9527227,
              56.4921558
            ],
            [
              84.9527025,
              56.4935867
            ],
            [
              84.9525558,
              56.4938058
            ],
            [
              84.9525335,
              56.4945944
            ],
            [
              84.9525236,
              56.4949446
            ],
            [
              84.9519132,
              56.4967592
            ],
            [
              84.9526051,
              56.4986007
            ],
            [
              84.9528724,
              56.5020194
            ],
            [
              84.9529428,
              56.5036164
            ],
            [
              84.9551587,
              56.5036041
            ],
            [
              84.9574896,
              56.5030474
            ],
            [
              84.9603754,
              56.5031536
            ],
            [
              84.9621728,
              56.5032874
            ],
            [
              84.9626451,
              56.5031157
            ],
            [
              84.9633981,
              56.502842
            ],
            [
              84.96673,
              56.5022974
            ],
            [
              84.9694797,
              56.5028917
            ],
            [
              84.9704126,
              56.5021158
            ],
            [
              84.9713934,
              56.5013
            ],
            [
              84.9731317,
              56.5019033
            ],
            [
              84.9749463,
              56.5025007
            ],
            [
              84.9779606,
              56.5039497
            ],
            [
              84.9787338,
              56.5042521
            ],
            [
              84.9828062,
              56.5055241
            ],
            [
              84.9832253,
              56.505657
            ],
            [
              84.9833054,
              56.5056851
            ],
            [
              84.9836978,
              56.5058198
            ],
            [
              84.9840852,
              56.5059908
            ],
            [
              84.9844703,
              56.5062668
            ],
            [
              84.9847815,
              56.5067617
            ],
            [
              84.9848277,
              56.5073275
            ],
            [
              84.98501,
              56.5087779
            ],
            [
              84.9850746,
              56.5089122
            ],
            [
              84.985121,
              56.5090099
            ],
            [
              84.985412,
              56.5093255
            ],
            [
              84.9894068,
              56.5115432
            ],
            [
              84.9896802,
              56.5117166
            ],
            [
              84.9926779,
              56.5132739
            ],
            [
              84.9949416,
              56.5143261
            ],
            [
              84.9944506,
              56.5156067
            ],
            [
              84.9952201,
              56.5163637
            ],
            [
              84.9952986,
              56.516444
            ],
            [
              84.995254,
              56.5171088
            ],
            [
              84.9943243,
              56.5209487
            ]
          ]
        ]
      },
      "id": "relation/269721"
    },
    {
      "type": "Feature",
      "properties": {
        "@id": "relation/2688921",
        "admin_level": "9",
        "boundary": "administrative",
        "name": "Октябрьский район",
        "population": "184711",
        "population:date": "2020-01-01",
        "source:population": "https://tmsk.gks.ru/folder/32175",
        "type": "boundary"
      },
      "geometry": {
        "type": "Polygon",
        "coordinates": [
          [
            [
              85.0267265,
              56.6901444
            ],
            [
              85.0244936,
              56.6911081
            ],
            [
              85.0090441,
              56.6933705
            ],
            [
              85.0038943,
              56.6833302
            ],
            [
              84.9977145,
              56.6720847
            ],
            [
              84.99235,
              56.6631708
            ],
            [
              84.9846682,
              56.6494185
            ],
            [
              84.9833351,
              56.6467977
            ],
            [
              84.9832633,
              56.6448815
            ],
            [
              84.9834045,
              56.6443559
            ],
            [
              84.9747184,
              56.6438181
            ],
            [
              84.9763729,
              56.6372668
            ],
            [
              84.9781186,
              56.6316706
            ],
            [
              84.9865583,
              56.6094733
            ],
            [
              84.9944863,
              56.6096703
            ],
            [
              84.998509,
              56.5969188
            ],
            [
              84.9982301,
              56.596777
            ],
            [
              84.9976293,
              56.5964699
            ],
            [
              84.9967495,
              56.5963163
            ],
            [
              84.9902901,
              56.596013
            ],
            [
              84.9896035,
              56.596013
            ],
            [
              84.9924276,
              56.5925334
            ],
            [
              84.9935755,
              56.5895453
            ],
            [
              84.9938054,
              56.5881336
            ],
            [
              84.9950735,
              56.577629
            ],
            [
              84.9948804,
              56.5774871
            ],
            [
              84.9947624,
              56.5773808
            ],
            [
              84.9946444,
              56.5772744
            ],
            [
              84.9944942,
              56.5771266
            ],
            [
              84.9942259,
              56.5769907
            ],
            [
              84.9937861,
              56.5768548
            ],
            [
              84.9933676,
              56.5767484
            ],
            [
              84.9932174,
              56.5766716
            ],
            [
              84.9929599,
              56.5765593
            ],
            [
              84.9927776,
              56.5764884
            ],
            [
              84.9927454,
              56.5763525
            ],
            [
              84.9928527,
              56.5762402
            ],
            [
              84.9929385,
              56.5761161
            ],
            [
              84.9930887,
              56.5760097
            ],
            [
              84.9931209,
              56.5759152
            ],
            [
              84.9931101,
              56.5758679
            ],
            [
              84.9928634,
              56.5755547
            ],
            [
              84.9925415,
              56.5752237
            ],
            [
              84.991812,
              56.5749755
            ],
            [
              84.9913292,
              56.5749223
            ],
            [
              84.9911331,
              56.5749315
            ],
            [
              84.9909041,
              56.5748617
            ],
            [
              84.9907391,
              56.5747923
            ],
            [
              84.9903957,
              56.5747273
            ],
            [
              84.9897842,
              56.5746091
            ],
            [
              84.9894945,
              56.5744909
            ],
            [
              84.9893239,
              56.5744041
            ],
            [
              84.9893825,
              56.574299
            ],
            [
              84.9894074,
              56.5741989
            ],
            [
              84.9893594,
              56.5740923
            ],
            [
              84.9893443,
              56.5740358
            ],
            [
              84.9891512,
              56.573959
            ],
            [
              84.9888615,
              56.5739412
            ],
            [
              84.9885182,
              56.5739944
            ],
            [
              84.9881963,
              56.5740299
            ],
            [
              84.9880569,
              56.5740949
            ],
            [
              84.9879818,
              56.5742131
            ],
            [
              84.9880435,
              56.5743765
            ],
            [
              84.9881507,
              56.5745597
            ],
            [
              84.9882151,
              56.5746307
            ],
            [
              84.9885048,
              56.5747784
            ],
            [
              84.9886403,
              56.5750526
            ],
            [
              84.9887837,
              56.575476
            ],
            [
              84.9887516,
              56.5757729
            ],
            [
              84.9886684,
              56.5760215
            ],
            [
              84.9884002,
              56.576122
            ],
            [
              84.9881963,
              56.5760984
            ],
            [
              84.9879925,
              56.5760156
            ],
            [
              84.9877886,
              56.575992
            ],
            [
              84.9873058,
              56.5759388
            ],
            [
              84.9868445,
              56.5759506
            ],
            [
              84.9864154,
              56.5759684
            ],
            [
              84.9859433,
              56.5761102
            ],
            [
              84.9856643,
              56.576187
            ],
            [
              84.9851923,
              56.5762343
            ],
            [
              84.98457,
              56.5762993
            ],
            [
              84.9842481,
              56.576317
            ],
            [
              84.983819,
              56.5763288
            ],
            [
              84.9834542,
              56.5762816
            ],
            [
              84.9830894,
              56.5761634
            ],
            [
              84.9829285,
              56.5760097
            ],
            [
              84.9826924,
              56.5758442
            ],
            [
              84.9826495,
              56.5756433
            ],
            [
              84.9828426,
              56.5755547
            ],
            [
              84.9831752,
              56.5755606
            ],
            [
              84.9835803,
              56.5755762
            ],
            [
              84.9840309,
              56.5755762
            ],
            [
              84.9843554,
              56.5755369
            ],
            [
              84.9847524,
              56.5754837
            ],
            [
              84.9849991,
              56.5753715
            ],
            [
              84.9851064,
              56.5752592
            ],
            [
              84.9851386,
              56.5751351
            ],
            [
              84.9851386,
              56.575011
            ],
            [
              84.9850313,
              56.5748928
            ],
            [
              84.984334,
              56.5746918
            ],
            [
              84.9836151,
              56.57455
            ],
            [
              84.9825101,
              56.5745204
            ],
            [
              84.981641,
              56.5746741
            ],
            [
              84.9801604,
              56.5747214
            ],
            [
              84.978712,
              56.5747155
            ],
            [
              84.9780469,
              56.5747627
            ],
            [
              84.9769096,
              56.5745677
            ],
            [
              84.9761586,
              56.5745027
            ],
            [
              84.9758689,
              56.5745677
            ],
            [
              84.9750857,
              56.5750937
            ],
            [
              84.9744742,
              56.5752533
            ],
            [
              84.9730794,
              56.5752533
            ],
            [
              84.9727468,
              56.575336
            ],
            [
              84.9725644,
              56.5755015
            ],
            [
              84.9724035,
              56.5756847
            ],
            [
              84.9722104,
              56.5757792
            ],
            [
              84.9718992,
              56.5758797
            ],
            [
              84.9716632,
              56.5759033
            ],
            [
              84.9713521,
              56.5759093
            ],
            [
              84.9703328,
              56.5758856
            ],
            [
              84.9700539,
              56.5759152
            ],
            [
              84.9698286,
              56.5760393
            ],
            [
              84.9691956,
              56.576447
            ],
            [
              84.9688201,
              56.5766007
            ],
            [
              84.9684338,
              56.5765889
            ],
            [
              84.9672751,
              56.5764116
            ],
            [
              84.9657516,
              56.5763584
            ],
            [
              84.9654941,
              56.5763288
            ],
            [
              84.965065,
              56.5764175
            ],
            [
              84.9645822,
              56.5765534
            ],
            [
              84.9640189,
              56.5766391
            ],
            [
              84.9673358,
              56.5711999
            ],
            [
              84.9665687,
              56.5689272
            ],
            [
              84.9711713,
              56.5659717
            ],
            [
              84.9778661,
              56.5615379
            ],
            [
              84.984518,
              56.5570327
            ],
            [
              84.9894865,
              56.5556136
            ],
            [
              84.9890225,
              56.5549378
            ],
            [
              84.9904476,
              56.5542071
            ],
            [
              84.9895859,
              56.5536957
            ],
            [
              84.994226,
              56.5505171
            ],
            [
              84.9991974,
              56.5494757
            ],
            [
              84.9971733,
              56.5466226
            ],
            [
              84.9951201,
              56.5425378
            ],
            [
              84.9913707,
              56.5324224
            ],
            [
              84.9919956,
              56.5313886
            ],
            [
              84.995254,
              56.5293454
            ],
            [
              84.9963253,
              56.527573
            ],
            [
              84.9955218,
              56.5249141
            ],
            [
              84.9950755,
              56.523757
            ],
            [
              84.9936089,
              56.5237323
            ],
            [
              84.9936346,
              56.5235889
            ],
            [
              84.9943243,
              56.5209487
            ],
            [
              84.995254,
              56.5171088
            ],
            [
              84.9952986,
              56.516444
            ],
            [
              84.9952201,
              56.5163637
            ],
            [
              84.9944506,
              56.5156067
            ],
            [
              84.9949416,
              56.5143261
            ],
            [
              84.9926779,
              56.5132739
            ],
            [
              84.9896802,
              56.5117166
            ],
            [
              84.9894068,
              56.5115432
            ],
            [
              84.985412,
              56.5093255
            ],
            [
              84.985121,
              56.5090099
            ],
            [
              84.9850746,
              56.5089122
            ],
            [
              84.98501,
              56.5087779
            ],
            [
              84.9848277,
              56.5073275
            ],
            [
              84.9847815,
              56.5067617
            ],
            [
              84.9844703,
              56.5062668
            ],
            [
              84.9840852,
              56.5059908
            ],
            [
              84.9836978,
              56.5058198
            ],
            [
              84.9833054,
              56.5056851
            ],
            [
              84.9832253,
              56.505657
            ],
            [
              84.9828062,
              56.5055241
            ],
            [
              84.9787338,
              56.5042521
            ],
            [
              84.9779606,
              56.5039497
            ],
            [
              84.9749463,
              56.5025007
            ],
            [
              84.9731317,
              56.5019033
            ],
            [
              84.9713934,
              56.5013
            ],
            [
              84.9704126,
              56.5021158
            ],
            [
              84.9694797,
              56.5028917
            ],
            [
              84.96673,
              56.5022974
            ],
            [
              84.9633981,
              56.502842
            ],
            [
              84.9626451,
              56.5031157
            ],
            [
              84.9621728,
              56.5032874
            ],
            [
              84.9603754,
              56.5031536
            ],
            [
              84.9574896,
              56.5030474
            ],
            [
              84.9551587,
              56.5036041
            ],
            [
              84.9529428,
              56.5036164
            ],
            [
              84.9528724,
              56.5020194
            ],
            [
              84.9526051,
              56.4986007
            ],
            [
              84.9519132,
              56.4967592
            ],
            [
              84.9525236,
              56.4949446
            ],
            [
              84.9525335,
              56.4945944
            ],
            [
              84.9525558,
              56.4938058
            ],
            [
              84.9527025,
              56.4935867
            ],
            [
              84.9527227,
              56.4921558
            ],
            [
              84.9524895,
              56.4915489
            ],
            [
              84.9524166,
              56.4913436
            ],
            [
              84.9522885,
              56.4905271
            ],
            [
              84.9520458,
              56.4898863
            ],
            [
              84.9519869,
              56.4893883
            ],
            [
              84.9519566,
              56.4889495
            ],
            [
              84.9514197,
              56.4884424
            ],
            [
              84.951325,
              56.4882331
            ],
            [
              84.9511352,
              56.4879765
            ],
            [
              84.9511501,
              56.4878847
            ],
            [
              84.9512599,
              56.4878322
            ],
            [
              84.9514738,
              56.4877442
            ],
            [
              84.9522465,
              56.4872794
            ],
            [
              84.9526042,
              56.4870519
            ],
            [
              84.9528481,
              56.4868968
            ],
            [
              84.9529795,
              56.4868499
            ],
            [
              84.953108,
              56.4868164
            ],
            [
              84.9532442,
              56.4868131
            ],
            [
              84.9534487,
              56.4868343
            ],
            [
              84.9539156,
              56.4869214
            ],
            [
              84.9552389,
              56.4873209
            ],
            [
              84.9556118,
              56.487422
            ],
            [
              84.9558703,
              56.4874699
            ],
            [
              84.9561686,
              56.4874752
            ],
            [
              84.956365,
              56.4874549
            ],
            [
              84.956626,
              56.4873744
            ],
            [
              84.957275,
              56.4871481
            ],
            [
              84.9575418,
              56.4870291
            ],
            [
              84.9577177,
              56.4869032
            ],
            [
              84.9578928,
              56.4867249
            ],
            [
              84.9581707,
              56.486263
            ],
            [
              84.958254,
              56.4858568
            ],
            [
              84.9584591,
              56.4855335
            ],
            [
              84.9589113,
              56.4849247
            ],
            [
              84.9589974,
              56.484396
            ],
            [
              84.9591028,
              56.4838066
            ],
            [
              84.9599533,
              56.4830653
            ],
            [
              84.9606043,
              56.4826318
            ],
            [
              84.9608459,
              56.4825351
            ],
            [
              84.9611011,
              56.4824866
            ],
            [
              84.961589,
              56.4825084
            ],
            [
              84.9621433,
              56.4825533
            ],
            [
              84.9624301,
              56.4826294
            ],
            [
              84.9626488,
              56.4827345
            ],
            [
              84.9630927,
              56.4831547
            ],
            [
              84.9632782,
              56.4833791
            ],
            [
              84.9632729,
              56.4835693
            ],
            [
              84.9630331,
              56.4838764
            ],
            [
              84.9628864,
              56.484138
            ],
            [
              84.9627937,
              56.4844147
            ],
            [
              84.9625615,
              56.4845613
            ],
            [
              84.9624378,
              56.4847137
            ],
            [
              84.9624654,
              56.484846
            ],
            [
              84.9628352,
              56.4852285
            ],
            [
              84.9632856,
              56.4855842
            ],
            [
              84.9635587,
              56.485826
            ],
            [
              84.9640471,
              56.4860198
            ],
            [
              84.9647782,
              56.4863764
            ],
            [
              84.9652801,
              56.486461
            ],
            [
              84.9656381,
              56.4864798
            ],
            [
              84.9663126,
              56.4863857
            ],
            [
              84.9668143,
              56.4863088
            ],
            [
              84.9675429,
              56.4861724
            ],
            [
              84.9678048,
              56.4860882
            ],
            [
              84.9679539,
              56.4859982
            ],
            [
              84.9681936,
              56.4857801
            ],
            [
              84.9685075,
              56.4854452
            ],
            [
              84.9688143,
              56.4851886
            ],
            [
              84.9689574,
              56.4851064
            ],
            [
              84.9691956,
              56.4850784
            ],
            [
              84.9694701,
              56.485068
            ],
            [
              84.9698475,
              56.4850334
            ],
            [
              84.9701978,
              56.4849527
            ],
            [
              84.9704967,
              56.484905
            ],
            [
              84.9708971,
              56.48491
            ],
            [
              84.9716982,
              56.4849403
            ],
            [
              84.9719335,
              56.4849302
            ],
            [
              84.9726529,
              56.4849054
            ],
            [
              84.9732703,
              56.4848316
            ],
            [
              84.9739311,
              56.4847442
            ],
            [
              84.9746442,
              56.4846919
            ],
            [
              84.975589,
              56.4846511
            ],
            [
              84.9768054,
              56.4845957
            ],
            [
              84.9775921,
              56.4846594
            ],
            [
              84.9778387,
              56.4847173
            ],
            [
              84.9779982,
              56.4847945
            ],
            [
              84.9782513,
              56.485055
            ],
            [
              84.9784495,
              56.4852909
            ],
            [
              84.978947,
              56.4857635
            ],
            [
              84.9792648,
              56.4859537
            ],
            [
              84.9797864,
              56.4860946
            ],
            [
              84.9803507,
              56.4862996
            ],
            [
              84.9821395,
              56.486882
            ],
            [
              84.982383,
              56.4869538
            ],
            [
              84.9826273,
              56.4870674
            ],
            [
              84.9828982,
              56.4872219
            ],
            [
              84.9830346,
              56.4873641
            ],
            [
              84.9832886,
              56.4875343
            ],
            [
              84.9835419,
              56.4876244
            ],
            [
              84.9840898,
              56.4877693
            ],
            [
              84.9844327,
              56.4878845
            ],
            [
              84.9846459,
              56.4880452
            ],
            [
              84.9846961,
              56.4881432
            ],
            [
              84.9846327,
              56.4882306
            ],
            [
              84.9847288,
              56.488336
            ],
            [
              84.9850316,
              56.4884049
            ],
            [
              84.9852484,
              56.4883987
            ],
            [
              84.9853293,
              56.4884046
            ],
            [
              84.9858774,
              56.4883343
            ],
            [
              84.9865271,
              56.4882261
            ],
            [
              84.9874226,
              56.4880631
            ],
            [
              84.9878171,
              56.4880188
            ],
            [
              84.9881658,
              56.4880367
            ],
            [
              84.9889522,
              56.488128
            ],
            [
              84.9903581,
              56.4883775
            ],
            [
              84.9918215,
              56.4887977
            ],
            [
              84.9923575,
              56.4889893
            ],
            [
              84.9931095,
              56.4892608
            ],
            [
              84.9934699,
              56.4893276
            ],
            [
              84.9938865,
              56.4894955
            ],
            [
              84.9940623,
              56.4896394
            ],
            [
              84.9941935,
              56.4898284
            ],
            [
              84.9945152,
              56.4901946
            ],
            [
              84.9946078,
              56.4902572
            ],
            [
              84.9946573,
              56.4902906
            ],
            [
              84.9947458,
              56.4903647
            ],
            [
              84.9948505,
              56.4905157
            ],
            [
              84.9949482,
              56.4906785
            ],
            [
              84.9949471,
              56.4909452
            ],
            [
              84.9951828,
              56.49127
            ],
            [
              84.9950296,
              56.4917171
            ],
            [
              84.9950893,
              56.4918461
            ],
            [
              84.9953096,
              56.4920284
            ],
            [
              84.9955428,
              56.4923311
            ],
            [
              84.9956807,
              56.4925853
            ],
            [
              84.9958347,
              56.4928034
            ],
            [
              84.9964055,
              56.4929343
            ],
            [
              84.9966888,
              56.4929499
            ],
            [
              84.9969285,
              56.4929731
            ],
            [
              84.9970458,
              56.4930085
            ],
            [
              84.997243,
              56.4930892
            ],
            [
              84.997331,
              56.4931071
            ],
            [
              84.99742,
              56.4931092
            ],
            [
              84.9975125,
              56.4930848
            ],
            [
              84.9976442,
              56.4930374
            ],
            [
              84.9976856,
              56.4930093
            ],
            [
              84.9977043,
              56.4929848
            ],
            [
              84.9976963,
              56.492956
            ],
            [
              84.9976279,
              56.4928982
            ],
            [
              84.9975783,
              56.4928042
            ],
            [
              84.9975736,
              56.4927475
            ],
            [
              84.9976319,
              56.4927109
            ],
            [
              84.9977421,
              56.4926779
            ],
            [
              84.9982194,
              56.4926491
            ],
            [
              84.9986879,
              56.492663
            ],
            [
              84.9991452,
              56.492763
            ],
            [
              84.9994287,
              56.4929567
            ],
            [
              84.9995872,
              56.493107
            ],
            [
              84.9996945,
              56.4931833
            ],
            [
              84.999772,
              56.493225
            ],
            [
              84.9998528,
              56.4932366
            ],
            [
              85.0000781,
              56.4932321
            ],
            [
              85.0003419,
              56.4932073
            ],
            [
              85.0005448,
              56.4931625
            ],
            [
              85.000931,
              56.4930463
            ],
            [
              85.001034,
              56.4930054
            ],
            [
              85.001214,
              56.4929167
            ],
            [
              85.0013949,
              56.4928019
            ],
            [
              85.0022014,
              56.4921819
            ],
            [
              85.002378,
              56.4919276
            ],
            [
              85.0025373,
              56.4916522
            ],
            [
              85.0025444,
              56.491553
            ],
            [
              85.0025417,
              56.4913331
            ],
            [
              85.0025729,
              56.4912557
            ],
            [
              85.0029524,
              56.4910151
            ],
            [
              85.0034184,
              56.4908692
            ],
            [
              85.004141,
              56.4907364
            ],
            [
              85.005927,
              56.4907949
            ],
            [
              85.0069542,
              56.4911543
            ],
            [
              85.0074164,
              56.4914174
            ],
            [
              85.0078063,
              56.4915236
            ],
            [
              85.0081836,
              56.4915584
            ],
            [
              85.008587,
              56.4915298
            ],
            [
              85.0090763,
              56.4915108
            ],
            [
              85.0093572,
              56.4915397
            ],
            [
              85.0095875,
              56.4915579
            ],
            [
              85.0099231,
              56.4915389
            ],
            [
              85.01019,
              56.4915004
            ],
            [
              85.010512,
              56.4914572
            ],
            [
              85.0108606,
              56.491382
            ],
            [
              85.0112458,
              56.491256
            ],
            [
              85.0117937,
              56.4909909
            ],
            [
              85.0137947,
              56.490295
            ],
            [
              85.014309,
              56.4899754
            ],
            [
              85.0157005,
              56.4902049
            ],
            [
              85.0216555,
              56.4911829
            ],
            [
              85.0294189,
              56.4908932
            ],
            [
              85.0293063,
              56.4896985
            ],
            [
              85.0283804,
              56.4881146
            ],
            [
              85.0300289,
              56.4880397
            ],
            [
              85.030304,
              56.4888307
            ],
            [
              85.0309649,
              56.4897492
            ],
            [
              85.0313008,
              56.4905977
            ],
            [
              85.031385,
              56.4914609
            ],
            [
              85.0313217,
              56.4918853
            ],
            [
              85.0327266,
              56.4938789
            ],
            [
              85.0335023,
              56.4933435
            ],
            [
              85.0347265,
              56.4930708
            ],
            [
              85.0419389,
              56.4932425
            ],
            [
              85.0450138,
              56.493385
            ],
            [
              85.0464499,
              56.4931664
            ],
            [
              85.0475995,
              56.4926926
            ],
            [
              85.0492125,
              56.491612
            ],
            [
              85.0504077,
              56.4907277
            ],
            [
              85.0516528,
              56.4898617
            ],
            [
              85.0523443,
              56.4894376
            ],
            [
              85.0538667,
              56.4889122
            ],
            [
              85.0565741,
              56.4881821
            ],
            [
              85.0591045,
              56.4866562
            ],
            [
              85.0603147,
              56.4853136
            ],
            [
              85.067664,
              56.4877133
            ],
            [
              85.0698902,
              56.4880569
            ],
            [
              85.0739908,
              56.4891148
            ],
            [
              85.0775892,
              56.4906003
            ],
            [
              85.0790945,
              56.4914029
            ],
            [
              85.079955,
              56.4917831
            ],
            [
              85.0804855,
              56.4918983
            ],
            [
              85.080804,
              56.4917747
            ],
            [
              85.0808271,
              56.4915362
            ],
            [
              85.0810591,
              56.4911657
            ],
            [
              85.0811396,
              56.4909228
            ],
            [
              85.0812139,
              56.490636
            ],
            [
              85.08123,
              56.4902925
            ],
            [
              85.081171,
              56.489863
            ],
            [
              85.0811495,
              56.4897209
            ],
            [
              85.0812415,
              56.4891251
            ],
            [
              85.0814292,
              56.4884706
            ],
            [
              85.0816698,
              56.4877958
            ],
            [
              85.081896,
              56.4873423
            ],
            [
              85.0823358,
              56.4862405
            ],
            [
              85.0826899,
              56.4851357
            ],
            [
              85.0943253,
              56.4865337
            ],
            [
              85.0944318,
              56.4863859
            ],
            [
              85.0946088,
              56.4859653
            ],
            [
              85.0946418,
              56.4856629
            ],
            [
              85.0947491,
              56.4852098
            ],
            [
              85.0947813,
              56.4850172
            ],
            [
              85.0952525,
              56.4839867
            ],
            [
              85.0954939,
              56.4835572
            ],
            [
              85.0957246,
              56.4831011
            ],
            [
              85.0958265,
              56.4828641
            ],
            [
              85.0958855,
              56.4827426
            ],
            [
              85.0960679,
              56.4825857
            ],
            [
              85.0970121,
              56.482011
            ],
            [
              85.0999089,
              56.4801507
            ],
            [
              85.1013956,
              56.4792261
            ],
            [
              85.1018248,
              56.4790158
            ],
            [
              85.1022915,
              56.4787432
            ],
            [
              85.1026616,
              56.4785181
            ],
            [
              85.1031007,
              56.4785302
            ],
            [
              85.1035199,
              56.4785121
            ],
            [
              85.1041046,
              56.478444
            ],
            [
              85.10492,
              56.4784173
            ],
            [
              85.1052687,
              56.4783699
            ],
            [
              85.1056818,
              56.478287
            ],
            [
              85.1061584,
              56.4781392
            ],
            [
              85.1069961,
              56.4778308
            ],
            [
              85.1072536,
              56.4776708
            ],
            [
              85.1076452,
              56.4773982
            ],
            [
              85.1077516,
              56.477357
            ],
            [
              85.1082782,
              56.4771997
            ],
            [
              85.1084866,
              56.4771111
            ],
            [
              85.1093618,
              56.4766191
            ],
            [
              85.1101764,
              56.4762964
            ],
            [
              85.1106484,
              56.476175
            ],
            [
              85.1114585,
              56.4758313
            ],
            [
              85.1117803,
              56.4756891
            ],
            [
              85.1120539,
              56.4756713
            ],
            [
              85.1122041,
              56.475695
            ],
            [
              85.1130839,
              56.4763768
            ],
            [
              85.1141997,
              56.4772415
            ],
            [
              85.1151921,
              56.4775555
            ],
            [
              85.1158036,
              56.4774755
            ],
            [
              85.1162972,
              56.4776711
            ],
            [
              85.1164428,
              56.4778663
            ],
            [
              85.1168068,
              56.4780177
            ],
            [
              85.1174612,
              56.4779347
            ],
            [
              85.1180629,
              56.4773597
            ],
            [
              85.1181801,
              56.4773896
            ],
            [
              85.1184805,
              56.4773482
            ],
            [
              85.1186422,
              56.477259
            ],
            [
              85.118738,
              56.4770608
            ],
            [
              85.1188782,
              56.4769124
            ],
            [
              85.1191349,
              56.4767853
            ],
            [
              85.119404,
              56.4767109
            ],
            [
              85.1196132,
              56.4767079
            ],
            [
              85.1199074,
              56.4767912
            ],
            [
              85.1209481,
              56.4771941
            ],
            [
              85.121421,
              56.4774486
            ],
            [
              85.1218011,
              56.4775141
            ],
            [
              85.1219521,
              56.4774871
            ],
            [
              85.1221927,
              56.4773008
            ],
            [
              85.1222578,
              56.477102
            ],
            [
              85.1221666,
              56.4769864
            ],
            [
              85.1218976,
              56.4768445
            ],
            [
              85.1214746,
              56.4766635
            ],
            [
              85.1212547,
              56.4765243
            ],
            [
              85.1209167,
              56.4762843
            ],
            [
              85.1206102,
              56.4761927
            ],
            [
              85.1204439,
              56.4761098
            ],
            [
              85.1203052,
              56.4760058
            ],
            [
              85.1202247,
              56.4758251
            ],
            [
              85.1202301,
              56.4756029
            ],
            [
              85.1205573,
              56.4754518
            ],
            [
              85.1210286,
              56.4754284
            ],
            [
              85.1215597,
              56.4754965
            ],
            [
              85.1223911,
              56.4756387
            ],
            [
              85.1234112,
              56.4759199
            ],
            [
              85.1238288,
              56.4760505
            ],
            [
              85.1238664,
              56.4761246
            ],
            [
              85.1237644,
              56.4762342
            ],
            [
              85.1234648,
              56.476385
            ],
            [
              85.1233039,
              56.4764887
            ],
            [
              85.123287,
              56.4765749
            ],
            [
              85.1234104,
              56.476729
            ],
            [
              85.1237644,
              56.4768297
            ],
            [
              85.1244787,
              56.4769449
            ],
            [
              85.1248971,
              56.4770042
            ],
            [
              85.1255615,
              56.4771586
            ],
            [
              85.1263769,
              56.4774311
            ],
            [
              85.1267908,
              56.4773775
            ],
            [
              85.1270904,
              56.4774074
            ],
            [
              85.1271923,
              56.4774607
            ],
            [
              85.127144,
              56.4776385
            ],
            [
              85.1270528,
              56.4777866
            ],
            [
              85.1271448,
              56.478053
            ],
            [
              85.1275571,
              56.4782428
            ],
            [
              85.1281042,
              56.4783554
            ],
            [
              85.1286308,
              56.4784114
            ],
            [
              85.1290277,
              56.4785507
            ],
            [
              85.1292683,
              56.4786961
            ],
            [
              85.1293971,
              56.4788739
            ],
            [
              85.1293013,
              56.479075
            ],
            [
              85.129076,
              56.4791817
            ],
            [
              85.1286361,
              56.4792439
            ],
            [
              85.1279173,
              56.4794216
            ],
            [
              85.1273809,
              56.4795697
            ],
            [
              85.1273264,
              56.4797863
            ],
            [
              85.1276062,
              56.4801326
            ],
            [
              85.1281525,
              56.4804854
            ],
            [
              85.1288722,
              56.4805858
            ],
            [
              85.1293281,
              56.4803992
            ],
            [
              85.1296339,
              56.4800645
            ],
            [
              85.129837,
              56.4799848
            ],
            [
              85.1302715,
              56.4800677
            ],
            [
              85.130529,
              56.4803017
            ],
            [
              85.1306416,
              56.4806661
            ],
            [
              85.1309313,
              56.4808053
            ],
            [
              85.1312693,
              56.4809179
            ],
            [
              85.1315053,
              56.4811727
            ],
            [
              85.1318119,
              56.4813205
            ],
            [
              85.1324011,
              56.4813297
            ],
            [
              85.1331369,
              56.4812494
            ],
            [
              85.1336036,
              56.4812731
            ],
            [
              85.1340105,
              56.48138
            ],
            [
              85.1341347,
              56.4816019
            ],
            [
              85.1337583,
              56.4820051
            ],
            [
              85.1334579,
              56.4823516
            ],
            [
              85.1333399,
              56.4826804
            ],
            [
              85.1334097,
              56.4829559
            ],
            [
              85.1333453,
              56.4832344
            ],
            [
              85.1333346,
              56.483735
            ],
            [
              85.1334266,
              56.4839539
            ],
            [
              85.1319573,
              56.48477
            ],
            [
              85.1304123,
              56.4865708
            ],
            [
              85.131099,
              56.4875186
            ],
            [
              85.1323006,
              56.4883716
            ],
            [
              85.1323006,
              56.4893193
            ],
            [
              85.1331589,
              56.4922572
            ],
            [
              85.1296224,
              56.4950837
            ],
            [
              85.1317959,
              56.4965107
            ],
            [
              85.1331589,
              56.4972794
            ],
            [
              85.1345031,
              56.4988694
            ],
            [
              85.1357041,
              56.5005644
            ],
            [
              85.1372114,
              56.5038222
            ],
            [
              85.1381365,
              56.5048275
            ],
            [
              85.1402249,
              56.5057222
            ],
            [
              85.143754,
              56.5065644
            ],
            [
              85.1410553,
              56.5093112
            ],
            [
              85.1398537,
              56.5106373
            ],
            [
              85.1377937,
              56.5108267
            ],
            [
              85.1343605,
              56.5108267
            ],
            [
              85.1313756,
              56.5112106
            ],
            [
              85.1273224,
              56.511395
            ],
            [
              85.1247475,
              56.5115845
            ],
            [
              85.1206276,
              56.5114897
            ],
            [
              85.1137612,
              56.512058
            ],
            [
              85.1106712,
              56.5123422
            ],
            [
              85.1115296,
              56.5131946
            ],
            [
              85.1113579,
              56.5154677
            ],
            [
              85.1111529,
              56.5171419
            ],
            [
              85.1099713,
              56.5174169
            ],
            [
              85.1099846,
              56.5191611
            ],
            [
              85.1111862,
              56.5193505
            ],
            [
              85.1112432,
              56.5200105
            ],
            [
              85.1113579,
              56.5213391
            ],
            [
              85.109298,
              56.5212444
            ],
            [
              85.1084397,
              56.5237063
            ],
            [
              85.108783,
              56.5264522
            ],
            [
              85.107238,
              56.528251
            ],
            [
              85.107911,
              56.5299197
            ],
            [
              85.1108438,
              56.5305229
            ],
            [
              85.1312706,
              56.5396104
            ],
            [
              85.1314423,
              56.5403676
            ],
            [
              85.1323006,
              56.5415033
            ],
            [
              85.1335022,
              56.5425444
            ],
            [
              85.1341889,
              56.5429229
            ],
            [
              85.0912735,
              56.5486008
            ],
            [
              85.0902435,
              56.5486008
            ],
            [
              85.089,
              56.5480023
            ],
            [
              85.0868067,
              56.5476421
            ],
            [
              85.0844035,
              56.5474528
            ],
            [
              85.0825152,
              56.5465065
            ],
            [
              85.0806269,
              56.5457495
            ],
            [
              85.0787386,
              56.5454656
            ],
            [
              85.0763354,
              56.5444246
            ],
            [
              85.0701556,
              56.543289
            ],
            [
              85.0655207,
              56.5430997
            ],
            [
              85.0622186,
              56.543467
            ],
            [
              85.0723872,
              56.5491561
            ],
            [
              85.0801119,
              56.5533193
            ],
            [
              85.0845029,
              56.5559678
            ],
            [
              85.0859421,
              56.5577993
            ],
            [
              85.082894,
              56.5596624
            ],
            [
              85.0845908,
              56.5606275
            ],
            [
              85.0791762,
              56.5642945
            ],
            [
              85.0790401,
              56.5648961
            ],
            [
              85.0821268,
              56.5664388
            ],
            [
              85.0850206,
              56.5652147
            ],
            [
              85.0864096,
              56.5643613
            ],
            [
              85.0867381,
              56.5643929
            ],
            [
              85.0875232,
              56.5638522
            ],
            [
              85.0893816,
              56.5641036
            ],
            [
              85.0923994,
              56.5655489
            ],
            [
              85.0937245,
              56.5657765
            ],
            [
              85.0937222,
              56.5666647
            ],
            [
              85.0945783,
              56.5665911
            ],
            [
              85.0958759,
              56.5663975
            ],
            [
              85.0969523,
              56.5664357
            ],
            [
              85.103501,
              56.5676563
            ],
            [
              85.1050182,
              56.5685066
            ],
            [
              85.1078273,
              56.569261
            ],
            [
              85.1108656,
              56.5698616
            ],
            [
              85.1126528,
              56.5703097
            ],
            [
              85.1155945,
              56.5720394
            ],
            [
              85.1191114,
              56.5743962
            ],
            [
              85.1235423,
              56.5774379
            ],
            [
              85.1280054,
              56.5799908
            ],
            [
              85.1293329,
              56.5808133
            ],
            [
              85.130752,
              56.5816925
            ],
            [
              85.1309237,
              56.5821653
            ],
            [
              85.1367602,
              56.585474
            ],
            [
              85.1359019,
              56.5857576
            ],
            [
              85.1334986,
              56.5851904
            ],
            [
              85.1281771,
              56.5845287
            ],
            [
              85.1235423,
              56.5839615
            ],
            [
              85.1207957,
              56.5837724
            ],
            [
              85.1196349,
              56.5838143
            ],
            [
              85.1194831,
              56.5890301
            ],
            [
              85.1161679,
              56.588988
            ],
            [
              85.1119728,
              56.5887794
            ],
            [
              85.1074061,
              56.5884044
            ],
            [
              85.1029599,
              56.5883919
            ],
            [
              85.0929995,
              56.5878967
            ],
            [
              85.0915949,
              56.5883678
            ],
            [
              85.0903478,
              56.5888106
            ],
            [
              85.0889088,
              56.5896854
            ],
            [
              85.0871486,
              56.5914636
            ],
            [
              85.0834578,
              56.5926395
            ],
            [
              85.0812929,
              56.593638
            ],
            [
              85.080857,
              56.5942348
            ],
            [
              85.079606,
              56.5943374
            ],
            [
              85.0794129,
              56.5944496
            ],
            [
              85.0793056,
              56.5945559
            ],
            [
              85.0793271,
              56.5946504
            ],
            [
              85.0796275,
              56.5947272
            ],
            [
              85.0797991,
              56.5947981
            ],
            [
              85.0797777,
              56.5948985
            ],
            [
              85.079488,
              56.5952352
            ],
            [
              85.0790374,
              56.5955187
            ],
            [
              85.0784044,
              56.5957255
            ],
            [
              85.0782113,
              56.5957609
            ],
            [
              85.0780611,
              56.5957314
            ],
            [
              85.0779645,
              56.5956546
            ],
            [
              85.0779645,
              56.5954951
            ],
            [
              85.0779296,
              56.5952863
            ],
            [
              85.0778009,
              56.5951268
            ],
            [
              85.0775783,
              56.5950816
            ],
            [
              85.07731,
              56.5950935
            ],
            [
              85.0771706,
              56.5951525
            ],
            [
              85.0771277,
              56.5952766
            ],
            [
              85.0769667,
              56.5953652
            ],
            [
              85.0766341,
              56.5954419
            ],
            [
              85.0760843,
              56.5954281
            ],
            [
              85.0756578,
              56.5953888
            ],
            [
              85.0755398,
              56.5952884
            ],
            [
              85.0756256,
              56.5951584
            ],
            [
              85.0759019,
              56.5950678
            ],
            [
              85.0759663,
              56.5949437
            ],
            [
              85.0758268,
              56.5947901
            ],
            [
              85.0757115,
              56.5947095
            ],
            [
              85.0754969,
              56.5946977
            ],
            [
              85.075293,
              56.5947627
            ],
            [
              85.0750033,
              56.5947154
            ],
            [
              85.0748317,
              56.5947449
            ],
            [
              85.0747244,
              56.5948749
            ],
            [
              85.074778,
              56.5952766
            ],
            [
              85.0747351,
              56.5954006
            ],
            [
              85.0745313,
              56.5955542
            ],
            [
              85.074306,
              56.5956841
            ],
            [
              85.0739948,
              56.5957786
            ],
            [
              85.073799,
              56.5957825
            ],
            [
              85.0736301,
              56.5957432
            ],
            [
              85.0734128,
              56.5955639
            ],
            [
              85.0733699,
              56.5954163
            ],
            [
              85.0732626,
              56.5952745
            ],
            [
              85.0731017,
              56.5952331
            ],
            [
              85.07293,
              56.59518
            ],
            [
              85.0729112,
              56.5950757
            ],
            [
              85.0731687,
              56.5948099
            ],
            [
              85.0737481,
              56.5944496
            ],
            [
              85.0739197,
              56.5942724
            ],
            [
              85.0739412,
              56.5940361
            ],
            [
              85.0738446,
              56.5939062
            ],
            [
              85.0736274,
              56.593786
            ],
            [
              85.0734477,
              56.5936994
            ],
            [
              85.0733082,
              56.5934336
            ],
            [
              85.0727369,
              56.5931834
            ],
            [
              85.0722112,
              56.5930535
            ],
            [
              85.0719966,
              56.5930062
            ],
            [
              85.0716425,
              56.5929649
            ],
            [
              85.071259,
              56.5929079
            ],
            [
              85.0708701,
              56.5928113
            ],
            [
              85.0706474,
              56.5926184
            ],
            [
              85.0707547,
              56.5923821
            ],
            [
              85.0709478,
              56.5922286
            ],
            [
              85.0712161,
              56.5921577
            ],
            [
              85.0715165,
              56.592134
            ],
            [
              85.0718813,
              56.5921281
            ],
            [
              85.0722139,
              56.5921754
            ],
            [
              85.0723533,
              56.5922758
            ],
            [
              85.0725464,
              56.592388
            ],
            [
              85.0728147,
              56.5924235
            ],
            [
              85.073158,
              56.5922167
            ],
            [
              85.0730614,
              56.5916319
            ],
            [
              85.0730909,
              56.5914763
            ],
            [
              85.0728978,
              56.5913168
            ],
            [
              85.0726618,
              56.5910509
            ],
            [
              85.0723962,
              56.5909112
            ],
            [
              85.0722031,
              56.5906277
            ],
            [
              85.0717391,
              56.5898931
            ],
            [
              85.0715809,
              56.5894993
            ],
            [
              85.0714816,
              56.5893023
            ],
            [
              85.0713421,
              56.5891546
            ],
            [
              85.071023,
              56.5890621
            ],
            [
              85.070744,
              56.589074
            ],
            [
              85.0705187,
              56.5891094
            ],
            [
              85.0703256,
              56.5892039
            ],
            [
              85.0700681,
              56.5893162
            ],
            [
              85.0698535,
              56.5896116
            ],
            [
              85.0695424,
              56.5897947
            ],
            [
              85.0691239,
              56.5899128
            ],
            [
              85.0687592,
              56.5899424
            ],
            [
              85.0680296,
              56.5899778
            ],
            [
              85.0673966,
              56.5899837
            ],
            [
              85.0672035,
              56.5900546
            ],
            [
              85.0668816,
              56.5900724
            ],
            [
              85.0663881,
              56.5900842
            ],
            [
              85.0661172,
              56.5901294
            ],
            [
              85.0658946,
              56.5901078
            ],
            [
              85.065798,
              56.5900546
            ],
            [
              85.0657524,
              56.5898458
            ],
            [
              85.0658409,
              56.5896529
            ],
            [
              85.0660555,
              56.5895348
            ],
            [
              85.0662379,
              56.5894461
            ],
            [
              85.0664498,
              56.5893377
            ],
            [
              85.0665356,
              56.5890719
            ],
            [
              85.066313,
              56.5889204
            ],
            [
              85.0661091,
              56.5889085
            ],
            [
              85.0659992,
              56.5888828
            ],
            [
              85.0658195,
              56.5888731
            ],
            [
              85.0655834,
              56.588879
            ],
            [
              85.0653554,
              56.5888947
            ],
            [
              85.0650148,
              56.5887431
            ],
            [
              85.0645213,
              56.588046
            ],
            [
              85.0634591,
              56.5873961
            ],
            [
              85.0632097,
              56.58727
            ],
            [
              85.0628664,
              56.5871518
            ],
            [
              85.062523,
              56.5871282
            ],
            [
              85.0622897,
              56.5871303
            ],
            [
              85.0617854,
              56.5871716
            ],
            [
              85.0612597,
              56.5872189
            ],
            [
              85.0608279,
              56.5872405
            ],
            [
              85.0604846,
              56.5871932
            ],
            [
              85.0599588,
              56.5869391
            ],
            [
              85.0591676,
              56.5866753
            ],
            [
              85.0587599,
              56.5866281
            ],
            [
              85.0583844,
              56.586634
            ],
            [
              85.0579981,
              56.5867049
            ],
            [
              85.0576977,
              56.586764
            ],
            [
              85.0572042,
              56.586888
            ],
            [
              85.0567107,
              56.5870121
            ],
            [
              85.0561528,
              56.5870653
            ],
            [
              85.0555412,
              56.5871244
            ],
            [
              85.0550906,
              56.587148
            ],
            [
              85.0546507,
              56.5872189
            ],
            [
              85.0543825,
              56.587343
            ],
            [
              85.0525908,
              56.5880933
            ],
            [
              85.0524084,
              56.5881051
            ],
            [
              85.0522582,
              56.5881405
            ],
            [
              85.0520436,
              56.5881996
            ],
            [
              85.0518613,
              56.5882646
            ],
            [
              85.0515474,
              56.5883098
            ],
            [
              85.0513329,
              56.5882507
            ],
            [
              85.0511934,
              56.5881503
            ],
            [
              85.0510566,
              56.5879987
            ],
            [
              85.0510861,
              56.5877426
            ],
            [
              85.0511505,
              56.5870514
            ],
            [
              85.0510995,
              56.5868526
            ],
            [
              85.0509708,
              56.5867344
            ],
            [
              85.0507991,
              56.5866576
            ],
            [
              85.0506248,
              56.5865492
            ],
            [
              85.050488,
              56.5865395
            ],
            [
              85.0502841,
              56.5865454
            ],
            [
              85.0501527,
              56.5864842
            ],
            [
              85.0500561,
              56.585982
            ],
            [
              85.0499381,
              56.5856748
            ],
            [
              85.0495733,
              56.5855684
            ],
            [
              85.0489511,
              56.5854444
            ],
            [
              85.0483932,
              56.5853971
            ],
            [
              85.0479989,
              56.5853874
            ],
            [
              85.0476985,
              56.5854287
            ],
            [
              85.0473551,
              56.5854642
            ],
            [
              85.0471727,
              56.5855646
            ],
            [
              85.0468938,
              56.5857478
            ],
            [
              85.0467007,
              56.5859014
            ],
            [
              85.0464646,
              56.5859664
            ],
            [
              85.0460462,
              56.5862381
            ],
            [
              85.0453918,
              56.5864095
            ],
            [
              85.0446193,
              56.586569
            ],
            [
              85.0441445,
              56.5866615
            ],
            [
              85.0438656,
              56.5866615
            ],
            [
              85.0435893,
              56.5866399
            ],
            [
              85.0434364,
              56.5865019
            ],
            [
              85.0432996,
              56.5862736
            ],
            [
              85.0433426,
              56.5860668
            ],
            [
              85.0435249,
              56.5858128
            ],
            [
              85.0438468,
              56.5854878
            ],
            [
              85.0396731,
              56.5873508
            ],
            [
              85.0386772,
              56.5881295
            ],
            [
              85.0354302,
              56.5883892
            ],
            [
              85.0327867,
              56.5885915
            ],
            [
              85.028837,
              56.5881223
            ],
            [
              85.0287098,
              56.5891923
            ],
            [
              85.026384,
              56.5918035
            ],
            [
              85.0259041,
              56.5926547
            ],
            [
              85.0255874,
              56.5941041
            ],
            [
              85.0270895,
              56.5966733
            ],
            [
              85.0288538,
              56.5975956
            ],
            [
              85.0291547,
              56.5987815
            ],
            [
              85.0303956,
              56.5997665
            ],
            [
              85.0318788,
              56.6003306
            ],
            [
              85.0352021,
              56.6000774
            ],
            [
              85.0371489,
              56.6010413
            ],
            [
              85.0397155,
              56.6013311
            ],
            [
              85.0409967,
              56.6022288
            ],
            [
              85.0414064,
              56.6034214
            ],
            [
              85.0428133,
              56.6043945
            ],
            [
              85.0456478,
              56.605878
            ],
            [
              85.0465188,
              56.6073
            ],
            [
              85.0467671,
              56.608657
            ],
            [
              85.0708422,
              56.6119339
            ],
            [
              85.0742754,
              56.6188293
            ],
            [
              85.0821719,
              56.6251569
            ],
            [
              85.0903209,
              56.6312598
            ],
            [
              85.0931494,
              56.6333621
            ],
            [
              85.0970386,
              56.6368478
            ],
            [
              85.0967548,
              56.6504489
            ],
            [
              85.0799204,
              56.6504467
            ],
            [
              85.0800732,
              56.675048
            ],
            [
              85.0473528,
              56.6889036
            ],
            [
              85.033866,
              56.6890013
            ],
            [
              85.0277247,
              56.6858183
            ],
            [
              85.0267265,
              56.6901444
            ]
          ]
        ]
      },
      "id": "relation/2688921"
    },
    {
      "type": "Feature",
      "properties": {
        "@id": "relation/2688922",
        "admin_level": "9",
        "boundary": "administrative",
        "name": "Советский район",
        "population": "117497",
        "population:date": "2020-01-01",
        "source:population": "https://tmsk.gks.ru/folder/32175",
        "type": "boundary"
      },
      "geometry": {
        "type": "Polygon",
        "coordinates": [
          [
            [
              84.9964055,
              56.4929343
            ],
            [
              84.9958347,
              56.4928034
            ],
            [
              84.9956807,
              56.4925853
            ],
            [
              84.9955428,
              56.4923311
            ],
            [
              84.9953096,
              56.4920284
            ],
            [
              84.9950893,
              56.4918461
            ],
            [
              84.9950296,
              56.4917171
            ],
            [
              84.9951828,
              56.49127
            ],
            [
              84.9949471,
              56.4909452
            ],
            [
              84.9949482,
              56.4906785
            ],
            [
              84.9948505,
              56.4905157
            ],
            [
              84.9947458,
              56.4903647
            ],
            [
              84.9946573,
              56.4902906
            ],
            [
              84.9946078,
              56.4902572
            ],
            [
              84.9945152,
              56.4901946
            ],
            [
              84.9941935,
              56.4898284
            ],
            [
              84.9940623,
              56.4896394
            ],
            [
              84.9938865,
              56.4894955
            ],
            [
              84.9934699,
              56.4893276
            ],
            [
              84.9931095,
              56.4892608
            ],
            [
              84.9923575,
              56.4889893
            ],
            [
              84.9918215,
              56.4887977
            ],
            [
              84.9903581,
              56.4883775
            ],
            [
              84.9889522,
              56.488128
            ],
            [
              84.9881658,
              56.4880367
            ],
            [
              84.9878171,
              56.4880188
            ],
            [
              84.9874226,
              56.4880631
            ],
            [
              84.9865271,
              56.4882261
            ],
            [
              84.9858774,
              56.4883343
            ],
            [
              84.9853293,
              56.4884046
            ],
            [
              84.9852484,
              56.4883987
            ],
            [
              84.9850316,
              56.4884049
            ],
            [
              84.9847288,
              56.488336
            ],
            [
              84.9846327,
              56.4882306
            ],
            [
              84.9846961,
              56.4881432
            ],
            [
              84.9846459,
              56.4880452
            ],
            [
              84.9844327,
              56.4878845
            ],
            [
              84.9840898,
              56.4877693
            ],
            [
              84.9835419,
              56.4876244
            ],
            [
              84.9832886,
              56.4875343
            ],
            [
              84.9830346,
              56.4873641
            ],
            [
              84.9828982,
              56.4872219
            ],
            [
              84.9826273,
              56.4870674
            ],
            [
              84.982383,
              56.4869538
            ],
            [
              84.9821395,
              56.486882
            ],
            [
              84.9803507,
              56.4862996
            ],
            [
              84.9797864,
              56.4860946
            ],
            [
              84.9792648,
              56.4859537
            ],
            [
              84.978947,
              56.4857635
            ],
            [
              84.9784495,
              56.4852909
            ],
            [
              84.9782513,
              56.485055
            ],
            [
              84.9779982,
              56.4847945
            ],
            [
              84.9778387,
              56.4847173
            ],
            [
              84.9775921,
              56.4846594
            ],
            [
              84.9768054,
              56.4845957
            ],
            [
              84.975589,
              56.4846511
            ],
            [
              84.9746442,
              56.4846919
            ],
            [
              84.9739311,
              56.4847442
            ],
            [
              84.9732703,
              56.4848316
            ],
            [
              84.9726529,
              56.4849054
            ],
            [
              84.9719335,
              56.4849302
            ],
            [
              84.9716982,
              56.4849403
            ],
            [
              84.9708971,
              56.48491
            ],
            [
              84.9704967,
              56.484905
            ],
            [
              84.9701978,
              56.4849527
            ],
            [
              84.9698475,
              56.4850334
            ],
            [
              84.9694701,
              56.485068
            ],
            [
              84.9691956,
              56.4850784
            ],
            [
              84.9689574,
              56.4851064
            ],
            [
              84.9688143,
              56.4851886
            ],
            [
              84.9685075,
              56.4854452
            ],
            [
              84.9681936,
              56.4857801
            ],
            [
              84.9679539,
              56.4859982
            ],
            [
              84.9678048,
              56.4860882
            ],
            [
              84.9675429,
              56.4861724
            ],
            [
              84.9668143,
              56.4863088
            ],
            [
              84.9663126,
              56.4863857
            ],
            [
              84.9656381,
              56.4864798
            ],
            [
              84.9652801,
              56.486461
            ],
            [
              84.9647782,
              56.4863764
            ],
            [
              84.9640471,
              56.4860198
            ],
            [
              84.9635587,
              56.485826
            ],
            [
              84.9632856,
              56.4855842
            ],
            [
              84.9628352,
              56.4852285
            ],
            [
              84.9624654,
              56.484846
            ],
            [
              84.9624378,
              56.4847137
            ],
            [
              84.9625615,
              56.4845613
            ],
            [
              84.9627937,
              56.4844147
            ],
            [
              84.9628864,
              56.484138
            ],
            [
              84.9630331,
              56.4838764
            ],
            [
              84.9632729,
              56.4835693
            ],
            [
              84.9632782,
              56.4833791
            ],
            [
              84.9630927,
              56.4831547
            ],
            [
              84.9626488,
              56.4827345
            ],
            [
              84.9624301,
              56.4826294
            ],
            [
              84.9621433,
              56.4825533
            ],
            [
              84.961589,
              56.4825084
            ],
            [
              84.9611011,
              56.4824866
            ],
            [
              84.9608459,
              56.4825351
            ],
            [
              84.9606043,
              56.4826318
            ],
            [
              84.9599533,
              56.4830653
            ],
            [
              84.9591028,
              56.4838066
            ],
            [
              84.9589974,
              56.484396
            ],
            [
              84.9589113,
              56.4849247
            ],
            [
              84.9584591,
              56.4855335
            ],
            [
              84.958254,
              56.4858568
            ],
            [
              84.9581707,
              56.486263
            ],
            [
              84.9578928,
              56.4867249
            ],
            [
              84.9577177,
              56.4869032
            ],
            [
              84.9575418,
              56.4870291
            ],
            [
              84.957275,
              56.4871481
            ],
            [
              84.956626,
              56.4873744
            ],
            [
              84.956365,
              56.4874549
            ],
            [
              84.9561686,
              56.4874752
            ],
            [
              84.9558703,
              56.4874699
            ],
            [
              84.9556118,
              56.487422
            ],
            [
              84.9552389,
              56.4873209
            ],
            [
              84.9539156,
              56.4869214
            ],
            [
              84.9534487,
              56.4868343
            ],
            [
              84.9532442,
              56.4868131
            ],
            [
              84.953108,
              56.4868164
            ],
            [
              84.9529795,
              56.4868499
            ],
            [
              84.9528481,
              56.4868968
            ],
            [
              84.9526042,
              56.4870519
            ],
            [
              84.9522465,
              56.4872794
            ],
            [
              84.9514738,
              56.4877442
            ],
            [
              84.9512599,
              56.4878322
            ],
            [
              84.9511501,
              56.4878847
            ],
            [
              84.9511352,
              56.4879765
            ],
            [
              84.951325,
              56.4882331
            ],
            [
              84.9510081,
              56.4882512
            ],
            [
              84.9503451,
              56.4882529
            ],
            [
              84.950087,
              56.4882246
            ],
            [
              84.9498128,
              56.4881519
            ],
            [
              84.9494519,
              56.4880582
            ],
            [
              84.9491179,
              56.4879366
            ],
            [
              84.9488889,
              56.4878233
            ],
            [
              84.9487336,
              56.4877074
            ],
            [
              84.948576,
              56.4875486
            ],
            [
              84.9485,
              56.4874477
            ],
            [
              84.948459,
              56.4873627
            ],
            [
              84.9484144,
              56.4871842
            ],
            [
              84.9483591,
              56.4869435
            ],
            [
              84.9485783,
              56.4856643
            ],
            [
              84.948723,
              56.4848672
            ],
            [
              84.9487713,
              56.4846861
            ],
            [
              84.9487518,
              56.4846432
            ],
            [
              84.948207,
              56.4846347
            ],
            [
              84.9475828,
              56.4846349
            ],
            [
              84.9460505,
              56.4846766
            ],
            [
              84.9452033,
              56.4847131
            ],
            [
              84.9440013,
              56.4849773
            ],
            [
              84.9370308,
              56.4856389
            ],
            [
              84.9302931,
              56.4759225
            ],
            [
              84.9367304,
              56.4747137
            ],
            [
              84.938544,
              56.4746028
            ],
            [
              84.9406729,
              56.4745248
            ],
            [
              84.9426591,
              56.4744821
            ],
            [
              84.9434128,
              56.4747016
            ],
            [
              84.944936,
              56.4732873
            ],
            [
              84.9465681,
              56.4732626
            ],
            [
              84.9502372,
              56.4732593
            ],
            [
              84.950283,
              56.4730127
            ],
            [
              84.950349,
              56.4727758
            ],
            [
              84.9531296,
              56.47281
            ],
            [
              84.9531358,
              56.4717902
            ],
            [
              84.9550253,
              56.471863
            ],
            [
              84.9558188,
              56.4718879
            ],
            [
              84.9559755,
              56.4718865
            ],
            [
              84.9587194,
              56.4718197
            ],
            [
              84.9596569,
              56.4717997
            ],
            [
              84.9672012,
              56.4715801
            ],
            [
              84.9689915,
              56.47211
            ],
            [
              84.9693302,
              56.4718877
            ],
            [
              84.9694675,
              56.4717529
            ],
            [
              84.9701271,
              56.471111
            ],
            [
              84.9708261,
              56.4712805
            ],
            [
              84.9725097,
              56.471178
            ],
            [
              84.9731515,
              56.4711599
            ],
            [
              84.9731559,
              56.471059
            ],
            [
              84.9734669,
              56.4710562
            ],
            [
              84.973627,
              56.4712001
            ],
            [
              84.9751443,
              56.471194
            ],
            [
              84.9754097,
              56.4711928
            ],
            [
              84.9755463,
              56.4711888
            ],
            [
              84.9756635,
              56.4711811
            ],
            [
              84.9757911,
              56.4711734
            ],
            [
              84.9758891,
              56.4711709
            ],
            [
              84.9761378,
              56.4711691
            ],
            [
              84.9769268,
              56.4711643
            ],
            [
              84.9783733,
              56.4711555
            ],
            [
              84.9786268,
              56.471154
            ],
            [
              84.9794042,
              56.4711452
            ],
            [
              84.9800308,
              56.4711405
            ],
            [
              84.9808943,
              56.4711281
            ],
            [
              84.9812462,
              56.4711241
            ],
            [
              84.9815543,
              56.4711206
            ],
            [
              84.9815541,
              56.4710181
            ],
            [
              84.981554,
              56.4709648
            ],
            [
              84.981546,
              56.4703296
            ],
            [
              84.981531,
              56.469129
            ],
            [
              84.9815315,
              56.4690189
            ],
            [
              84.9815316,
              56.468989
            ],
            [
              84.9815319,
              56.4688885
            ],
            [
              84.9815348,
              56.4680338
            ],
            [
              84.9815355,
              56.4678355
            ],
            [
              84.9815359,
              56.4677137
            ],
            [
              84.9815372,
              56.4673104
            ],
            [
              84.9815377,
              56.4671569
            ],
            [
              84.9815384,
              56.4669696
            ],
            [
              84.9815386,
              56.4669001
            ],
            [
              84.9815406,
              56.4668574
            ],
            [
              84.9817603,
              56.4666566
            ],
            [
              84.9818002,
              56.4666204
            ],
            [
              84.9818661,
              56.4665643
            ],
            [
              84.9819256,
              56.4665455
            ],
            [
              84.9819942,
              56.4665126
            ],
            [
              84.9820457,
              56.4664821
            ],
            [
              84.9821029,
              56.4664368
            ],
            [
              84.9821434,
              56.4663993
            ],
            [
              84.9821652,
              56.4663693
            ],
            [
              84.9821816,
              56.4663151
            ],
            [
              84.982187,
              56.4662772
            ],
            [
              84.9821915,
              56.4662229
            ],
            [
              84.9821886,
              56.4661662
            ],
            [
              84.9821769,
              56.4661113
            ],
            [
              84.9821597,
              56.4660768
            ],
            [
              84.9821488,
              56.4659763
            ],
            [
              84.982141,
              56.4659046
            ],
            [
              84.9821446,
              56.465848
            ],
            [
              84.982156,
              56.4657908
            ],
            [
              84.9821862,
              56.4657432
            ],
            [
              84.9822802,
              56.4656703
            ],
            [
              84.9824208,
              56.4655732
            ],
            [
              84.9828269,
              56.4653462
            ],
            [
              84.9830897,
              56.4651911
            ],
            [
              84.98321,
              56.4651202
            ],
            [
              84.983383,
              56.4650135
            ],
            [
              84.9846804,
              56.4642627
            ],
            [
              84.9851389,
              56.4639974
            ],
            [
              84.9855507,
              56.4637593
            ],
            [
              84.9856353,
              56.4637104
            ],
            [
              84.9857066,
              56.4636692
            ],
            [
              84.9857951,
              56.4636179
            ],
            [
              84.9858835,
              56.4635666
            ],
            [
              84.9860178,
              56.4634887
            ],
            [
              84.9863021,
              56.4633195
            ],
            [
              84.9866046,
              56.4631472
            ],
            [
              84.9869656,
              56.4629415
            ],
            [
              84.9883419,
              56.4621445
            ],
            [
              84.9885835,
              56.4620136
            ],
            [
              84.9887107,
              56.4620798
            ],
            [
              84.9888775,
              56.462167
            ],
            [
              84.9889631,
              56.4622117
            ],
            [
              84.9894963,
              56.4624905
            ],
            [
              84.9901493,
              56.462832
            ],
            [
              84.9905358,
              56.4630341
            ],
            [
              84.9909128,
              56.4632312
            ],
            [
              84.9912843,
              56.4634254
            ],
            [
              84.9916112,
              56.4636013
            ],
            [
              84.9919323,
              56.4637748
            ],
            [
              84.9924578,
              56.4640518
            ],
            [
              84.992907,
              56.4642931
            ],
            [
              84.9939782,
              56.4648546
            ],
            [
              84.9941508,
              56.4649451
            ],
            [
              84.9944061,
              56.4650806
            ],
            [
              84.9946558,
              56.4652131
            ],
            [
              84.9949551,
              56.46537
            ],
            [
              84.9953464,
              56.4655767
            ],
            [
              84.9961121,
              56.4652599
            ],
            [
              84.9964429,
              56.4651219
            ],
            [
              84.9965995,
              56.4650285
            ],
            [
              84.9982425,
              56.464116
            ],
            [
              84.9989536,
              56.4641137
            ],
            [
              85.0009394,
              56.4649276
            ],
            [
              85.0018399,
              56.4652479
            ],
            [
              85.0062455,
              56.4668164
            ],
            [
              85.006796,
              56.4670204
            ],
            [
              85.0072534,
              56.4671844
            ],
            [
              85.0079965,
              56.4674269
            ],
            [
              85.0086585,
              56.4676064
            ],
            [
              85.0091165,
              56.4676943
            ],
            [
              85.010088,
              56.4678138
            ],
            [
              85.0105982,
              56.467835
            ],
            [
              85.0111278,
              56.4678365
            ],
            [
              85.0117674,
              56.4678129
            ],
            [
              85.0124374,
              56.4677489
            ],
            [
              85.014287,
              56.4675056
            ],
            [
              85.0145193,
              56.4674772
            ],
            [
              85.0154783,
              56.46736
            ],
            [
              85.0163584,
              56.467274
            ],
            [
              85.0171359,
              56.4672606
            ],
            [
              85.0176075,
              56.4672786
            ],
            [
              85.0180647,
              56.4673198
            ],
            [
              85.0184457,
              56.4673823
            ],
            [
              85.0188179,
              56.4674557
            ],
            [
              85.0194388,
              56.4676273
            ],
            [
              85.0197484,
              56.4677355
            ],
            [
              85.0200457,
              56.4678393
            ],
            [
              85.0205404,
              56.4680793
            ],
            [
              85.0207424,
              56.4681979
            ],
            [
              85.0210443,
              56.4683752
            ],
            [
              85.0216971,
              56.468897
            ],
            [
              85.0217427,
              56.4689334
            ],
            [
              85.0223305,
              56.4694257
            ],
            [
              85.0224698,
              56.4695424
            ],
            [
              85.0231981,
              56.4701349
            ],
            [
              85.023672,
              56.4705598
            ],
            [
              85.0238901,
              56.4708151
            ],
            [
              85.0241596,
              56.4712825
            ],
            [
              85.0243611,
              56.4718894
            ],
            [
              85.0263169,
              56.4715107
            ],
            [
              85.0315618,
              56.4650719
            ],
            [
              85.0528361,
              56.4648203
            ],
            [
              85.0527251,
              56.4637095
            ],
            [
              85.0546136,
              56.4638897
            ],
            [
              85.0554637,
              56.4640383
            ],
            [
              85.0558276,
              56.4641263
            ],
            [
              85.0561583,
              56.4642577
            ],
            [
              85.056718,
              56.4643082
            ],
            [
              85.0571079,
              56.464241
            ],
            [
              85.0573407,
              56.4639172
            ],
            [
              85.0569889,
              56.4636153
            ],
            [
              85.0564427,
              56.4632255
            ],
            [
              85.0563961,
              56.4627038
            ],
            [
              85.0566718,
              56.4621952
            ],
            [
              85.0571648,
              56.4618708
            ],
            [
              85.0578359,
              56.4618224
            ],
            [
              85.0587768,
              56.461788
            ],
            [
              85.0595139,
              56.4618431
            ],
            [
              85.0602053,
              56.4621251
            ],
            [
              85.0603259,
              56.4622288
            ],
            [
              85.0606922,
              56.4625437
            ],
            [
              85.0627424,
              56.463942
            ],
            [
              85.0634119,
              56.4642469
            ],
            [
              85.0640437,
              56.4643293
            ],
            [
              85.0642682,
              56.464267
            ],
            [
              85.0644151,
              56.4641434
            ],
            [
              85.0645778,
              56.4636993
            ],
            [
              85.0648344,
              56.4633822
            ],
            [
              85.0665543,
              56.4632478
            ],
            [
              85.0640204,
              56.4588964
            ],
            [
              85.0698192,
              56.4575738
            ],
            [
              85.0722064,
              56.4595145
            ],
            [
              85.0727456,
              56.4599528
            ],
            [
              85.0753968,
              56.4608721
            ],
            [
              85.0757795,
              56.4622307
            ],
            [
              85.08332,
              56.4622676
            ],
            [
              85.0850937,
              56.4620149
            ],
            [
              85.0885269,
              56.4629633
            ],
            [
              85.0910249,
              56.4630739
            ],
            [
              85.1015151,
              56.4581474
            ],
            [
              85.1021829,
              56.4543635
            ],
            [
              85.1054353,
              56.4540893
            ],
            [
              85.120436,
              56.4589692
            ],
            [
              85.1249191,
              56.4579995
            ],
            [
              85.1264738,
              56.4568929
            ],
            [
              85.1443186,
              56.463722
            ],
            [
              85.1460437,
              56.4648125
            ],
            [
              85.1451752,
              56.4677676
            ],
            [
              85.149753,
              56.4687741
            ],
            [
              85.1477501,
              56.4714978
            ],
            [
              85.1387666,
              56.4793773
            ],
            [
              85.1429824,
              56.4815046
            ],
            [
              85.1395774,
              56.4819372
            ],
            [
              85.1371334,
              56.4837287
            ],
            [
              85.1334266,
              56.4839539
            ],
            [
              85.1333346,
              56.483735
            ],
            [
              85.1333453,
              56.4832344
            ],
            [
              85.1334097,
              56.4829559
            ],
            [
              85.1333399,
              56.4826804
            ],
            [
              85.1334579,
              56.4823516
            ],
            [
              85.1337583,
              56.4820051
            ],
            [
              85.1341347,
              56.4816019
            ],
            [
              85.1340105,
              56.48138
            ],
            [
              85.1336036,
              56.4812731
            ],
            [
              85.1331369,
              56.4812494
            ],
            [
              85.1324011,
              56.4813297
            ],
            [
              85.1318119,
              56.4813205
            ],
            [
              85.1315053,
              56.4811727
            ],
            [
              85.1312693,
              56.4809179
            ],
            [
              85.1309313,
              56.4808053
            ],
            [
              85.1306416,
              56.4806661
            ],
            [
              85.130529,
              56.4803017
            ],
            [
              85.1302715,
              56.4800677
            ],
            [
              85.129837,
              56.4799848
            ],
            [
              85.1296339,
              56.4800645
            ],
            [
              85.1293281,
              56.4803992
            ],
            [
              85.1288722,
              56.4805858
            ],
            [
              85.1281525,
              56.4804854
            ],
            [
              85.1276062,
              56.4801326
            ],
            [
              85.1273264,
              56.4797863
            ],
            [
              85.1273809,
              56.4795697
            ],
            [
              85.1279173,
              56.4794216
            ],
            [
              85.1286361,
              56.4792439
            ],
            [
              85.129076,
              56.4791817
            ],
            [
              85.1293013,
              56.479075
            ],
            [
              85.1293971,
              56.4788739
            ],
            [
              85.1292683,
              56.4786961
            ],
            [
              85.1290277,
              56.4785507
            ],
            [
              85.1286308,
              56.4784114
            ],
            [
              85.1281042,
              56.4783554
            ],
            [
              85.1275571,
              56.4782428
            ],
            [
              85.1271448,
              56.478053
            ],
            [
              85.1270528,
              56.4777866
            ],
            [
              85.127144,
              56.4776385
            ],
            [
              85.1271923,
              56.4774607
            ],
            [
              85.1270904,
              56.4774074
            ],
            [
              85.1267908,
              56.4773775
            ],
            [
              85.1263769,
              56.4774311
            ],
            [
              85.1255615,
              56.4771586
            ],
            [
              85.1248971,
              56.4770042
            ],
            [
              85.1244787,
              56.4769449
            ],
            [
              85.1237644,
              56.4768297
            ],
            [
              85.1234104,
              56.476729
            ],
            [
              85.123287,
              56.4765749
            ],
            [
              85.1233039,
              56.4764887
            ],
            [
              85.1234648,
              56.476385
            ],
            [
              85.1237644,
              56.4762342
            ],
            [
              85.1238664,
              56.4761246
            ],
            [
              85.1238288,
              56.4760505
            ],
            [
              85.1234112,
              56.4759199
            ],
            [
              85.1223911,
              56.4756387
            ],
            [
              85.1215597,
              56.4754965
            ],
            [
              85.1210286,
              56.4754284
            ],
            [
              85.1205573,
              56.4754518
            ],
            [
              85.1202301,
              56.4756029
            ],
            [
              85.1202247,
              56.4758251
            ],
            [
              85.1203052,
              56.4760058
            ],
            [
              85.1204439,
              56.4761098
            ],
            [
              85.1206102,
              56.4761927
            ],
            [
              85.1209167,
              56.4762843
            ],
            [
              85.1212547,
              56.4765243
            ],
            [
              85.1214746,
              56.4766635
            ],
            [
              85.1218976,
              56.4768445
            ],
            [
              85.1221666,
              56.4769864
            ],
            [
              85.1222578,
              56.477102
            ],
            [
              85.1221927,
              56.4773008
            ],
            [
              85.1219521,
              56.4774871
            ],
            [
              85.1218011,
              56.4775141
            ],
            [
              85.121421,
              56.4774486
            ],
            [
              85.1209481,
              56.4771941
            ],
            [
              85.1199074,
              56.4767912
            ],
            [
              85.1196132,
              56.4767079
            ],
            [
              85.119404,
              56.4767109
            ],
            [
              85.1191349,
              56.4767853
            ],
            [
              85.1188782,
              56.4769124
            ],
            [
              85.118738,
              56.4770608
            ],
            [
              85.1186422,
              56.477259
            ],
            [
              85.1184805,
              56.4773482
            ],
            [
              85.1181801,
              56.4773896
            ],
            [
              85.1180629,
              56.4773597
            ],
            [
              85.1174612,
              56.4779347
            ],
            [
              85.1168068,
              56.4780177
            ],
            [
              85.1164428,
              56.4778663
            ],
            [
              85.1162972,
              56.4776711
            ],
            [
              85.1158036,
              56.4774755
            ],
            [
              85.1151921,
              56.4775555
            ],
            [
              85.1141997,
              56.4772415
            ],
            [
              85.1130839,
              56.4763768
            ],
            [
              85.1122041,
              56.475695
            ],
            [
              85.1120539,
              56.4756713
            ],
            [
              85.1117803,
              56.4756891
            ],
            [
              85.1114585,
              56.4758313
            ],
            [
              85.1106484,
              56.476175
            ],
            [
              85.1101764,
              56.4762964
            ],
            [
              85.1093618,
              56.4766191
            ],
            [
              85.1084866,
              56.4771111
            ],
            [
              85.1082782,
              56.4771997
            ],
            [
              85.1077516,
              56.477357
            ],
            [
              85.1076452,
              56.4773982
            ],
            [
              85.1072536,
              56.4776708
            ],
            [
              85.1069961,
              56.4778308
            ],
            [
              85.1061584,
              56.4781392
            ],
            [
              85.1056818,
              56.478287
            ],
            [
              85.1052687,
              56.4783699
            ],
            [
              85.10492,
              56.4784173
            ],
            [
              85.1041046,
              56.478444
            ],
            [
              85.1035199,
              56.4785121
            ],
            [
              85.1031007,
              56.4785302
            ],
            [
              85.1026616,
              56.4785181
            ],
            [
              85.1022915,
              56.4787432
            ],
            [
              85.1018248,
              56.4790158
            ],
            [
              85.1013956,
              56.4792261
            ],
            [
              85.0999089,
              56.4801507
            ],
            [
              85.0970121,
              56.482011
            ],
            [
              85.0960679,
              56.4825857
            ],
            [
              85.0958855,
              56.4827426
            ],
            [
              85.0958265,
              56.4828641
            ],
            [
              85.0957246,
              56.4831011
            ],
            [
              85.0954939,
              56.4835572
            ],
            [
              85.0952525,
              56.4839867
            ],
            [
              85.0947813,
              56.4850172
            ],
            [
              85.0947491,
              56.4852098
            ],
            [
              85.0946418,
              56.4856629
            ],
            [
              85.0946088,
              56.4859653
            ],
            [
              85.0944318,
              56.4863859
            ],
            [
              85.0943253,
              56.4865337
            ],
            [
              85.0826899,
              56.4851357
            ],
            [
              85.0823358,
              56.4862405
            ],
            [
              85.081896,
              56.4873423
            ],
            [
              85.0816698,
              56.4877958
            ],
            [
              85.0814292,
              56.4884706
            ],
            [
              85.0812415,
              56.4891251
            ],
            [
              85.0811495,
              56.4897209
            ],
            [
              85.081171,
              56.489863
            ],
            [
              85.08123,
              56.4902925
            ],
            [
              85.0812139,
              56.490636
            ],
            [
              85.0811396,
              56.4909228
            ],
            [
              85.0810591,
              56.4911657
            ],
            [
              85.0808271,
              56.4915362
            ],
            [
              85.080804,
              56.4917747
            ],
            [
              85.0804855,
              56.4918983
            ],
            [
              85.079955,
              56.4917831
            ],
            [
              85.0790945,
              56.4914029
            ],
            [
              85.0775892,
              56.4906003
            ],
            [
              85.0739908,
              56.4891148
            ],
            [
              85.0698902,
              56.4880569
            ],
            [
              85.067664,
              56.4877133
            ],
            [
              85.0603147,
              56.4853136
            ],
            [
              85.0591045,
              56.4866562
            ],
            [
              85.0565741,
              56.4881821
            ],
            [
              85.0538667,
              56.4889122
            ],
            [
              85.0523443,
              56.4894376
            ],
            [
              85.0516528,
              56.4898617
            ],
            [
              85.0504077,
              56.4907277
            ],
            [
              85.0492125,
              56.491612
            ],
            [
              85.0475995,
              56.4926926
            ],
            [
              85.0464499,
              56.4931664
            ],
            [
              85.0450138,
              56.493385
            ],
            [
              85.0419389,
              56.4932425
            ],
            [
              85.0347265,
              56.4930708
            ],
            [
              85.0335023,
              56.4933435
            ],
            [
              85.0327266,
              56.4938789
            ],
            [
              85.0313217,
              56.4918853
            ],
            [
              85.031385,
              56.4914609
            ],
            [
              85.0313008,
              56.4905977
            ],
            [
              85.0309649,
              56.4897492
            ],
            [
              85.030304,
              56.4888307
            ],
            [
              85.0300289,
              56.4880397
            ],
            [
              85.0283804,
              56.4881146
            ],
            [
              85.0293063,
              56.4896985
            ],
            [
              85.0294189,
              56.4908932
            ],
            [
              85.0216555,
              56.4911829
            ],
            [
              85.0157005,
              56.4902049
            ],
            [
              85.014309,
              56.4899754
            ],
            [
              85.0137947,
              56.490295
            ],
            [
              85.0117937,
              56.4909909
            ],
            [
              85.0112458,
              56.491256
            ],
            [
              85.0108606,
              56.491382
            ],
            [
              85.010512,
              56.4914572
            ],
            [
              85.01019,
              56.4915004
            ],
            [
              85.0099231,
              56.4915389
            ],
            [
              85.0095875,
              56.4915579
            ],
            [
              85.0093572,
              56.4915397
            ],
            [
              85.0090763,
              56.4915108
            ],
            [
              85.008587,
              56.4915298
            ],
            [
              85.0081836,
              56.4915584
            ],
            [
              85.0078063,
              56.4915236
            ],
            [
              85.0074164,
              56.4914174
            ],
            [
              85.0069542,
              56.4911543
            ],
            [
              85.005927,
              56.4907949
            ],
            [
              85.004141,
              56.4907364
            ],
            [
              85.0034184,
              56.4908692
            ],
            [
              85.0029524,
              56.4910151
            ],
            [
              85.0025729,
              56.4912557
            ],
            [
              85.0025417,
              56.4913331
            ],
            [
              85.0025444,
              56.491553
            ],
            [
              85.0025373,
              56.4916522
            ],
            [
              85.002378,
              56.4919276
            ],
            [
              85.0022014,
              56.4921819
            ],
            [
              85.0013949,
              56.4928019
            ],
            [
              85.001214,
              56.4929167
            ],
            [
              85.001034,
              56.4930054
            ],
            [
              85.000931,
              56.4930463
            ],
            [
              85.0005448,
              56.4931625
            ],
            [
              85.0003419,
              56.4932073
            ],
            [
              85.0000781,
              56.4932321
            ],
            [
              84.9998528,
              56.4932366
            ],
            [
              84.999772,
              56.493225
            ],
            [
              84.9996945,
              56.4931833
            ],
            [
              84.9995872,
              56.493107
            ],
            [
              84.9994287,
              56.4929567
            ],
            [
              84.9991452,
              56.492763
            ],
            [
              84.9986879,
              56.492663
            ],
            [
              84.9982194,
              56.4926491
            ],
            [
              84.9977421,
              56.4926779
            ],
            [
              84.9976319,
              56.4927109
            ],
            [
              84.9975736,
              56.4927475
            ],
            [
              84.9975783,
              56.4928042
            ],
            [
              84.9976279,
              56.4928982
            ],
            [
              84.9976963,
              56.492956
            ],
            [
              84.9977043,
              56.4929848
            ],
            [
              84.9976856,
              56.4930093
            ],
            [
              84.9976442,
              56.4930374
            ],
            [
              84.9975125,
              56.4930848
            ],
            [
              84.99742,
              56.4931092
            ],
            [
              84.997331,
              56.4931071
            ],
            [
              84.997243,
              56.4930892
            ],
            [
              84.9970458,
              56.4930085
            ],
            [
              84.9969285,
              56.4929731
            ],
            [
              84.9966888,
              56.4929499
            ],
            [
              84.9964055,
              56.4929343
            ]
          ]
        ]
      },
      "id": "relation/2688922"
    },
    {
      "type": "Feature",
      "properties": {
        "@id": "relation/3224247",
        "admin_level": "9",
        "boundary": "administrative",
        "name": "Кировский район",
        "population": "140686",
        "population:date": "2020-01-01",
        "source:population": "https://tmsk.gks.ru/folder/32175",
        "type": "boundary"
      },
      "geometry": {
        "type": "Polygon",
        "coordinates": [
          [
            [
              84.9177991,
              56.5259451
            ],
            [
              84.9012942,
              56.5219624
            ],
            [
              84.9004658,
              56.5226182
            ],
            [
              84.8988934,
              56.5231604
            ],
            [
              84.8974295,
              56.5244074
            ],
            [
              84.8962366,
              56.5254918
            ],
            [
              84.8951522,
              56.5272269
            ],
            [
              84.8942847,
              56.529233
            ],
            [
              84.8944474,
              56.5318356
            ],
            [
              84.8947356,
              56.5338166
            ],
            [
              84.8947937,
              56.5351249
            ],
            [
              84.8916181,
              56.5352666
            ],
            [
              84.8882901,
              56.5351616
            ],
            [
              84.8884022,
              56.5345376
            ],
            [
              84.8902043,
              56.5345114
            ],
            [
              84.8902033,
              56.5328917
            ],
            [
              84.8897328,
              56.5317099
            ],
            [
              84.8889586,
              56.5312246
            ],
            [
              84.8866017,
              56.5305498
            ],
            [
              84.885511,
              56.5304014
            ],
            [
              84.8844011,
              56.5303959
            ],
            [
              84.8834172,
              56.5305176
            ],
            [
              84.8824777,
              56.5307157
            ],
            [
              84.8817818,
              56.5309899
            ],
            [
              84.8810815,
              56.5313127
            ],
            [
              84.8806792,
              56.531633
            ],
            [
              84.8805088,
              56.5320305
            ],
            [
              84.8782117,
              56.5323081
            ],
            [
              84.8770364,
              56.5321327
            ],
            [
              84.8759512,
              56.5318787
            ],
            [
              84.8743169,
              56.5310934
            ],
            [
              84.8731857,
              56.5307754
            ],
            [
              84.8725252,
              56.5308461
            ],
            [
              84.8722527,
              56.5308092
            ],
            [
              84.8713388,
              56.5304148
            ],
            [
              84.870539,
              56.5299074
            ],
            [
              84.8688088,
              56.5278866
            ],
            [
              84.8598098,
              56.5306395
            ],
            [
              84.8669708,
              56.5328625
            ],
            [
              84.8705514,
              56.532941
            ],
            [
              84.8729769,
              56.5335874
            ],
            [
              84.8743732,
              56.533848
            ],
            [
              84.880827,
              56.536422
            ],
            [
              84.8780527,
              56.5413248
            ],
            [
              84.8759897,
              56.5433773
            ],
            [
              84.875948,
              56.5435663
            ],
            [
              84.8752241,
              56.5437423
            ],
            [
              84.8746844,
              56.5440132
            ],
            [
              84.8742124,
              56.5444029
            ],
            [
              84.8739763,
              56.5448051
            ],
            [
              84.8737528,
              56.5452391
            ],
            [
              84.8734452,
              56.545691
            ],
            [
              84.8732136,
              56.546144
            ],
            [
              84.8730752,
              56.5465791
            ],
            [
              84.873065,
              56.5466441
            ],
            [
              84.8729942,
              56.5470956
            ],
            [
              84.8730363,
              56.5476773
            ],
            [
              84.8729351,
              56.5478908
            ],
            [
              84.8725289,
              56.5482757
            ],
            [
              84.870973,
              56.5490917
            ],
            [
              84.8708217,
              56.5491709
            ],
            [
              84.87063,
              56.5492648
            ],
            [
              84.8705078,
              56.5493246
            ],
            [
              84.8700925,
              56.5495957
            ],
            [
              84.8696748,
              56.5498673
            ],
            [
              84.8693761,
              56.5500737
            ],
            [
              84.8692238,
              56.550171
            ],
            [
              84.8690768,
              56.5502231
            ],
            [
              84.8689002,
              56.5502282
            ],
            [
              84.8687192,
              56.5501753
            ],
            [
              84.8685785,
              56.5500617
            ],
            [
              84.8685352,
              56.5498238
            ],
            [
              84.8684241,
              56.5496836
            ],
            [
              84.8681954,
              56.5495863
            ],
            [
              84.8679032,
              56.5495158
            ],
            [
              84.8675087,
              56.5494535
            ],
            [
              84.867147,
              56.5494324
            ],
            [
              84.8667902,
              56.5493868
            ],
            [
              84.8663763,
              56.5492473
            ],
            [
              84.8658033,
              56.5490302
            ],
            [
              84.8653384,
              56.5488345
            ],
            [
              84.8649948,
              56.5486486
            ],
            [
              84.8646185,
              56.5484202
            ],
            [
              84.8644237,
              56.5482839
            ],
            [
              84.8642202,
              56.548072
            ],
            [
              84.864042,
              56.5478623
            ],
            [
              84.8636056,
              56.547199
            ],
            [
              84.8634239,
              56.5469802
            ],
            [
              84.8631335,
              56.5467786
            ],
            [
              84.8627022,
              56.5465577
            ],
            [
              84.8620986,
              56.5463714
            ],
            [
              84.8610043,
              56.5461275
            ],
            [
              84.8607951,
              56.545774
            ],
            [
              84.8605229,
              56.5454759
            ],
            [
              84.8597895,
              56.5449427
            ],
            [
              84.8593348,
              56.5447214
            ],
            [
              84.8588348,
              56.5445821
            ],
            [
              84.8582039,
              56.5445461
            ],
            [
              84.8576449,
              56.5446401
            ],
            [
              84.8571245,
              56.5448051
            ],
            [
              84.8565602,
              56.5451386
            ],
            [
              84.8561714,
              56.5454779
            ],
            [
              84.8559143,
              56.5457862
            ],
            [
              84.8557373,
              56.5461637
            ],
            [
              84.855444,
              56.5467488
            ],
            [
              84.8552685,
              56.5470728
            ],
            [
              84.8551002,
              56.5473668
            ],
            [
              84.8548405,
              56.5476644
            ],
            [
              84.8544594,
              56.5479117
            ],
            [
              84.8540039,
              56.5481678
            ],
            [
              84.8534473,
              56.5483699
            ],
            [
              84.8529367,
              56.5484705
            ],
            [
              84.8524289,
              56.5484877
            ],
            [
              84.8517933,
              56.548454
            ],
            [
              84.8505843,
              56.5484265
            ],
            [
              84.8499479,
              56.5484174
            ],
            [
              84.8493006,
              56.54848
            ],
            [
              84.8486609,
              56.5485877
            ],
            [
              84.8480481,
              56.5488228
            ],
            [
              84.8475631,
              56.5490206
            ],
            [
              84.846871,
              56.5492063
            ],
            [
              84.8462592,
              56.5493483
            ],
            [
              84.8454905,
              56.5494716
            ],
            [
              84.8447312,
              56.549572
            ],
            [
              84.8440047,
              56.5496261
            ],
            [
              84.843318,
              56.5496579
            ],
            [
              84.8427337,
              56.5497276
            ],
            [
              84.842118,
              56.5497917
            ],
            [
              84.8415567,
              56.5497905
            ],
            [
              84.8410728,
              56.5497228
            ],
            [
              84.840637,
              56.5495846
            ],
            [
              84.8402309,
              56.5493938
            ],
            [
              84.8397632,
              56.5491167
            ],
            [
              84.8389298,
              56.5486176
            ],
            [
              84.8380251,
              56.5482056
            ],
            [
              84.8371972,
              56.5478699
            ],
            [
              84.8366516,
              56.5477021
            ],
            [
              84.8360174,
              56.5475662
            ],
            [
              84.8350825,
              56.5474494
            ],
            [
              84.834234,
              56.5473699
            ],
            [
              84.8320384,
              56.5472123
            ],
            [
              84.8306898,
              56.5471283
            ],
            [
              84.8296248,
              56.5470308
            ],
            [
              84.8288476,
              56.5469027
            ],
            [
              84.8283229,
              56.5467799
            ],
            [
              84.82801,
              56.5466378
            ],
            [
              84.8276976,
              56.5464312
            ],
            [
              84.8275497,
              56.5462661
            ],
            [
              84.827524,
              56.5460766
            ],
            [
              84.8275215,
              56.5459248
            ],
            [
              84.8276779,
              56.5457177
            ],
            [
              84.8279367,
              56.5454446
            ],
            [
              84.8283887,
              56.5451516
            ],
            [
              84.8288304,
              56.5448823
            ],
            [
              84.8295093,
              56.5445921
            ],
            [
              84.8302304,
              56.5443856
            ],
            [
              84.8308983,
              56.5442407
            ],
            [
              84.8320061,
              56.5440756
            ],
            [
              84.833939,
              56.5438747
            ],
            [
              84.8354995,
              56.5436641
            ],
            [
              84.8374992,
              56.5433185
            ],
            [
              84.8397603,
              56.542882
            ],
            [
              84.8404831,
              56.5427031
            ],
            [
              84.841091,
              56.5424357
            ],
            [
              84.8414842,
              56.5422076
            ],
            [
              84.8417784,
              56.5419993
            ],
            [
              84.8420033,
              56.5416506
            ],
            [
              84.842181,
              56.5412437
            ],
            [
              84.8421922,
              56.5408584
            ],
            [
              84.8420777,
              56.5404983
            ],
            [
              84.8417661,
              56.540142
            ],
            [
              84.8411886,
              56.5398189
            ],
            [
              84.8401283,
              56.5394074
            ],
            [
              84.8391643,
              56.5390685
            ],
            [
              84.8382361,
              56.5386643
            ],
            [
              84.8372377,
              56.5382239
            ],
            [
              84.8361448,
              56.5377337
            ],
            [
              84.8356687,
              56.5375511
            ],
            [
              84.8350425,
              56.5373383
            ],
            [
              84.8342218,
              56.5371083
            ],
            [
              84.8330816,
              56.5369131
            ],
            [
              84.8321762,
              56.536671
            ],
            [
              84.831511,
              56.5364219
            ],
            [
              84.8308453,
              56.536084
            ],
            [
              84.830385,
              56.5357449
            ],
            [
              84.8300002,
              56.5353666
            ],
            [
              84.829813,
              56.5351027
            ],
            [
              84.8295175,
              56.5342988
            ],
            [
              84.8294989,
              56.5339105
            ],
            [
              84.8296349,
              56.5334064
            ],
            [
              84.8298858,
              56.5331709
            ],
            [
              84.8301825,
              56.5329481
            ],
            [
              84.8305517,
              56.5327656
            ],
            [
              84.8309143,
              56.5326295
            ],
            [
              84.8318005,
              56.5323854
            ],
            [
              84.82004,
              56.5273964
            ],
            [
              84.8149518,
              56.5251417
            ],
            [
              84.8174257,
              56.5233382
            ],
            [
              84.8217768,
              56.520933
            ],
            [
              84.8232445,
              56.5190259
            ],
            [
              84.825114,
              56.5185287
            ],
            [
              84.8257769,
              56.5173361
            ],
            [
              84.826091,
              56.517004
            ],
            [
              84.8282064,
              56.5162216
            ],
            [
              84.8294513,
              56.5148933
            ],
            [
              84.831197,
              56.5133539
            ],
            [
              84.8319244,
              56.5121494
            ],
            [
              84.8323456,
              56.5122085
            ],
            [
              84.834302,
              56.5107653
            ],
            [
              84.8354857,
              56.509711
            ],
            [
              84.8358987,
              56.5089723
            ],
            [
              84.8511272,
              56.510636
            ],
            [
              84.8525799,
              56.5102346
            ],
            [
              84.8531636,
              56.5104585
            ],
            [
              84.856115,
              56.5111315
            ],
            [
              84.8614351,
              56.5111096
            ],
            [
              84.8613337,
              56.5108629
            ],
            [
              84.8611805,
              56.5107765
            ],
            [
              84.8610979,
              56.5106407
            ],
            [
              84.8611435,
              56.5104852
            ],
            [
              84.8612592,
              56.510229
            ],
            [
              84.8612588,
              56.5099874
            ],
            [
              84.8612468,
              56.509851
            ],
            [
              84.8611783,
              56.5096697
            ],
            [
              84.8612063,
              56.5094118
            ],
            [
              84.8613002,
              56.509171
            ],
            [
              84.8613294,
              56.5089624
            ],
            [
              84.8614219,
              56.5088169
            ],
            [
              84.8614745,
              56.5087343
            ],
            [
              84.8618942,
              56.5083496
            ],
            [
              84.8623877,
              56.5078511
            ],
            [
              84.8627959,
              56.5075293
            ],
            [
              84.8603463,
              56.506737
            ],
            [
              84.8568227,
              56.5056226
            ],
            [
              84.8559159,
              56.5052416
            ],
            [
              84.851662,
              56.5043857
            ],
            [
              84.8503562,
              56.5044391
            ],
            [
              84.8480529,
              56.5045325
            ],
            [
              84.8467139,
              56.5031891
            ],
            [
              84.847139,
              56.5028117
            ],
            [
              84.8483253,
              56.501822
            ],
            [
              84.8489341,
              56.5007628
            ],
            [
              84.8473434,
              56.5001831
            ],
            [
              84.8477774,
              56.4998228
            ],
            [
              84.8472329,
              56.4995896
            ],
            [
              84.8463282,
              56.4996595
            ],
            [
              84.8454209,
              56.4998893
            ],
            [
              84.8450252,
              56.5001203
            ],
            [
              84.8431986,
              56.4998984
            ],
            [
              84.8423132,
              56.4986999
            ],
            [
              84.8416285,
              56.497685
            ],
            [
              84.8411042,
              56.4966468
            ],
            [
              84.8409219,
              56.4954651
            ],
            [
              84.8419089,
              56.4948253
            ],
            [
              84.8419138,
              56.4939382
            ],
            [
              84.8414627,
              56.4931336
            ],
            [
              84.839708,
              56.4918159
            ],
            [
              84.8397455,
              56.4907793
            ],
            [
              84.839944,
              56.4892965
            ],
            [
              84.8411447,
              56.4882091
            ],
            [
              84.842983,
              56.4879215
            ],
            [
              84.8440247,
              56.4871264
            ],
            [
              84.8466903,
              56.4879722
            ],
            [
              84.8486618,
              56.4880088
            ],
            [
              84.8489004,
              56.4880132
            ],
            [
              84.8503364,
              56.4880399
            ],
            [
              84.8532091,
              56.4886109
            ],
            [
              84.8552233,
              56.4877946
            ],
            [
              84.8590378,
              56.488522
            ],
            [
              84.8627398,
              56.4858751
            ],
            [
              84.8628997,
              56.4871158
            ],
            [
              84.865838,
              56.4857271
            ],
            [
              84.8686585,
              56.4848187
            ],
            [
              84.8709266,
              56.4841503
            ],
            [
              84.8734027,
              56.4847594
            ],
            [
              84.878699,
              56.4807704
            ],
            [
              84.8769766,
              56.4801673
            ],
            [
              84.8778529,
              56.4794341
            ],
            [
              84.8720604,
              56.4772623
            ],
            [
              84.878792,
              56.4713785
            ],
            [
              84.879427,
              56.4708453
            ],
            [
              84.8814016,
              56.4692924
            ],
            [
              84.8818366,
              56.4689734
            ],
            [
              84.882549,
              56.4682955
            ],
            [
              84.8845164,
              56.4666046
            ],
            [
              84.8837288,
              56.4645956
            ],
            [
              84.8852409,
              56.4624894
            ],
            [
              84.8807831,
              56.4602333
            ],
            [
              84.8782458,
              56.4589217
            ],
            [
              84.8790936,
              56.4577862
            ],
            [
              84.8810047,
              56.4570055
            ],
            [
              84.8824894,
              56.4571647
            ],
            [
              84.891826,
              56.4604263
            ],
            [
              84.8958799,
              56.4574407
            ],
            [
              84.8993228,
              56.4576223
            ],
            [
              84.9021862,
              56.4585692
            ],
            [
              84.9036529,
              56.4590414
            ],
            [
              84.9063966,
              56.4598848
            ],
            [
              84.9065919,
              56.4599364
            ],
            [
              84.9076836,
              56.4602855
            ],
            [
              84.9077292,
              56.46041
            ],
            [
              84.9073826,
              56.4605807
            ],
            [
              84.9035306,
              56.461875
            ],
            [
              84.9004286,
              56.4634521
            ],
            [
              84.8970127,
              56.4656129
            ],
            [
              84.8945705,
              56.4678562
            ],
            [
              84.894071,
              56.4681634
            ],
            [
              84.893484,
              56.4686545
            ],
            [
              84.8921709,
              56.4705669
            ],
            [
              84.8922632,
              56.4712081
            ],
            [
              84.8919146,
              56.4718652
            ],
            [
              84.8918508,
              56.4727801
            ],
            [
              84.8921252,
              56.4735947
            ],
            [
              84.8929963,
              56.4748318
            ],
            [
              84.8941491,
              56.4760524
            ],
            [
              84.8945559,
              56.4767983
            ],
            [
              84.8946049,
              56.4774857
            ],
            [
              84.8942285,
              56.4781793
            ],
            [
              84.8965714,
              56.4777636
            ],
            [
              84.8980227,
              56.477239
            ],
            [
              84.8998516,
              56.476344
            ],
            [
              84.9007938,
              56.4756528
            ],
            [
              84.9067784,
              56.4693423
            ],
            [
              84.9126494,
              56.4621989
            ],
            [
              84.9119897,
              56.4620023
            ],
            [
              84.9115445,
              56.4623273
            ],
            [
              84.910268,
              56.46178
            ],
            [
              84.9090826,
              56.4608207
            ],
            [
              84.9079938,
              56.4606972
            ],
            [
              84.9190886,
              56.4556432
            ],
            [
              84.920453,
              56.454536
            ],
            [
              84.9185218,
              56.4515478
            ],
            [
              84.9186076,
              56.4508126
            ],
            [
              84.918908,
              56.4503382
            ],
            [
              84.9191226,
              56.4494607
            ],
            [
              84.924098,
              56.4460399
            ],
            [
              84.9241476,
              56.4452916
            ],
            [
              84.924205,
              56.4445139
            ],
            [
              84.9209431,
              56.4441322
            ],
            [
              84.9213006,
              56.4421785
            ],
            [
              84.9247867,
              56.4423097
            ],
            [
              84.925135,
              56.4407882
            ],
            [
              84.9255711,
              56.4392214
            ],
            [
              84.926928,
              56.4392875
            ],
            [
              84.9283026,
              56.4393294
            ],
            [
              84.9308775,
              56.440563
            ],
            [
              84.9341391,
              56.4406579
            ],
            [
              84.9346541,
              56.4399936
            ],
            [
              84.9358557,
              56.4394243
            ],
            [
              84.9425505,
              56.440563
            ],
            [
              84.943599,
              56.4399945
            ],
            [
              84.9514769,
              56.4357231
            ],
            [
              84.9547384,
              56.4310724
            ],
            [
              84.956455,
              56.425187
            ],
            [
              84.9556824,
              56.4241162
            ],
            [
              84.9583045,
              56.4221236
            ],
            [
              84.9643844,
              56.406473
            ],
            [
              84.9660485,
              56.4020701
            ],
            [
              84.9682115,
              56.40234
            ],
            [
              84.969073,
              56.4027122
            ],
            [
              84.9758537,
              56.4025317
            ],
            [
              84.9778492,
              56.4029841
            ],
            [
              84.9797804,
              56.4030429
            ],
            [
              84.9804456,
              56.4026172
            ],
            [
              84.978391,
              56.3998817
            ],
            [
              84.979542,
              56.3998922
            ],
            [
              84.9839073,
              56.3999322
            ],
            [
              84.9927194,
              56.4010478
            ],
            [
              84.9931271,
              56.4027606
            ],
            [
              84.9943212,
              56.4034021
            ],
            [
              84.9940283,
              56.4037722
            ],
            [
              84.9940069,
              56.4042175
            ],
            [
              84.9946114,
              56.4044356
            ],
            [
              84.9955304,
              56.4039372
            ],
            [
              84.99629,
              56.4040082
            ],
            [
              84.9969251,
              56.4040281
            ],
            [
              84.9977727,
              56.4038981
            ],
            [
              84.9996073,
              56.4042044
            ],
            [
              85.0011882,
              56.4047933
            ],
            [
              85.003062,
              56.404246
            ],
            [
              85.0039203,
              56.4043062
            ],
            [
              85.0038023,
              56.4048289
            ],
            [
              85.0032873,
              56.4054502
            ],
            [
              85.0043387,
              56.4059681
            ],
            [
              85.0232966,
              56.411874
            ],
            [
              85.0289399,
              56.4115529
            ],
            [
              85.0317112,
              56.4108567
            ],
            [
              85.0320942,
              56.4104916
            ],
            [
              85.0331671,
              56.4103563
            ],
            [
              85.0333205,
              56.4100102
            ],
            [
              85.033857,
              56.4098013
            ],
            [
              85.0344975,
              56.408461
            ],
            [
              85.034372,
              56.4067087
            ],
            [
              85.0352485,
              56.4067835
            ],
            [
              85.0356133,
              56.4071954
            ],
            [
              85.0440676,
              56.4092997
            ],
            [
              85.0456984,
              56.4085613
            ],
            [
              85.0466211,
              56.4083494
            ],
            [
              85.0458057,
              56.4077226
            ],
            [
              85.0503332,
              56.4053973
            ],
            [
              85.0516851,
              56.4061898
            ],
            [
              85.0543673,
              56.4048957
            ],
            [
              85.0597473,
              56.4022085
            ],
            [
              85.0675638,
              56.3983039
            ],
            [
              85.0679554,
              56.3981011
            ],
            [
              85.068465,
              56.3978859
            ],
            [
              85.0690229,
              56.397697
            ],
            [
              85.0762541,
              56.3956331
            ],
            [
              85.0749667,
              56.3950713
            ],
            [
              85.0701387,
              56.3935797
            ],
            [
              85.063401,
              56.3906306
            ],
            [
              85.0612337,
              56.387888
            ],
            [
              85.0595815,
              56.3886815
            ],
            [
              85.0553543,
              56.3891922
            ],
            [
              85.048209,
              56.3881934
            ],
            [
              85.0468827,
              56.3876224
            ],
            [
              85.0466854,
              56.3867697
            ],
            [
              85.0519152,
              56.38187
            ],
            [
              85.0535251,
              56.3816395
            ],
            [
              85.0546614,
              56.3817561
            ],
            [
              85.0553443,
              56.3815808
            ],
            [
              85.0628431,
              56.379368
            ],
            [
              85.0793252,
              56.3806398
            ],
            [
              85.0785715,
              56.3794898
            ],
            [
              85.0791509,
              56.3783474
            ],
            [
              85.0824339,
              56.3778371
            ],
            [
              85.0860817,
              56.3800452
            ],
            [
              85.0821385,
              56.3822594
            ],
            [
              85.0836785,
              56.3849991
            ],
            [
              85.0871761,
              56.3847972
            ],
            [
              85.0897081,
              56.3855705
            ],
            [
              85.0913054,
              56.3846672
            ],
            [
              85.0920899,
              56.3849279
            ],
            [
              85.0942033,
              56.3845372
            ],
            [
              85.0976689,
              56.3845246
            ],
            [
              85.0984413,
              56.3836568
            ],
            [
              85.0986988,
              56.3824331
            ],
            [
              85.0995357,
              56.3817441
            ],
            [
              85.1008264,
              56.3799733
            ],
            [
              85.0986774,
              56.3785482
            ],
            [
              85.098782,
              56.3781955
            ],
            [
              85.0991682,
              56.3778254
            ],
            [
              85.0991832,
              56.3775545
            ],
            [
              85.0992895,
              56.3770923
            ],
            [
              85.0993871,
              56.3769325
            ],
            [
              85.0997894,
              56.3766782
            ],
            [
              85.1002164,
              56.3763295
            ],
            [
              85.1025875,
              56.3754318
            ],
            [
              85.1019755,
              56.3751936
            ],
            [
              85.1013236,
              56.3749399
            ],
            [
              85.1008505,
              56.3743369
            ],
            [
              85.0988775,
              56.3734813
            ],
            [
              85.0966684,
              56.3728462
            ],
            [
              85.0952535,
              56.3726646
            ],
            [
              85.0951825,
              56.3726555
            ],
            [
              85.0954496,
              56.3723922
            ],
            [
              85.0964924,
              56.3720013
            ],
            [
              85.0980235,
              56.3723714
            ],
            [
              85.0985417,
              56.372239
            ],
            [
              85.0975589,
              56.3718361
            ],
            [
              85.0979119,
              56.3716139
            ],
            [
              85.0997401,
              56.3722912
            ],
            [
              85.0999353,
              56.3719324
            ],
            [
              85.0994847,
              56.3715889
            ],
            [
              85.1002154,
              56.3714695
            ],
            [
              85.1001542,
              56.371012
            ],
            [
              85.1007175,
              56.3703673
            ],
            [
              85.1001081,
              56.3694154
            ],
            [
              85.0999648,
              56.3679754
            ],
            [
              85.0968782,
              56.3680075
            ],
            [
              85.0955907,
              56.3677342
            ],
            [
              85.0944964,
              56.3671893
            ],
            [
              85.1029267,
              56.3598685
            ],
            [
              85.1038855,
              56.3590164
            ],
            [
              85.1051608,
              56.3579282
            ],
            [
              85.1083763,
              56.360223
            ],
            [
              85.1101221,
              56.3610555
            ],
            [
              85.1107184,
              56.3613398
            ],
            [
              85.1129467,
              56.362636
            ],
            [
              85.1268942,
              56.3707664
            ],
            [
              85.1239792,
              56.3728204
            ],
            [
              85.1198346,
              56.3740806
            ],
            [
              85.1158435,
              56.3761481
            ],
            [
              85.1153929,
              56.3768729
            ],
            [
              85.1171954,
              56.3765426
            ],
            [
              85.1203529,
              56.3779298
            ],
            [
              85.1211682,
              56.378809
            ],
            [
              85.1206071,
              56.3797719
            ],
            [
              85.1180569,
              56.3795575
            ],
            [
              85.1151601,
              56.3803773
            ],
            [
              85.1160399,
              56.3811851
            ],
            [
              85.117971,
              56.3826345
            ],
            [
              85.1185257,
              56.3832291
            ],
            [
              85.119148,
              56.3848209
            ],
            [
              85.1184664,
              56.386556
            ],
            [
              85.1174364,
              56.3873638
            ],
            [
              85.1153765,
              56.3883615
            ],
            [
              85.1088835,
              56.3901693
            ],
            [
              85.1086406,
              56.3902369
            ],
            [
              85.107238,
              56.3906274
            ],
            [
              85.1001999,
              56.3924327
            ],
            [
              85.0945196,
              56.3933975
            ],
            [
              85.0902281,
              56.3939201
            ],
            [
              85.0870106,
              56.3943204
            ],
            [
              85.0847421,
              56.3945883
            ],
            [
              85.0846732,
              56.3945959
            ],
            [
              85.0800143,
              56.3952027
            ],
            [
              85.0778685,
              56.3957253
            ],
            [
              85.0769994,
              56.3960213
            ],
            [
              85.0756369,
              56.3964853
            ],
            [
              85.0673373,
              56.4001847
            ],
            [
              85.0615592,
              56.4034235
            ],
            [
              85.0620312,
              56.4037619
            ],
            [
              85.0593383,
              56.4069615
            ],
            [
              85.0530941,
              56.4100542
            ],
            [
              85.0538881,
              56.4117875
            ],
            [
              85.0474707,
              56.4183704
            ],
            [
              85.0447836,
              56.4183684
            ],
            [
              85.0364091,
              56.4183123
            ],
            [
              85.0355367,
              56.4182995
            ],
            [
              85.0346788,
              56.4182672
            ],
            [
              85.0334803,
              56.4181271
            ],
            [
              85.0312553,
              56.4177496
            ],
            [
              85.011412,
              56.4275551
            ],
            [
              85.0082076,
              56.4291979
            ],
            [
              85.0067987,
              56.429894
            ],
            [
              85.0053099,
              56.4306339
            ],
            [
              85.0030341,
              56.4317155
            ],
            [
              85.0042655,
              56.4324791
            ],
            [
              85.0050622,
              56.4339277
            ],
            [
              85.0090261,
              56.4426144
            ],
            [
              85.0091579,
              56.4428994
            ],
            [
              85.0187941,
              56.4412684
            ],
            [
              85.0214281,
              56.4417243
            ],
            [
              85.0210956,
              56.442649
            ],
            [
              85.0205905,
              56.4440383
            ],
            [
              85.0197299,
              56.4479723
            ],
            [
              85.020933,
              56.4480993
            ],
            [
              85.0219352,
              56.4481183
            ],
            [
              85.0246907,
              56.448585
            ],
            [
              85.0268237,
              56.448384
            ],
            [
              85.0283594,
              56.4482226
            ],
            [
              85.0284721,
              56.4480855
            ],
            [
              85.0303711,
              56.4460234
            ],
            [
              85.0309813,
              56.4458225
            ],
            [
              85.0321573,
              56.4455874
            ],
            [
              85.0321895,
              56.4454688
            ],
            [
              85.0323504,
              56.4453325
            ],
            [
              85.0325328,
              56.4449707
            ],
            [
              85.0329405,
              56.4446742
            ],
            [
              85.033198,
              56.4443006
            ],
            [
              85.0331765,
              56.4438973
            ],
            [
              85.0338524,
              56.4433992
            ],
            [
              85.0341475,
              56.4430552
            ],
            [
              85.0345927,
              56.4428951
            ],
            [
              85.034641,
              56.4426519
            ],
            [
              85.0353813,
              56.4420055
            ],
            [
              85.0352204,
              56.4414302
            ],
            [
              85.0355637,
              56.4410447
            ],
            [
              85.0355744,
              56.4405643
            ],
            [
              85.0358856,
              56.4401076
            ],
            [
              85.0362718,
              56.4397577
            ],
            [
              85.0363469,
              56.4395797
            ],
            [
              85.0363576,
              56.4393662
            ],
            [
              85.0362718,
              56.4389332
            ],
            [
              85.0363147,
              56.4387316
            ],
            [
              85.0365615,
              56.4385833
            ],
            [
              85.0367975,
              56.4384172
            ],
            [
              85.0463945,
              56.4442235
            ],
            [
              85.0392437,
              56.4488874
            ],
            [
              85.04103,
              56.4502957
            ],
            [
              85.0390345,
              56.4526851
            ],
            [
              85.0404936,
              56.4540132
            ],
            [
              85.0412231,
              56.4549618
            ],
            [
              85.0420707,
              56.4558511
            ],
            [
              85.0431007,
              56.4562305
            ],
            [
              85.0427788,
              56.4565981
            ],
            [
              85.0435298,
              56.4567255
            ],
            [
              85.0443238,
              56.4571138
            ],
            [
              85.0456756,
              56.457268
            ],
            [
              85.0463944,
              56.4573124
            ],
            [
              85.04677,
              56.4573865
            ],
            [
              85.0478609,
              56.4574757
            ],
            [
              85.0483006,
              56.4574538
            ],
            [
              85.0488245,
              56.4577361
            ],
            [
              85.0487721,
              56.4577777
            ],
            [
              85.0486692,
              56.4580836
            ],
            [
              85.0484674,
              56.4582271
            ],
            [
              85.0479503,
              56.4583522
            ],
            [
              85.0474718,
              56.4587636
            ],
            [
              85.0474774,
              56.4591043
            ],
            [
              85.0480072,
              56.4593801
            ],
            [
              85.048797,
              56.4595767
            ],
            [
              85.0495017,
              56.4595176
            ],
            [
              85.0500542,
              56.4596074
            ],
            [
              85.050488,
              56.4598982
            ],
            [
              85.0506331,
              56.4603468
            ],
            [
              85.0504731,
              56.4605651
            ],
            [
              85.0501938,
              56.460679
            ],
            [
              85.0493547,
              56.4606522
            ],
            [
              85.0486253,
              56.4607346
            ],
            [
              85.0483841,
              56.4609967
            ],
            [
              85.0482197,
              56.4614274
            ],
            [
              85.0483865,
              56.4619659
            ],
            [
              85.0490067,
              56.4622478
            ],
            [
              85.0493447,
              56.4627782
            ],
            [
              85.050179,
              56.4631505
            ],
            [
              85.0512969,
              56.4635326
            ],
            [
              85.0527251,
              56.4637095
            ],
            [
              85.0528361,
              56.4648203
            ],
            [
              85.0315618,
              56.4650719
            ],
            [
              85.0263169,
              56.4715107
            ],
            [
              85.0243611,
              56.4718894
            ],
            [
              85.0241596,
              56.4712825
            ],
            [
              85.0238901,
              56.4708151
            ],
            [
              85.023672,
              56.4705598
            ],
            [
              85.0231981,
              56.4701349
            ],
            [
              85.0224698,
              56.4695424
            ],
            [
              85.0223305,
              56.4694257
            ],
            [
              85.0217427,
              56.4689334
            ],
            [
              85.0216971,
              56.468897
            ],
            [
              85.0210443,
              56.4683752
            ],
            [
              85.0207424,
              56.4681979
            ],
            [
              85.0205404,
              56.4680793
            ],
            [
              85.0200457,
              56.4678393
            ],
            [
              85.0197484,
              56.4677355
            ],
            [
              85.0194388,
              56.4676273
            ],
            [
              85.0188179,
              56.4674557
            ],
            [
              85.0184457,
              56.4673823
            ],
            [
              85.0180647,
              56.4673198
            ],
            [
              85.0176075,
              56.4672786
            ],
            [
              85.0171359,
              56.4672606
            ],
            [
              85.0163584,
              56.467274
            ],
            [
              85.0154783,
              56.46736
            ],
            [
              85.0145193,
              56.4674772
            ],
            [
              85.014287,
              56.4675056
            ],
            [
              85.0124374,
              56.4677489
            ],
            [
              85.0117674,
              56.4678129
            ],
            [
              85.0111278,
              56.4678365
            ],
            [
              85.0105982,
              56.467835
            ],
            [
              85.010088,
              56.4678138
            ],
            [
              85.0091165,
              56.4676943
            ],
            [
              85.0086585,
              56.4676064
            ],
            [
              85.0079965,
              56.4674269
            ],
            [
              85.0072534,
              56.4671844
            ],
            [
              85.006796,
              56.4670204
            ],
            [
              85.0062455,
              56.4668164
            ],
            [
              85.0018399,
              56.4652479
            ],
            [
              85.0009394,
              56.4649276
            ],
            [
              84.9989536,
              56.4641137
            ],
            [
              84.9982425,
              56.464116
            ],
            [
              84.9965995,
              56.4650285
            ],
            [
              84.9964429,
              56.4651219
            ],
            [
              84.9961121,
              56.4652599
            ],
            [
              84.9953464,
              56.4655767
            ],
            [
              84.9949551,
              56.46537
            ],
            [
              84.9946558,
              56.4652131
            ],
            [
              84.9944061,
              56.4650806
            ],
            [
              84.9941508,
              56.4649451
            ],
            [
              84.9939782,
              56.4648546
            ],
            [
              84.992907,
              56.4642931
            ],
            [
              84.9924578,
              56.4640518
            ],
            [
              84.9919323,
              56.4637748
            ],
            [
              84.9916112,
              56.4636013
            ],
            [
              84.9912843,
              56.4634254
            ],
            [
              84.9909128,
              56.4632312
            ],
            [
              84.9905358,
              56.4630341
            ],
            [
              84.9901493,
              56.462832
            ],
            [
              84.9894963,
              56.4624905
            ],
            [
              84.9889631,
              56.4622117
            ],
            [
              84.9888775,
              56.462167
            ],
            [
              84.9887107,
              56.4620798
            ],
            [
              84.9885835,
              56.4620136
            ],
            [
              84.9883419,
              56.4621445
            ],
            [
              84.9869656,
              56.4629415
            ],
            [
              84.9866046,
              56.4631472
            ],
            [
              84.9863021,
              56.4633195
            ],
            [
              84.9860178,
              56.4634887
            ],
            [
              84.9858835,
              56.4635666
            ],
            [
              84.9857951,
              56.4636179
            ],
            [
              84.9857066,
              56.4636692
            ],
            [
              84.9856353,
              56.4637104
            ],
            [
              84.9855507,
              56.4637593
            ],
            [
              84.9851389,
              56.4639974
            ],
            [
              84.9846804,
              56.4642627
            ],
            [
              84.983383,
              56.4650135
            ],
            [
              84.98321,
              56.4651202
            ],
            [
              84.9830897,
              56.4651911
            ],
            [
              84.9828269,
              56.4653462
            ],
            [
              84.9824208,
              56.4655732
            ],
            [
              84.9822802,
              56.4656703
            ],
            [
              84.9821862,
              56.4657432
            ],
            [
              84.982156,
              56.4657908
            ],
            [
              84.9821446,
              56.465848
            ],
            [
              84.982141,
              56.4659046
            ],
            [
              84.9821488,
              56.4659763
            ],
            [
              84.9821597,
              56.4660768
            ],
            [
              84.9821769,
              56.4661113
            ],
            [
              84.9821886,
              56.4661662
            ],
            [
              84.9821915,
              56.4662229
            ],
            [
              84.982187,
              56.4662772
            ],
            [
              84.9821816,
              56.4663151
            ],
            [
              84.9821652,
              56.4663693
            ],
            [
              84.9821434,
              56.4663993
            ],
            [
              84.9821029,
              56.4664368
            ],
            [
              84.9820457,
              56.4664821
            ],
            [
              84.9819942,
              56.4665126
            ],
            [
              84.9819256,
              56.4665455
            ],
            [
              84.9818661,
              56.4665643
            ],
            [
              84.9818002,
              56.4666204
            ],
            [
              84.9817603,
              56.4666566
            ],
            [
              84.9815406,
              56.4668574
            ],
            [
              84.9815386,
              56.4669001
            ],
            [
              84.9815384,
              56.4669696
            ],
            [
              84.9815377,
              56.4671569
            ],
            [
              84.9815372,
              56.4673104
            ],
            [
              84.9815359,
              56.4677137
            ],
            [
              84.9815355,
              56.4678355
            ],
            [
              84.9815348,
              56.4680338
            ],
            [
              84.9815319,
              56.4688885
            ],
            [
              84.9815316,
              56.468989
            ],
            [
              84.9815315,
              56.4690189
            ],
            [
              84.981531,
              56.469129
            ],
            [
              84.981546,
              56.4703296
            ],
            [
              84.981554,
              56.4709648
            ],
            [
              84.9815541,
              56.4710181
            ],
            [
              84.9815543,
              56.4711206
            ],
            [
              84.9812462,
              56.4711241
            ],
            [
              84.9808943,
              56.4711281
            ],
            [
              84.9800308,
              56.4711405
            ],
            [
              84.9794042,
              56.4711452
            ],
            [
              84.9786268,
              56.471154
            ],
            [
              84.9783733,
              56.4711555
            ],
            [
              84.9769268,
              56.4711643
            ],
            [
              84.9761378,
              56.4711691
            ],
            [
              84.9758891,
              56.4711709
            ],
            [
              84.9757911,
              56.4711734
            ],
            [
              84.9756635,
              56.4711811
            ],
            [
              84.9755463,
              56.4711888
            ],
            [
              84.9754097,
              56.4711928
            ],
            [
              84.9751443,
              56.471194
            ],
            [
              84.973627,
              56.4712001
            ],
            [
              84.9734669,
              56.4710562
            ],
            [
              84.9731559,
              56.471059
            ],
            [
              84.9731515,
              56.4711599
            ],
            [
              84.9725097,
              56.471178
            ],
            [
              84.9708261,
              56.4712805
            ],
            [
              84.9701271,
              56.471111
            ],
            [
              84.9694675,
              56.4717529
            ],
            [
              84.9693302,
              56.4718877
            ],
            [
              84.9689915,
              56.47211
            ],
            [
              84.9672012,
              56.4715801
            ],
            [
              84.9596569,
              56.4717997
            ],
            [
              84.9587194,
              56.4718197
            ],
            [
              84.9559755,
              56.4718865
            ],
            [
              84.9558188,
              56.4718879
            ],
            [
              84.9550253,
              56.471863
            ],
            [
              84.9531358,
              56.4717902
            ],
            [
              84.9531296,
              56.47281
            ],
            [
              84.950349,
              56.4727758
            ],
            [
              84.950283,
              56.4730127
            ],
            [
              84.9502372,
              56.4732593
            ],
            [
              84.9465681,
              56.4732626
            ],
            [
              84.944936,
              56.4732873
            ],
            [
              84.9434128,
              56.4747016
            ],
            [
              84.9426591,
              56.4744821
            ],
            [
              84.9406729,
              56.4745248
            ],
            [
              84.938544,
              56.4746028
            ],
            [
              84.9367304,
              56.4747137
            ],
            [
              84.9302931,
              56.4759225
            ],
            [
              84.9370308,
              56.4856389
            ],
            [
              84.937557,
              56.4872815
            ],
            [
              84.937557,
              56.4895798
            ],
            [
              84.9373424,
              56.4931099
            ],
            [
              84.9366987,
              56.4956684
            ],
            [
              84.9353254,
              56.497753
            ],
            [
              84.9328792,
              56.5005481
            ],
            [
              84.9297893,
              56.5036272
            ],
            [
              84.9266565,
              56.5064692
            ],
            [
              84.925327,
              56.5073409
            ],
            [
              84.922322,
              56.509311
            ],
            [
              84.9184167,
              56.5121762
            ],
            [
              84.9164426,
              56.5140468
            ],
            [
              84.9145973,
              56.5166513
            ],
            [
              84.9139535,
              56.517764
            ],
            [
              84.9133609,
              56.5193306
            ],
            [
              84.9133609,
              56.5207037
            ],
            [
              84.9139506,
              56.5224636
            ],
            [
              84.9177991,
              56.5259451
            ]
          ]
        ]
      },
      "id": "relation/3224247"
    }
  ]
}