{
  "type": "FeatureCollection",
  "generator": "overpass-turbo",
  "copyright": "The data included in this document is from www.openstreetmap.org. The data is made available under ODbL.",
  "timestamp": "2026-06-14T12:02:26Z",
  "features": [
    {
      "type": "Feature",
      "properties": {
        "@id": "relation/3899423",
        "admin_level": "9",
        "alt_name": "Советский АО",
        "boundary": "administrative",
        "name": "Советский административный округ",
        "type": "boundary",
        "wikidata": "Q4426436",
        "wikipedia": "ru:Советский административный округ (Омск)"
      },
      "geometry": {
        "type": "MultiPolygon",
        "coordinates": [
          [
            [
              [
                73.4287558,
                55.06519
              ],
              [
                73.4257217,
                55.0668122
              ],
              [
                73.426564,
                55.0696807
              ],
              [
                73.4237977,
                55.0710819
              ],
              [
                73.4242051,
                55.071381
              ],
              [
                73.4205348,
                55.0739857
              ],
              [
                73.4176088,
                55.0720668
              ],
              [
                73.4171389,
                55.0721429
              ],
              [
                73.4114376,
                55.0751024
              ],
              [
                73.408157,
                55.072945
              ],
              [
                73.4119342,
                55.0708535
              ],
              [
                73.4095225,
                55.0693863
              ],
              [
                73.4042583,
                55.072105
              ],
              [
                73.3995953,
                55.0721548
              ],
              [
                73.3884305,
                55.0646773
              ],
              [
                73.3855923,
                55.063372
              ],
              [
                73.3823548,
                55.062154
              ],
              [
                73.3809103,
                55.0612603
              ],
              [
                73.3819048,
                55.0604039
              ],
              [
                73.3828194,
                55.0600256
              ],
              [
                73.3830952,
                55.0596057
              ],
              [
                73.3836397,
                55.059481
              ],
              [
                73.3845252,
                55.0590819
              ],
              [
                73.4092427,
                55.065569
              ],
              [
                73.4189956,
                55.0598379
              ],
              [
                73.4286468,
                55.0651502
              ],
              [
                73.4287558,
                55.06519
              ]
            ]
          ],
          [
            [
              [
                73.2337104,
                55.1872554
              ],
              [
                73.2297526,
                55.1880885
              ],
              [
                73.225347,
                55.1837924
              ],
              [
                73.2244684,
                55.1834933
              ],
              [
                73.2200079,
                55.1811491
              ],
              [
                73.2192306,
                55.1834355
              ],
              [
                73.2189624,
                55.1841773
              ],
              [
                73.2180048,
                55.184926
              ],
              [
                73.2168483,
                55.18545
              ],
              [
                73.2152282,
                55.1857713
              ],
              [
                73.2123924,
                55.1861469
              ],
              [
                73.2114768,
                55.1863339
              ],
              [
                73.2103428,
                55.1870377
              ],
              [
                73.2097792,
                55.1876641
              ],
              [
                73.2095003,
                55.1888769
              ],
              [
                73.2097308,
                55.1910841
              ],
              [
                73.2092776,
                55.1951757
              ],
              [
                73.2125938,
                55.1951675
              ],
              [
                73.212202,
                55.1981729
              ],
              [
                73.2132833,
                55.2003329
              ],
              [
                73.2123202,
                55.2008054
              ],
              [
                73.2113234,
                55.2010851
              ],
              [
                73.2104617,
                55.2012104
              ],
              [
                73.2110699,
                55.2023289
              ],
              [
                73.2092621,
                55.2026278
              ],
              [
                73.2091776,
                55.2024543
              ],
              [
                73.2085018,
                55.2026953
              ],
              [
                73.206356,
                55.2031196
              ],
              [
                73.2062039,
                55.2025796
              ],
              [
                73.2063222,
                55.2008151
              ],
              [
                73.2067446,
                55.1965625
              ],
              [
                73.2069811,
                55.1951834
              ],
              [
                73.2067615,
                55.1903226
              ],
              [
                73.2067784,
                55.1879402
              ],
              [
                73.2070318,
                55.1860689
              ],
              [
                73.2074035,
                55.1852297
              ],
              [
                73.2072008,
                55.1828181
              ],
              [
                73.2062039,
                55.1792293
              ],
              [
                73.2048354,
                55.1772514
              ],
              [
                73.2014224,
                55.174627
              ],
              [
                73.1989049,
                55.1722919
              ],
              [
                73.1978236,
                55.1717419
              ],
              [
                73.1971984,
                55.1708928
              ],
              [
                73.1982694,
                55.1704811
              ],
              [
                73.1985403,
                55.1702877
              ],
              [
                73.2038439,
                55.1688157
              ],
              [
                73.205174,
                55.168409
              ],
              [
                73.2075386,
                55.1679562
              ],
              [
                73.2080492,
                55.1678027
              ],
              [
                73.2082641,
                55.1677951
              ],
              [
                73.2100963,
                55.1673137
              ],
              [
                73.2102513,
                55.1664231
              ],
              [
                73.210914,
                55.1664229
              ],
              [
                73.2109245,
                55.1643923
              ],
              [
                73.2164802,
                55.1642758
              ],
              [
                73.2185016,
                55.1642556
              ],
              [
                73.2191329,
                55.1657566
              ],
              [
                73.2198896,
                55.1657009
              ],
              [
                73.2203458,
                55.1665598
              ],
              [
                73.2202613,
                55.1669072
              ],
              [
                73.221275,
                55.1666177
              ],
              [
                73.2234208,
                55.1668686
              ],
              [
                73.2226216,
                55.1679109
              ],
              [
                73.2242214,
                55.1678857
              ],
              [
                73.2243176,
                55.1688014
              ],
              [
                73.2247787,
                55.1687711
              ],
              [
                73.2261749,
                55.1687794
              ],
              [
                73.2288951,
                55.1674863
              ],
              [
                73.2301623,
                55.1669748
              ],
              [
                73.2351292,
                55.1696986
              ],
              [
                73.2324607,
                55.1711721
              ],
              [
                73.2330932,
                55.1721919
              ],
              [
                73.2323311,
                55.172508
              ],
              [
                73.2330343,
                55.1737551
              ],
              [
                73.23326,
                55.1741066
              ],
              [
                73.2333177,
                55.1740777
              ],
              [
                73.2336005,
                55.1744693
              ],
              [
                73.2345964,
                55.175619
              ],
              [
                73.2345951,
                55.1756987
              ],
              [
                73.2344958,
                55.1757538
              ],
              [
                73.2332128,
                55.1760567
              ],
              [
                73.2331279,
                55.1761061
              ],
              [
                73.2331,
                55.176173
              ],
              [
                73.2331153,
                55.1762651
              ],
              [
                73.2342786,
                55.1773835
              ],
              [
                73.2343027,
                55.1774448
              ],
              [
                73.2342733,
                55.1774883
              ],
              [
                73.2329807,
                55.177891
              ],
              [
                73.2332706,
                55.1784277
              ],
              [
                73.2319106,
                55.179032
              ],
              [
                73.2324446,
                55.1793723
              ],
              [
                73.2330139,
                55.180529
              ],
              [
                73.2363293,
                55.1838599
              ],
              [
                73.2349269,
                55.1848728
              ],
              [
                73.234099,
                55.1853648
              ],
              [
                73.2330684,
                55.1858181
              ],
              [
                73.2337104,
                55.1872554
              ]
            ]
          ],
          [
            [
              [
                73.3410465,
                54.9946049
              ],
              [
                73.3437719,
                54.9965846
              ],
              [
                73.3440819,
                54.9969468
              ],
              [
                73.3439467,
                54.997073
              ],
              [
                73.3441107,
                54.9973139
              ],
              [
                73.3447485,
                54.9974236
              ],
              [
                73.3448053,
                54.9973685
              ],
              [
                73.3450623,
                54.9974651
              ],
              [
                73.3452869,
                54.9972589
              ],
              [
                73.3453323,
                54.997213
              ],
              [
                73.3454762,
                54.9972664
              ],
              [
                73.3475999,
                54.9980538
              ],
              [
                73.3505807,
                54.9991938
              ],
              [
                73.3530747,
                55.0001534
              ],
              [
                73.3567966,
                55.0015807
              ],
              [
                73.3570658,
                55.0016857
              ],
              [
                73.3494809,
                55.0078402
              ],
              [
                73.3493461,
                55.007949
              ],
              [
                73.3478435,
                55.0091854
              ],
              [
                73.3477587,
                55.009333
              ],
              [
                73.3500901,
                55.0104828
              ],
              [
                73.3505276,
                55.010683
              ],
              [
                73.3461039,
                55.0133332
              ],
              [
                73.3457893,
                55.0135219
              ],
              [
                73.3392145,
                55.017465
              ],
              [
                73.3395368,
                55.0177177
              ],
              [
                73.3397747,
                55.0179947
              ],
              [
                73.3398685,
                55.0181435
              ],
              [
                73.3398757,
                55.0182262
              ],
              [
                73.3386717,
                55.0226396
              ],
              [
                73.3369294,
                55.028965
              ],
              [
                73.3369655,
                55.0291199
              ],
              [
                73.3394423,
                55.0282789
              ],
              [
                73.3419011,
                55.027442
              ],
              [
                73.3432531,
                55.0283388
              ],
              [
                73.3431738,
                55.0287749
              ],
              [
                73.3454848,
                55.029403
              ],
              [
                73.3463378,
                55.0296175
              ],
              [
                73.3437678,
                55.0324541
              ],
              [
                73.3425325,
                55.0338427
              ],
              [
                73.3420384,
                55.0345779
              ],
              [
                73.3343549,
                55.0432135
              ],
              [
                73.3350699,
                55.0437249
              ],
              [
                73.3357756,
                55.0442103
              ],
              [
                73.3351305,
                55.0445357
              ],
              [
                73.3345233,
                55.0448597
              ],
              [
                73.3337858,
                55.0443104
              ],
              [
                73.3327316,
                55.044004
              ],
              [
                73.3308382,
                55.0462482
              ],
              [
                73.3303239,
                55.0469334
              ],
              [
                73.3306467,
                55.0471355
              ],
              [
                73.3310031,
                55.0473849
              ],
              [
                73.3335671,
                55.0490407
              ],
              [
                73.3367369,
                55.0515239
              ],
              [
                73.3341657,
                55.0526902
              ],
              [
                73.3340254,
                55.0527643
              ],
              [
                73.3328722,
                55.0532785
              ],
              [
                73.3323085,
                55.0535541
              ],
              [
                73.325034,
                55.0569297
              ],
              [
                73.3223222,
                55.0574911
              ],
              [
                73.3206209,
                55.060266
              ],
              [
                73.3178347,
                55.0631154
              ],
              [
                73.312337,
                55.0692479
              ],
              [
                73.3100779,
                55.0714939
              ],
              [
                73.3061551,
                55.0753937
              ],
              [
                73.297809,
                55.0824926
              ],
              [
                73.283164,
                55.0950893
              ],
              [
                73.2793057,
                55.0994819
              ],
              [
                73.2631967,
                55.1191017
              ],
              [
                73.2414258,
                55.1134571
              ],
              [
                73.2388027,
                55.1127327
              ],
              [
                73.2376743,
                55.1140694
              ],
              [
                73.2364041,
                55.1137186
              ],
              [
                73.2375325,
                55.1123819
              ],
              [
                73.2177355,
                55.1069145
              ],
              [
                73.1918527,
                55.1002657
              ],
              [
                73.1905798,
                55.103907
              ],
              [
                73.1771651,
                55.1028007
              ],
              [
                73.1797252,
                55.10894
              ],
              [
                73.1804812,
                55.1150381
              ],
              [
                73.1815017,
                55.119612
              ],
              [
                73.1828764,
                55.1242211
              ],
              [
                73.1838761,
                55.1241616
              ],
              [
                73.1847904,
                55.1261514
              ],
              [
                73.1874339,
                55.1319041
              ],
              [
                73.1792266,
                55.1331212
              ],
              [
                73.1815116,
                55.1375005
              ],
              [
                73.1747067,
                55.1386341
              ],
              [
                73.1722927,
                55.1390756
              ],
              [
                73.1730514,
                55.1405706
              ],
              [
                73.1695354,
                55.1407436
              ],
              [
                73.1687093,
                55.1396275
              ],
              [
                73.1592583,
                55.1412567
              ],
              [
                73.1559781,
                55.1354235
              ],
              [
                73.1522016,
                55.1309093
              ],
              [
                73.1449918,
                55.126002
              ],
              [
                73.1374387,
                55.1126512
              ],
              [
                73.138553,
                55.1099792
              ],
              [
                73.1463651,
                55.0912413
              ],
              [
                73.1491117,
                55.0800407
              ],
              [
                73.1535216,
                55.0661543
              ],
              [
                73.1559781,
                55.0584167
              ],
              [
                73.1597547,
                55.0529106
              ],
              [
                73.1693677,
                55.0485838
              ],
              [
                73.1793241,
                55.041896
              ],
              [
                73.1954602,
                55.0308784
              ],
              [
                73.2086364,
                55.0253757
              ],
              [
                73.2086077,
                55.0233475
              ],
              [
                73.2135058,
                55.0224214
              ],
              [
                73.2164943,
                55.0218791
              ],
              [
                73.2190691,
                55.0216687
              ],
              [
                73.2211544,
                55.0214349
              ],
              [
                73.2277623,
                55.0210023
              ],
              [
                73.2309655,
                55.0205706
              ],
              [
                73.2317086,
                55.0204528
              ],
              [
                73.2351808,
                55.0196197
              ],
              [
                73.2389997,
                55.0191023
              ],
              [
                73.2421863,
                55.0192368
              ],
              [
                73.2441901,
                55.0194034
              ],
              [
                73.246422,
                55.0195356
              ],
              [
                73.2515257,
                55.0199389
              ],
              [
                73.254488,
                55.0201085
              ],
              [
                73.2635534,
                55.0197928
              ],
              [
                73.2686571,
                55.0196876
              ],
              [
                73.279038,
                55.019214
              ],
              [
                73.284881,
                55.0191673
              ],
              [
                73.2875731,
                55.0187259
              ],
              [
                73.2915143,
                55.0173052
              ],
              [
                73.2987901,
                55.0152502
              ],
              [
                73.3030055,
                55.0136967
              ],
              [
                73.304683,
                55.0125156
              ],
              [
                73.3080838,
                55.0104662
              ],
              [
                73.3130091,
                55.0076506
              ],
              [
                73.3151505,
                55.0064225
              ],
              [
                73.3163895,
                55.0058348
              ],
              [
                73.3170931,
                55.0053406
              ],
              [
                73.3176692,
                55.0045336
              ],
              [
                73.3219521,
                55.0029136
              ],
              [
                73.324481,
                55.0019047
              ],
              [
                73.3265052,
                55.0010391
              ],
              [
                73.3268315,
                55.0004308
              ],
              [
                73.3302578,
                54.9993897
              ],
              [
                73.332236,
                54.9984655
              ],
              [
                73.3383187,
                54.9961404
              ],
              [
                73.3410465,
                54.9946049
              ]
            ]
          ]
        ]
      },
      "id": "relation/3899423"
    },
    {
      "type": "Feature",
      "properties": {
        "@id": "relation/3902444",
        "admin_level": "9",
        "alt_name": "Кировский АО",
        "boundary": "administrative",
        "name": "Кировский административный округ",
        "type": "boundary",
        "wikidata": "Q4221637",
        "wikipedia": "ru:Кировский административный округ (Омск)"
      },
      "geometry": {
        "type": "Polygon",
        "coordinates": [
          [
            [
              73.2616745,
              54.8947878
            ],
            [
              73.2650763,
              54.8952708
            ],
            [
              73.2871939,
              54.8945129
            ],
            [
              73.3022368,
              54.894015
            ],
            [
              73.304526,
              54.8942346
            ],
            [
              73.3038711,
              54.8911223
            ],
            [
              73.3022001,
              54.8846634
            ],
            [
              73.3044454,
              54.8845511
            ],
            [
              73.3045562,
              54.8848419
            ],
            [
              73.3056119,
              54.8847384
            ],
            [
              73.3089934,
              54.8846954
            ],
            [
              73.3106518,
              54.8846153
            ],
            [
              73.3117779,
              54.8845771
            ],
            [
              73.3103543,
              54.8814326
            ],
            [
              73.3121467,
              54.8807673
            ],
            [
              73.3149994,
              54.8795833
            ],
            [
              73.3161079,
              54.8809967
            ],
            [
              73.3170803,
              54.8818246
            ],
            [
              73.3186751,
              54.8843194
            ],
            [
              73.321884,
              54.8874405
            ],
            [
              73.3223118,
              54.8890065
            ],
            [
              73.3235954,
              54.8922838
            ],
            [
              73.3245006,
              54.8985866
            ],
            [
              73.3239366,
              54.9026627
            ],
            [
              73.3233726,
              54.9035572
            ],
            [
              73.3232851,
              54.9049046
            ],
            [
              73.3234504,
              54.9055643
            ],
            [
              73.3235865,
              54.9060954
            ],
            [
              73.3242672,
              54.9070961
            ],
            [
              73.3297613,
              54.9165818
            ],
            [
              73.3344579,
              54.9199183
            ],
            [
              73.3355373,
              54.9215781
            ],
            [
              73.336286,
              54.9222207
            ],
            [
              73.3398353,
              54.9246962
            ],
            [
              73.3418416,
              54.9265761
            ],
            [
              73.346232,
              54.9304426
            ],
            [
              73.3503793,
              54.9325042
            ],
            [
              73.3517358,
              54.9331076
            ],
            [
              73.3526644,
              54.933426
            ],
            [
              73.354721,
              54.9344484
            ],
            [
              73.3550954,
              54.9348981
            ],
            [
              73.3584259,
              54.9377834
            ],
            [
              73.3598796,
              54.9408752
            ],
            [
              73.3672066,
              54.9441734
            ],
            [
              73.3699634,
              54.9457567
            ],
            [
              73.370576,
              54.9470217
            ],
            [
              73.3722534,
              54.947784
            ],
            [
              73.3758318,
              54.9501966
            ],
            [
              73.3767847,
              54.9518774
            ],
            [
              73.3768188,
              54.9525978
            ],
            [
              73.3767453,
              54.9531731
            ],
            [
              73.376879,
              54.9553568
            ],
            [
              73.3768653,
              54.9616202
            ],
            [
              73.3768663,
              54.9674735
            ],
            [
              73.3750923,
              54.9697469
            ],
            [
              73.3731183,
              54.9717556
            ],
            [
              73.3714846,
              54.9731927
            ],
            [
              73.3706143,
              54.9741415
            ],
            [
              73.3699871,
              54.9749926
            ],
            [
              73.3675999,
              54.9778444
            ],
            [
              73.3658982,
              54.9793706
            ],
            [
              73.3647556,
              54.9802272
            ],
            [
              73.3632144,
              54.9808745
            ],
            [
              73.3614952,
              54.9818182
            ],
            [
              73.3568918,
              54.9845958
            ],
            [
              73.3552657,
              54.9856058
            ],
            [
              73.3529795,
              54.9874482
            ],
            [
              73.3521956,
              54.9884582
            ],
            [
              73.3497443,
              54.9897403
            ],
            [
              73.3491255,
              54.9902156
            ],
            [
              73.3471349,
              54.991543
            ],
            [
              73.3462545,
              54.9920794
            ],
            [
              73.3448774,
              54.9925445
            ],
            [
              73.3435476,
              54.993389
            ],
            [
              73.3418434,
              54.9941215
            ],
            [
              73.3410465,
              54.9946049
            ],
            [
              73.3383187,
              54.9961404
            ],
            [
              73.332236,
              54.9984655
            ],
            [
              73.3302578,
              54.9993897
            ],
            [
              73.3268315,
              55.0004308
            ],
            [
              73.3265052,
              55.0010391
            ],
            [
              73.324481,
              55.0019047
            ],
            [
              73.3219521,
              55.0029136
            ],
            [
              73.3176692,
              55.0045336
            ],
            [
              73.3170931,
              55.0053406
            ],
            [
              73.3163895,
              55.0058348
            ],
            [
              73.3151505,
              55.0064225
            ],
            [
              73.3130091,
              55.0076506
            ],
            [
              73.3080838,
              55.0104662
            ],
            [
              73.304683,
              55.0125156
            ],
            [
              73.3030055,
              55.0136967
            ],
            [
              73.2987901,
              55.0152502
            ],
            [
              73.2915143,
              55.0173052
            ],
            [
              73.2875731,
              55.0187259
            ],
            [
              73.284881,
              55.0191673
            ],
            [
              73.279038,
              55.019214
            ],
            [
              73.2686571,
              55.0196876
            ],
            [
              73.2635534,
              55.0197928
            ],
            [
              73.254488,
              55.0201085
            ],
            [
              73.2515257,
              55.0199389
            ],
            [
              73.246422,
              55.0195356
            ],
            [
              73.2441901,
              55.0194034
            ],
            [
              73.2421863,
              55.0192368
            ],
            [
              73.2389997,
              55.0191023
            ],
            [
              73.2351808,
              55.0196197
            ],
            [
              73.2317086,
              55.0204528
            ],
            [
              73.2309655,
              55.0205706
            ],
            [
              73.2277623,
              55.0210023
            ],
            [
              73.2211544,
              55.0214349
            ],
            [
              73.2190691,
              55.0216687
            ],
            [
              73.2164943,
              55.0218791
            ],
            [
              73.2135058,
              55.0224214
            ],
            [
              73.2086077,
              55.0233475
            ],
            [
              73.208626,
              55.0213686
            ],
            [
              73.2076009,
              55.0203182
            ],
            [
              73.2042202,
              55.0198681
            ],
            [
              73.1999671,
              55.0200182
            ],
            [
              73.195016,
              55.0209059
            ],
            [
              73.1883418,
              55.0236191
            ],
            [
              73.180708,
              55.0270823
            ],
            [
              73.1786142,
              55.0257571
            ],
            [
              73.1810224,
              55.0245025
            ],
            [
              73.1809443,
              55.0244129
            ],
            [
              73.1819046,
              55.0239072
            ],
            [
              73.1815696,
              55.023696
            ],
            [
              73.181994,
              55.0233887
            ],
            [
              73.1836244,
              55.0228574
            ],
            [
              73.1840264,
              55.0148418
            ],
            [
              73.1809108,
              55.0156805
            ],
            [
              73.1804306,
              55.0142271
            ],
            [
              73.179593,
              55.0143423
            ],
            [
              73.1713516,
              55.0113841
            ],
            [
              73.170752,
              55.0101152
            ],
            [
              73.1660933,
              55.0063467
            ],
            [
              73.1557923,
              54.9979933
            ],
            [
              73.1542808,
              54.9967358
            ],
            [
              73.1570349,
              54.9924484
            ],
            [
              73.1561549,
              54.9912945
            ],
            [
              73.1536865,
              54.990875
            ],
            [
              73.1515495,
              54.9895309
            ],
            [
              73.159789,
              54.9865542
            ],
            [
              73.158052,
              54.9848034
            ],
            [
              73.1570349,
              54.9835051
            ],
            [
              73.1550236,
              54.9825083
            ],
            [
              73.1614117,
              54.9797081
            ],
            [
              73.1627259,
              54.9804558
            ],
            [
              73.1793902,
              54.9735613
            ],
            [
              73.1823138,
              54.9738029
            ],
            [
              73.1920712,
              54.97577
            ],
            [
              73.2035979,
              54.9721517
            ],
            [
              73.2158043,
              54.9681396
            ],
            [
              73.2144552,
              54.9666785
            ],
            [
              73.2143639,
              54.9661339
            ],
            [
              73.2159013,
              54.9641429
            ],
            [
              73.214736,
              54.9629999
            ],
            [
              73.2164526,
              54.9625318
            ],
            [
              73.2166189,
              54.9616479
            ],
            [
              73.2165706,
              54.9611705
            ],
            [
              73.2166028,
              54.9609672
            ],
            [
              73.2169305,
              54.9608983
            ],
            [
              73.2190986,
              54.9611447
            ],
            [
              73.2295954,
              54.9622484
            ],
            [
              73.2299602,
              54.9620698
            ],
            [
              73.2298744,
              54.9612567
            ],
            [
              73.2299709,
              54.9609734
            ],
            [
              73.2304752,
              54.9609426
            ],
            [
              73.2322718,
              54.9615392
            ],
            [
              73.2340163,
              54.9623869
            ],
            [
              73.244072,
              54.958793
            ],
            [
              73.2437757,
              54.9584334
            ],
            [
              73.2447864,
              54.9567892
            ],
            [
              73.2444069,
              54.9556212
            ],
            [
              73.2536016,
              54.9525492
            ],
            [
              73.2520563,
              54.9510385
            ],
            [
              73.2510615,
              54.9513061
            ],
            [
              73.2500786,
              54.95086
            ],
            [
              73.2479704,
              54.9499034
            ],
            [
              73.2462452,
              54.9480089
            ],
            [
              73.2466837,
              54.946928
            ],
            [
              73.2470861,
              54.9463504
            ],
            [
              73.2471009,
              54.946258
            ],
            [
              73.2470598,
              54.9461721
            ],
            [
              73.2459801,
              54.9450199
            ],
            [
              73.2457826,
              54.9449593
            ],
            [
              73.2455303,
              54.9449738
            ],
            [
              73.2381344,
              54.9473357
            ],
            [
              73.2374258,
              54.9477193
            ],
            [
              73.2350148,
              54.9479492
            ],
            [
              73.2347325,
              54.9470155
            ],
            [
              73.2365488,
              54.9468621
            ],
            [
              73.2365246,
              54.9468004
            ],
            [
              73.2357554,
              54.9448244
            ],
            [
              73.2362522,
              54.9442761
            ],
            [
              73.2362232,
              54.9440813
            ],
            [
              73.215144,
              54.9453761
            ],
            [
              73.215144,
              54.9459301
            ],
            [
              73.2130621,
              54.9461938
            ],
            [
              73.2128018,
              54.9456927
            ],
            [
              73.2055303,
              54.9458509
            ],
            [
              73.1909413,
              54.9466598
            ],
            [
              73.1818481,
              54.9471962
            ],
            [
              73.179414,
              54.9470819
            ],
            [
              73.1775892,
              54.9471009
            ],
            [
              73.1214766,
              54.9503898
            ],
            [
              73.1212504,
              54.950443
            ],
            [
              73.0981653,
              54.9518794
            ],
            [
              73.0975262,
              54.9464813
            ],
            [
              73.1031784,
              54.9459414
            ],
            [
              73.1173653,
              54.9453584
            ],
            [
              73.1325798,
              54.944437
            ],
            [
              73.1467166,
              54.9440411
            ],
            [
              73.1500378,
              54.9433716
            ],
            [
              73.1566675,
              54.9429829
            ],
            [
              73.1660168,
              54.9425366
            ],
            [
              73.1660669,
              54.9413272
            ],
            [
              73.1667562,
              54.9387211
            ],
            [
              73.1681599,
              54.9386851
            ],
            [
              73.1687113,
              54.9411184
            ],
            [
              73.1842392,
              54.9402689
            ],
            [
              73.1844397,
              54.9421838
            ],
            [
              73.1915081,
              54.9416871
            ],
            [
              73.2044023,
              54.9409896
            ],
            [
              73.2072365,
              54.9408232
            ],
            [
              73.215671,
              54.9403553
            ],
            [
              73.2201062,
              54.9396029
            ],
            [
              73.2235097,
              54.9390255
            ],
            [
              73.2265507,
              54.9385097
            ],
            [
              73.2292939,
              54.9380443
            ],
            [
              73.2293787,
              54.9373472
            ],
            [
              73.2343849,
              54.9363814
            ],
            [
              73.2363222,
              54.9362914
            ],
            [
              73.2426912,
              54.935006
            ],
            [
              73.2456865,
              54.9350924
            ],
            [
              73.2488632,
              54.9278787
            ],
            [
              73.2616745,
              54.8947878
            ]
          ]
        ]
      },
      "id": "relation/3902444"
    },
    {
      "type": "Feature",
      "properties": {
        "@id": "relation/3902780",
        "admin_level": "9",
        "alt_name": "Ленинский АО",
        "boundary": "administrative",
        "name": "Ленинский административный округ",
        "type": "boundary",
        "wikidata": "Q4258334",
        "wikipedia": "ru:Ленинский административный округ Омска"
      },
      "geometry": {
        "type": "MultiPolygon",
        "coordinates": [
          [
            [
              [
                73.1775892,
                54.9471009
              ],
              [
                73.1779341,
                54.9486208
              ],
              [
                73.1780687,
                54.9486233
              ],
              [
                73.179038,
                54.9532044
              ],
              [
                73.1794493,
                54.9536766
              ],
              [
                73.1801335,
                54.9561807
              ],
              [
                73.1761532,
                54.9567004
              ],
              [
                73.1761227,
                54.9573146
              ],
              [
                73.172377,
                54.9580977
              ],
              [
                73.164136,
                54.9599175
              ],
              [
                73.1631257,
                54.9583002
              ],
              [
                73.1627125,
                54.9582024
              ],
              [
                73.1623758,
                54.9585467
              ],
              [
                73.162349,
                54.9585716
              ],
              [
                73.1625458,
                54.9596786
              ],
              [
                73.1628962,
                54.9617709
              ],
              [
                73.1636157,
                54.962764
              ],
              [
                73.1621155,
                54.9633441
              ],
              [
                73.1600794,
                54.9609183
              ],
              [
                73.1599281,
                54.9608025
              ],
              [
                73.1589313,
                54.9600394
              ],
              [
                73.1579822,
                54.9591781
              ],
              [
                73.154997,
                54.9604437
              ],
              [
                73.1527161,
                54.9585716
              ],
              [
                73.1506953,
                54.9580618
              ],
              [
                73.1483225,
                54.9571916
              ],
              [
                73.1478326,
                54.9555478
              ],
              [
                73.139811,
                54.956418
              ],
              [
                73.1398503,
                54.9567662
              ],
              [
                73.1403877,
                54.9615294
              ],
              [
                73.1244431,
                54.9624211
              ],
              [
                73.1239198,
                54.9624504
              ],
              [
                73.1237035,
                54.9622468
              ],
              [
                73.1231553,
                54.9617309
              ],
              [
                73.1212504,
                54.950443
              ],
              [
                73.1214766,
                54.9503898
              ],
              [
                73.1775892,
                54.9471009
              ]
            ]
          ],
          [
            [
              [
                73.4797668,
                54.8491413
              ],
              [
                73.480007,
                54.8495648
              ],
              [
                73.4804921,
                54.8505058
              ],
              [
                73.4726327,
                54.8516972
              ],
              [
                73.472154,
                54.8524753
              ],
              [
                73.4720301,
                54.8524939
              ],
              [
                73.471993,
                54.8530743
              ],
              [
                73.4714656,
                54.8580341
              ],
              [
                73.4579949,
                54.8560676
              ],
              [
                73.4569659,
                54.856317
              ],
              [
                73.450488,
                54.8556476
              ],
              [
                73.4433648,
                54.8554492
              ],
              [
                73.4407989,
                54.8546776
              ],
              [
                73.4372938,
                54.8553074
              ],
              [
                73.4311308,
                54.8532167
              ],
              [
                73.4296877,
                54.854
              ],
              [
                73.42114,
                54.863853
              ],
              [
                73.4189265,
                54.8654696
              ],
              [
                73.4192938,
                54.8663855
              ],
              [
                73.4275825,
                54.8693693
              ],
              [
                73.4343963,
                54.8726702
              ],
              [
                73.4348644,
                54.8724257
              ],
              [
                73.4438166,
                54.8766248
              ],
              [
                73.4385598,
                54.879194
              ],
              [
                73.4413728,
                54.8808527
              ],
              [
                73.4438694,
                54.8829969
              ],
              [
                73.451148,
                54.8802863
              ],
              [
                73.4574597,
                54.8772317
              ],
              [
                73.4580647,
                54.8769389
              ],
              [
                73.4590545,
                54.8763902
              ],
              [
                73.4587643,
                54.8761652
              ],
              [
                73.4614198,
                54.8747701
              ],
              [
                73.4630615,
                54.8738441
              ],
              [
                73.4655824,
                54.8716248
              ],
              [
                73.4677819,
                54.8692539
              ],
              [
                73.4705091,
                54.8701566
              ],
              [
                73.4768519,
                54.8681676
              ],
              [
                73.4826537,
                54.8666399
              ],
              [
                73.5176119,
                54.8558827
              ],
              [
                73.5211556,
                54.8547599
              ],
              [
                73.5277211,
                54.853052
              ],
              [
                73.53349,
                54.8512333
              ],
              [
                73.5417587,
                54.8482758
              ],
              [
                73.5467859,
                54.8468207
              ],
              [
                73.5593125,
                54.8414743
              ],
              [
                73.5690097,
                54.8373771
              ],
              [
                73.5814408,
                54.8319913
              ],
              [
                73.5838881,
                54.833652
              ],
              [
                73.5896548,
                54.8350939
              ],
              [
                73.5962231,
                54.8406181
              ],
              [
                73.6061355,
                54.8489701
              ],
              [
                73.6181567,
                54.8592807
              ],
              [
                73.6286835,
                54.8682861
              ],
              [
                73.648552,
                54.8600883
              ],
              [
                73.6599421,
                54.8698453
              ],
              [
                73.6122476,
                54.8885731
              ],
              [
                73.6121861,
                54.8885965
              ],
              [
                73.6081382,
                54.8901908
              ],
              [
                73.6031606,
                54.8858003
              ],
              [
                73.6009093,
                54.8866602
              ],
              [
                73.5972192,
                54.880599
              ],
              [
                73.5649464,
                54.8825481
              ],
              [
                73.5431648,
                54.8843741
              ],
              [
                73.5370299,
                54.884277
              ],
              [
                73.5331126,
                54.8845231
              ],
              [
                73.5277544,
                54.8854231
              ],
              [
                73.5226439,
                54.8865951
              ],
              [
                73.511108,
                54.8905799
              ],
              [
                73.5053716,
                54.8926464
              ],
              [
                73.4980233,
                54.894806
              ],
              [
                73.4930253,
                54.8959401
              ],
              [
                73.4935837,
                54.8964994
              ],
              [
                73.4978072,
                54.8999637
              ],
              [
                73.4996713,
                54.9
              ],
              [
                73.5003467,
                54.9006524
              ],
              [
                73.5010401,
                54.9007404
              ],
              [
                73.5027061,
                54.9006058
              ],
              [
                73.5154089,
                54.9023831
              ],
              [
                73.519582,
                54.9029669
              ],
              [
                73.5218244,
                54.9042976
              ],
              [
                73.5162176,
                54.9112846
              ],
              [
                73.5118625,
                54.9166143
              ],
              [
                73.514347,
                54.9172457
              ],
              [
                73.5189695,
                54.9176016
              ],
              [
                73.5197617,
                54.9169257
              ],
              [
                73.5281241,
                54.919066
              ],
              [
                73.5264194,
                54.9227583
              ],
              [
                73.5254538,
                54.9245402
              ],
              [
                73.525117,
                54.9249747
              ],
              [
                73.5248324,
                54.9252274
              ],
              [
                73.5236564,
                54.9262718
              ],
              [
                73.5247871,
                54.9282312
              ],
              [
                73.532803,
                54.9279556
              ],
              [
                73.5331985,
                54.9318354
              ],
              [
                73.5236574,
                54.9321149
              ],
              [
                73.5230782,
                54.9337613
              ],
              [
                73.5292646,
                54.9343811
              ],
              [
                73.5330518,
                54.9357507
              ],
              [
                73.5333461,
                54.9374974
              ],
              [
                73.5485645,
                54.9396805
              ],
              [
                73.5482336,
                54.940598
              ],
              [
                73.5539035,
                54.9413005
              ],
              [
                73.5626307,
                54.9420942
              ],
              [
                73.5656562,
                54.9423694
              ],
              [
                73.5752218,
                54.9434337
              ],
              [
                73.5897873,
                54.9449073
              ],
              [
                73.6125965,
                54.9472149
              ],
              [
                73.6152633,
                54.9474847
              ],
              [
                73.6148595,
                54.9487606
              ],
              [
                73.6145985,
                54.9495854
              ],
              [
                73.5893956,
                54.9469435
              ],
              [
                73.5592173,
                54.9438157
              ],
              [
                73.5427902,
                54.9420481
              ],
              [
                73.5407919,
                54.9418346
              ],
              [
                73.5401004,
                54.9417524
              ],
              [
                73.5396771,
                54.9417065
              ],
              [
                73.5362748,
                54.941352
              ],
              [
                73.5329127,
                54.9410415
              ],
              [
                73.5321529,
                54.9409556
              ],
              [
                73.5246427,
                54.9401144
              ],
              [
                73.5171618,
                54.9392553
              ],
              [
                73.5133199,
                54.9389748
              ],
              [
                73.5061449,
                54.9381069
              ],
              [
                73.5059558,
                54.9394942
              ],
              [
                73.5034873,
                54.9391032
              ],
              [
                73.5020675,
                54.9390163
              ],
              [
                73.4987636,
                54.9388238
              ],
              [
                73.4959135,
                54.9386075
              ],
              [
                73.4920338,
                54.9384061
              ],
              [
                73.4876057,
                54.9379489
              ],
              [
                73.4865262,
                54.9378195
              ],
              [
                73.4821325,
                54.9372734
              ],
              [
                73.4789198,
                54.9367777
              ],
              [
                73.4753718,
                54.9357437
              ],
              [
                73.4732712,
                54.9348312
              ],
              [
                73.4727177,
                54.9344234
              ],
              [
                73.4723069,
                54.9342624
              ],
              [
                73.4689171,
                54.9340343
              ],
              [
                73.4653794,
                54.9337054
              ],
              [
                73.4580583,
                54.9324116
              ],
              [
                73.457228,
                54.9324205
              ],
              [
                73.4542456,
                54.9324492
              ],
              [
                73.4485644,
                54.9317558
              ],
              [
                73.4451643,
                54.9311445
              ],
              [
                73.4449597,
                54.9311129
              ],
              [
                73.4394762,
                54.9309549
              ],
              [
                73.4379119,
                54.9308077
              ],
              [
                73.4355518,
                54.9303702
              ],
              [
                73.4320777,
                54.9299573
              ],
              [
                73.4312819,
                54.9298287
              ],
              [
                73.4289544,
                54.9301884
              ],
              [
                73.4263656,
                54.9310052
              ],
              [
                73.4245693,
                54.9319297
              ],
              [
                73.4228228,
                54.9334664
              ],
              [
                73.4213256,
                54.9347977
              ],
              [
                73.4200931,
                54.9358859
              ],
              [
                73.4179912,
                54.9376319
              ],
              [
                73.4165197,
                54.9389513
              ],
              [
                73.4158714,
                54.9395325
              ],
              [
                73.4132289,
                54.9420698
              ],
              [
                73.4123562,
                54.9428266
              ],
              [
                73.409845,
                54.9448261
              ],
              [
                73.4077835,
                54.946605
              ],
              [
                73.4053306,
                54.948353
              ],
              [
                73.4033445,
                54.9491502
              ],
              [
                73.4035463,
                54.949502
              ],
              [
                73.4016039,
                54.949509
              ],
              [
                73.3988472,
                54.9498413
              ],
              [
                73.3976025,
                54.9498929
              ],
              [
                73.3971965,
                54.9498454
              ],
              [
                73.3943838,
                54.9497128
              ],
              [
                73.3930735,
                54.9529293
              ],
              [
                73.3932559,
                54.9529782
              ],
              [
                73.392354,
                54.9552354
              ],
              [
                73.3893249,
                54.9550288
              ],
              [
                73.3853229,
                54.954791
              ],
              [
                73.3849258,
                54.9547674
              ],
              [
                73.38479,
                54.9552925
              ],
              [
                73.3825966,
                54.9551701
              ],
              [
                73.3816684,
                54.9550587
              ],
              [
                73.3813709,
                54.955023
              ],
              [
                73.3812523,
                54.9554662
              ],
              [
                73.3795488,
                54.9553784
              ],
              [
                73.3793993,
                54.9553369
              ],
              [
                73.376879,
                54.9553568
              ],
              [
                73.3767453,
                54.9531731
              ],
              [
                73.3768188,
                54.9525978
              ],
              [
                73.3767847,
                54.9518774
              ],
              [
                73.3758318,
                54.9501966
              ],
              [
                73.3722534,
                54.947784
              ],
              [
                73.370576,
                54.9470217
              ],
              [
                73.3699634,
                54.9457567
              ],
              [
                73.3672066,
                54.9441734
              ],
              [
                73.3598796,
                54.9408752
              ],
              [
                73.3584259,
                54.9377834
              ],
              [
                73.3550954,
                54.9348981
              ],
              [
                73.354721,
                54.9344484
              ],
              [
                73.3526644,
                54.933426
              ],
              [
                73.3517358,
                54.9331076
              ],
              [
                73.3503793,
                54.9325042
              ],
              [
                73.346232,
                54.9304426
              ],
              [
                73.3418416,
                54.9265761
              ],
              [
                73.3398353,
                54.9246962
              ],
              [
                73.336286,
                54.9222207
              ],
              [
                73.3355373,
                54.9215781
              ],
              [
                73.3344579,
                54.9199183
              ],
              [
                73.3297613,
                54.9165818
              ],
              [
                73.3242672,
                54.9070961
              ],
              [
                73.3235865,
                54.9060954
              ],
              [
                73.3234504,
                54.9055643
              ],
              [
                73.3232851,
                54.9049046
              ],
              [
                73.3233726,
                54.9035572
              ],
              [
                73.3239366,
                54.9026627
              ],
              [
                73.3245006,
                54.8985866
              ],
              [
                73.3235954,
                54.8922838
              ],
              [
                73.3223118,
                54.8890065
              ],
              [
                73.321884,
                54.8874405
              ],
              [
                73.3186751,
                54.8843194
              ],
              [
                73.3170803,
                54.8818246
              ],
              [
                73.3161079,
                54.8809967
              ],
              [
                73.3149994,
                54.8795833
              ],
              [
                73.3152665,
                54.8794724
              ],
              [
                73.3132199,
                54.8765109
              ],
              [
                73.312773,
                54.8720108
              ],
              [
                73.3118466,
                54.8626816
              ],
              [
                73.3116807,
                54.860515
              ],
              [
                73.3114767,
                54.8578513
              ],
              [
                73.3125165,
                54.851899
              ],
              [
                73.3154431,
                54.8474333
              ],
              [
                73.3197431,
                54.8433126
              ],
              [
                73.3254693,
                54.8406535
              ],
              [
                73.3303861,
                54.83837
              ],
              [
                73.3399991,
                54.8308562
              ],
              [
                73.3453357,
                54.8271701
              ],
              [
                73.3533708,
                54.8250837
              ],
              [
                73.3637959,
                54.8240406
              ],
              [
                73.3757794,
                54.8251882
              ],
              [
                73.3862796,
                54.8275726
              ],
              [
                73.4088317,
                54.8355441
              ],
              [
                73.4209441,
                54.8392074
              ],
              [
                73.4299564,
                54.8427166
              ],
              [
                73.4355568,
                54.8450888
              ],
              [
                73.4391253,
                54.8458224
              ],
              [
                73.4454931,
                54.8465795
              ],
              [
                73.4495772,
                54.8472675
              ],
              [
                73.457543,
                54.8467935
              ],
              [
                73.4698747,
                54.8476203
              ],
              [
                73.4733406,
                54.8479621
              ],
              [
                73.476366,
                54.8481936
              ],
              [
                73.4778788,
                54.8482267
              ],
              [
                73.4791234,
                54.8480393
              ],
              [
                73.4797668,
                54.8491413
              ]
            ]
          ]
        ]
      },
      "id": "relation/3902780"
    },
    {
      "type": "Feature",
      "properties": {
        "@id": "relation/3902909",
        "admin_level": "9",
        "alt_name": "Октябрьский АО",
        "boundary": "administrative",
        "name": "Октябрьский административный округ",
        "type": "boundary",
        "wikidata": "Q4333111",
        "wikipedia": "ru:Октябрьский административный округ (Омск)"
      },
      "geometry": {
        "type": "MultiPolygon",
        "coordinates": [
          [
            [
              [
                73.2973528,
                55.4070487
              ],
              [
                73.2978132,
                55.4075938
              ],
              [
                73.2982928,
                55.4081618
              ],
              [
                73.3010591,
                55.4105403
              ],
              [
                73.3021199,
                55.4109825
              ],
              [
                73.304301,
                55.4130998
              ],
              [
                73.304301,
                55.4135419
              ],
              [
                73.3047844,
                55.4137859
              ],
              [
                73.3083833,
                55.4169416
              ],
              [
                73.284017,
                55.4261128
              ],
              [
                73.2826306,
                55.4265654
              ],
              [
                73.2815236,
                55.4256884
              ],
              [
                73.2793935,
                55.4240671
              ],
              [
                73.278303,
                55.4231058
              ],
              [
                73.2773215,
                55.4220029
              ],
              [
                73.2752771,
                55.4206995
              ],
              [
                73.2751987,
                55.4206495
              ],
              [
                73.2744353,
                55.4205051
              ],
              [
                73.2742245,
                55.4200389
              ],
              [
                73.2734902,
                55.4196923
              ],
              [
                73.2725451,
                55.4189124
              ],
              [
                73.2715928,
                55.4183677
              ],
              [
                73.2682704,
                55.4157144
              ],
              [
                73.2677033,
                55.4153719
              ],
              [
                73.2683504,
                55.4151078
              ],
              [
                73.2680523,
                55.4148313
              ],
              [
                73.2675652,
                55.4146168
              ],
              [
                73.2668818,
                55.4147983
              ],
              [
                73.2659731,
                55.4142082
              ],
              [
                73.2660458,
                55.4136841
              ],
              [
                73.2663366,
                55.4136387
              ],
              [
                73.266816,
                55.4132694
              ],
              [
                73.2679978,
                55.4127586
              ],
              [
                73.2683603,
                55.4127815
              ],
              [
                73.2687632,
                55.4124156
              ],
              [
                73.2733558,
                55.4105632
              ],
              [
                73.2750344,
                55.4100905
              ],
              [
                73.2762832,
                55.409412
              ],
              [
                73.2783647,
                55.408825
              ],
              [
                73.2811981,
                55.4078721
              ],
              [
                73.285925,
                55.4059965
              ],
              [
                73.290249,
                55.4043497
              ],
              [
                73.2908667,
                55.4044717
              ],
              [
                73.2933242,
                55.4035643
              ],
              [
                73.2937002,
                55.4030708
              ],
              [
                73.2909751,
                55.4001344
              ],
              [
                73.2670438,
                55.3818938
              ],
              [
                73.2630179,
                55.3782542
              ],
              [
                73.2607457,
                55.3757072
              ],
              [
                73.2567566,
                55.3713081
              ],
              [
                73.2541861,
                55.3690671
              ],
              [
                73.2532871,
                55.3663048
              ],
              [
                73.2376813,
                55.3677869
              ],
              [
                73.2380677,
                55.3692094
              ],
              [
                73.2355831,
                55.3703204
              ],
              [
                73.2348311,
                55.3719232
              ],
              [
                73.2344449,
                55.3720116
              ],
              [
                73.234123,
                55.3721274
              ],
              [
                73.2339795,
                55.3720726
              ],
              [
                73.2336912,
                55.3716877
              ],
              [
                73.2332379,
                55.3713105
              ],
              [
                73.2323044,
                55.3716488
              ],
              [
                73.2320025,
                55.3713706
              ],
              [
                73.2318807,
                55.3714293
              ],
              [
                73.2315802,
                55.3711931
              ],
              [
                73.2313818,
                55.3712449
              ],
              [
                73.2310438,
                55.3710544
              ],
              [
                73.2304162,
                55.3713166
              ],
              [
                73.2301158,
                55.3710788
              ],
              [
                73.2298263,
                55.3708069
              ],
              [
                73.2296571,
                55.370588
              ],
              [
                73.2298449,
                55.3705484
              ],
              [
                73.2297376,
                55.3704767
              ],
              [
                73.2296308,
                55.3703822
              ],
              [
                73.2295758,
                55.3703725
              ],
              [
                73.2292885,
                55.3703308
              ],
              [
                73.2277986,
                55.370929
              ],
              [
                73.2277664,
                55.3709059
              ],
              [
                73.2275559,
                55.370991
              ],
              [
                73.2276908,
                55.3711075
              ],
              [
                73.2274862,
                55.371175
              ],
              [
                73.2265109,
                55.3714629
              ],
              [
                73.2262587,
                55.3712434
              ],
              [
                73.2256633,
                55.3714233
              ],
              [
                73.2262193,
                55.3718986
              ],
              [
                73.2263239,
                55.3718801
              ],
              [
                73.2265805,
                55.372174
              ],
              [
                73.2270527,
                55.3720299
              ],
              [
                73.2271761,
                55.3721335
              ],
              [
                73.2275677,
                55.3719902
              ],
              [
                73.2281041,
                55.3722524
              ],
              [
                73.2287251,
                55.3726637
              ],
              [
                73.228129,
                55.3728764
              ],
              [
                73.2285627,
                55.3731486
              ],
              [
                73.227624,
                55.3735616
              ],
              [
                73.2269132,
                55.3738619
              ],
              [
                73.2242847,
                55.3747732
              ],
              [
                73.2237321,
                55.3749195
              ],
              [
                73.2235126,
                55.3749251
              ],
              [
                73.2221215,
                55.3748491
              ],
              [
                73.2211867,
                55.3751283
              ],
              [
                73.2219672,
                55.3754118
              ],
              [
                73.2219726,
                55.3754492
              ],
              [
                73.2209316,
                55.3758755
              ],
              [
                73.2176147,
                55.373146
              ],
              [
                73.2158463,
                55.3720828
              ],
              [
                73.2140265,
                55.3708617
              ],
              [
                73.2126283,
                55.3693134
              ],
              [
                73.2078372,
                55.3672509
              ],
              [
                73.2079091,
                55.3659011
              ],
              [
                73.2077344,
                55.36572
              ],
              [
                73.2073642,
                55.3649603
              ],
              [
                73.2104383,
                55.3636339
              ],
              [
                73.2113945,
                55.3630904
              ],
              [
                73.2124124,
                55.3626288
              ],
              [
                73.2148079,
                55.3618925
              ],
              [
                73.2164118,
                55.3607646
              ],
              [
                73.2166277,
                55.3603438
              ],
              [
                73.2175222,
                55.3598821
              ],
              [
                73.2186943,
                55.3590698
              ],
              [
                73.2197635,
                55.3586315
              ],
              [
                73.2221179,
                55.3569366
              ],
              [
                73.2232592,
                55.3568197
              ],
              [
                73.2258501,
                55.3569366
              ],
              [
                73.2276493,
                55.3562937
              ],
              [
                73.2289345,
                55.3559021
              ],
              [
                73.23133,
                55.3553819
              ],
              [
                73.2339415,
                55.3555222
              ],
              [
                73.2344967,
                55.3560657
              ],
              [
                73.2347331,
                55.3564866
              ],
              [
                73.2352883,
                55.3574684
              ],
              [
                73.2367688,
                55.3598938
              ],
              [
                73.2372315,
                55.3606652
              ],
              [
                73.2373754,
                55.3611211
              ],
              [
                73.237468,
                55.3615068
              ],
              [
                73.2376222,
                55.3620152
              ],
              [
                73.2378443,
                55.362624
              ],
              [
                73.2378895,
                55.3628976
              ],
              [
                73.2376119,
                55.3634177
              ],
              [
                73.237396,
                55.3635754
              ],
              [
                73.2386766,
                55.3674877
              ],
              [
                73.2532156,
                55.3660852
              ],
              [
                73.2515751,
                55.3610443
              ],
              [
                73.2532095,
                55.3601884
              ],
              [
                73.2609558,
                55.3680151
              ],
              [
                73.2615566,
                55.3681614
              ],
              [
                73.2636809,
                55.3675761
              ],
              [
                73.2650971,
                55.3673078
              ],
              [
                73.2661271,
                55.3674419
              ],
              [
                73.2673287,
                55.3679175
              ],
              [
                73.274517,
                55.3715269
              ],
              [
                73.2752466,
                55.3719841
              ],
              [
                73.2756972,
                55.3725633
              ],
              [
                73.2757616,
                55.3728377
              ],
              [
                73.2766092,
                55.373557
              ],
              [
                73.2768989,
                55.3739594
              ],
              [
                73.2767762,
                55.3742703
              ],
              [
                73.276398,
                55.3745226
              ],
              [
                73.2775643,
                55.376236
              ],
              [
                73.2745319,
                55.3779658
              ],
              [
                73.2712895,
                55.3794858
              ],
              [
                73.2718856,
                55.3802334
              ],
              [
                73.2678167,
                55.3816287
              ],
              [
                73.2971978,
                55.404277
              ],
              [
                73.2976484,
                55.4048496
              ],
              [
                73.2978791,
                55.4058912
              ],
              [
                73.2977235,
                55.4064912
              ],
              [
                73.2973528,
                55.4070487
              ]
            ]
          ],
          [
            [
              [
                73.5692941,
                54.990169
              ],
              [
                73.5604995,
                54.9866752
              ],
              [
                73.5570939,
                54.9844386
              ],
              [
                73.5563822,
                54.9830955
              ],
              [
                73.5528499,
                54.9814755
              ],
              [
                73.5501551,
                54.9817985
              ],
              [
                73.5480489,
                54.9827948
              ],
              [
                73.5371989,
                54.9786797
              ],
              [
                73.5325595,
                54.97692
              ],
              [
                73.5280871,
                54.9751185
              ],
              [
                73.521994,
                54.9737644
              ],
              [
                73.5144852,
                54.9731285
              ],
              [
                73.5152853,
                54.970903
              ],
              [
                73.501704,
                54.9696782
              ],
              [
                73.5012116,
                54.972057
              ],
              [
                73.4985035,
                54.9723985
              ],
              [
                73.4946671,
                54.9753187
              ],
              [
                73.4921595,
                54.9765438
              ],
              [
                73.4892099,
                54.9780032
              ],
              [
                73.4916308,
                54.9797339
              ],
              [
                73.497847,
                54.9840426
              ],
              [
                73.4992011,
                54.9844189
              ],
              [
                73.5005551,
                54.9848784
              ],
              [
                73.5006782,
                54.9851021
              ],
              [
                73.4995703,
                54.9870326
              ],
              [
                73.4966981,
                54.990705
              ],
              [
                73.4950979,
                54.991882
              ],
              [
                73.493231,
                54.9914936
              ],
              [
                73.4938486,
                54.9905268
              ],
              [
                73.4935936,
                54.9904803
              ],
              [
                73.4931532,
                54.9901255
              ],
              [
                73.4913688,
                54.9888408
              ],
              [
                73.490961,
                54.98867
              ],
              [
                73.4892325,
                54.9874723
              ],
              [
                73.4881273,
                54.9867409
              ],
              [
                73.4878504,
                54.9866203
              ],
              [
                73.4870503,
                54.9864054
              ],
              [
                73.485886,
                54.9861671
              ],
              [
                73.4837318,
                54.9857845
              ],
              [
                73.4828343,
                54.9855579
              ],
              [
                73.4825727,
                54.9854549
              ],
              [
                73.4820752,
                54.9850988
              ],
              [
                73.4819778,
                54.9852018
              ],
              [
                73.4809058,
                54.9842748
              ],
              [
                73.4806596,
                54.984419
              ],
              [
                73.4803314,
                54.98416
              ],
              [
                73.4798954,
                54.9843719
              ],
              [
                73.4766539,
                54.9848457
              ],
              [
                73.4705146,
                54.9852195
              ],
              [
                73.4657396,
                54.9855255
              ],
              [
                73.4645907,
                54.9849517
              ],
              [
                73.4648113,
                54.9848251
              ],
              [
                73.4633905,
                54.9840187
              ],
              [
                73.4571692,
                54.9839128
              ],
              [
                73.4545432,
                54.9840305
              ],
              [
                73.4481576,
                54.9839305
              ],
              [
                73.4477525,
                54.9787475
              ],
              [
                73.4392897,
                54.9781588
              ],
              [
                73.4373972,
                54.9779763
              ],
              [
                73.4345814,
                54.9777879
              ],
              [
                73.4203281,
                54.977005
              ],
              [
                73.4151377,
                54.9767018
              ],
              [
                73.411132,
                54.9764339
              ],
              [
                73.4110077,
                54.9764092
              ],
              [
                73.410537,
                54.9762838
              ],
              [
                73.4099267,
                54.9762514
              ],
              [
                73.4099369,
                54.9762043
              ],
              [
                73.4063364,
                54.9759983
              ],
              [
                73.402182,
                54.975754
              ],
              [
                73.3987661,
                54.9755597
              ],
              [
                73.39852,
                54.9755508
              ],
              [
                73.398802,
                54.9738406
              ],
              [
                73.3991762,
                54.9719402
              ],
              [
                73.4000279,
                54.9664128
              ],
              [
                73.4000843,
                54.9662509
              ],
              [
                73.4001612,
                54.9658122
              ],
              [
                73.4001202,
                54.9657032
              ],
              [
                73.3995098,
                54.9657268
              ],
              [
                73.399197,
                54.9656885
              ],
              [
                73.3989303,
                54.9656031
              ],
              [
                73.398761,
                54.9655236
              ],
              [
                73.3972326,
                54.9645873
              ],
              [
                73.3962017,
                54.964234
              ],
              [
                73.3954323,
                54.9641662
              ],
              [
                73.3949759,
                54.9640072
              ],
              [
                73.3948682,
                54.9639454
              ],
              [
                73.3946887,
                54.9639277
              ],
              [
                73.3949195,
                54.9629855
              ],
              [
                73.3950066,
                54.962585
              ],
              [
                73.3947605,
                54.9625674
              ],
              [
                73.3953041,
                54.9604943
              ],
              [
                73.3955042,
                54.9598318
              ],
              [
                73.3959997,
                54.9581841
              ],
              [
                73.3960792,
                54.957872
              ],
              [
                73.3947373,
                54.9577045
              ],
              [
                73.3947591,
                54.957667
              ],
              [
                73.3915531,
                54.9572568
              ],
              [
                73.392354,
                54.9552354
              ],
              [
                73.3932559,
                54.9529782
              ],
              [
                73.3930735,
                54.9529293
              ],
              [
                73.3943838,
                54.9497128
              ],
              [
                73.3971965,
                54.9498454
              ],
              [
                73.3976025,
                54.9498929
              ],
              [
                73.3988472,
                54.9498413
              ],
              [
                73.4016039,
                54.949509
              ],
              [
                73.4035463,
                54.949502
              ],
              [
                73.4033445,
                54.9491502
              ],
              [
                73.4053306,
                54.948353
              ],
              [
                73.4077835,
                54.946605
              ],
              [
                73.409845,
                54.9448261
              ],
              [
                73.4123562,
                54.9428266
              ],
              [
                73.4132289,
                54.9420698
              ],
              [
                73.4158714,
                54.9395325
              ],
              [
                73.4165197,
                54.9389513
              ],
              [
                73.4179912,
                54.9376319
              ],
              [
                73.4200931,
                54.9358859
              ],
              [
                73.4213256,
                54.9347977
              ],
              [
                73.4228228,
                54.9334664
              ],
              [
                73.4245693,
                54.9319297
              ],
              [
                73.4263656,
                54.9310052
              ],
              [
                73.4289544,
                54.9301884
              ],
              [
                73.4312819,
                54.9298287
              ],
              [
                73.4320777,
                54.9299573
              ],
              [
                73.4355518,
                54.9303702
              ],
              [
                73.4379119,
                54.9308077
              ],
              [
                73.4394762,
                54.9309549
              ],
              [
                73.4449597,
                54.9311129
              ],
              [
                73.4451643,
                54.9311445
              ],
              [
                73.4485644,
                54.9317558
              ],
              [
                73.4542456,
                54.9324492
              ],
              [
                73.457228,
                54.9324205
              ],
              [
                73.4580583,
                54.9324116
              ],
              [
                73.4653794,
                54.9337054
              ],
              [
                73.4689171,
                54.9340343
              ],
              [
                73.4723069,
                54.9342624
              ],
              [
                73.4727177,
                54.9344234
              ],
              [
                73.4732712,
                54.9348312
              ],
              [
                73.4753718,
                54.9357437
              ],
              [
                73.4789198,
                54.9367777
              ],
              [
                73.4821325,
                54.9372734
              ],
              [
                73.4865262,
                54.9378195
              ],
              [
                73.4876057,
                54.9379489
              ],
              [
                73.4920338,
                54.9384061
              ],
              [
                73.4959135,
                54.9386075
              ],
              [
                73.4987636,
                54.9388238
              ],
              [
                73.5020675,
                54.9390163
              ],
              [
                73.5034873,
                54.9391032
              ],
              [
                73.5059558,
                54.9394942
              ],
              [
                73.5061449,
                54.9381069
              ],
              [
                73.5133199,
                54.9389748
              ],
              [
                73.5171618,
                54.9392553
              ],
              [
                73.5246427,
                54.9401144
              ],
              [
                73.5321529,
                54.9409556
              ],
              [
                73.5329127,
                54.9410415
              ],
              [
                73.5362748,
                54.941352
              ],
              [
                73.5396771,
                54.9417065
              ],
              [
                73.5401004,
                54.9417524
              ],
              [
                73.5407919,
                54.9418346
              ],
              [
                73.5427902,
                54.9420481
              ],
              [
                73.5592173,
                54.9438157
              ],
              [
                73.5893956,
                54.9469435
              ],
              [
                73.6145985,
                54.9495854
              ],
              [
                73.612781,
                54.95548
              ],
              [
                73.6114123,
                54.9553836
              ],
              [
                73.6100138,
                54.9596981
              ],
              [
                73.6090536,
                54.9600454
              ],
              [
                73.608185,
                54.9610843
              ],
              [
                73.6069546,
                54.9615761
              ],
              [
                73.6046143,
                54.9613614
              ],
              [
                73.6032874,
                54.9661745
              ],
              [
                73.6031304,
                54.9687074
              ],
              [
                73.602829,
                54.9700662
              ],
              [
                73.6017674,
                54.9733759
              ],
              [
                73.6011884,
                54.9741375
              ],
              [
                73.6008961,
                54.9741168
              ],
              [
                73.6001535,
                54.9748151
              ],
              [
                73.5997348,
                54.9754771
              ],
              [
                73.5922054,
                54.9814987
              ],
              [
                73.5911857,
                54.9823142
              ],
              [
                73.606699,
                54.9881849
              ],
              [
                73.592998,
                54.9967168
              ],
              [
                73.5723957,
                54.988062
              ],
              [
                73.5692941,
                54.990169
              ]
            ]
          ]
        ]
      },
      "id": "relation/3902909"
    },
    {
      "type": "Feature",
      "properties": {
        "@id": "relation/3902910",
        "admin_level": "9",
        "alt_name": "Центральный АО",
        "boundary": "administrative",
        "name": "Центральный административный округ",
        "type": "boundary",
        "wikidata": "Q4504268",
        "wikipedia": "ru:Центральный административный округ (Омск)"
      },
      "geometry": {
        "type": "Polygon",
        "coordinates": [
          [
            [
              73.376879,
              54.9553568
            ],
            [
              73.3793993,
              54.9553369
            ],
            [
              73.3795488,
              54.9553784
            ],
            [
              73.3812523,
              54.9554662
            ],
            [
              73.3813709,
              54.955023
            ],
            [
              73.3816684,
              54.9550587
            ],
            [
              73.3825966,
              54.9551701
            ],
            [
              73.38479,
              54.9552925
            ],
            [
              73.3849258,
              54.9547674
            ],
            [
              73.3853229,
              54.954791
            ],
            [
              73.3893249,
              54.9550288
            ],
            [
              73.392354,
              54.9552354
            ],
            [
              73.3915531,
              54.9572568
            ],
            [
              73.3947591,
              54.957667
            ],
            [
              73.3947373,
              54.9577045
            ],
            [
              73.3960792,
              54.957872
            ],
            [
              73.3959997,
              54.9581841
            ],
            [
              73.3955042,
              54.9598318
            ],
            [
              73.3953041,
              54.9604943
            ],
            [
              73.3947605,
              54.9625674
            ],
            [
              73.3950066,
              54.962585
            ],
            [
              73.3949195,
              54.9629855
            ],
            [
              73.3946887,
              54.9639277
            ],
            [
              73.3948682,
              54.9639454
            ],
            [
              73.3949759,
              54.9640072
            ],
            [
              73.3954323,
              54.9641662
            ],
            [
              73.3962017,
              54.964234
            ],
            [
              73.3972326,
              54.9645873
            ],
            [
              73.398761,
              54.9655236
            ],
            [
              73.3989303,
              54.9656031
            ],
            [
              73.399197,
              54.9656885
            ],
            [
              73.3995098,
              54.9657268
            ],
            [
              73.4001202,
              54.9657032
            ],
            [
              73.4001612,
              54.9658122
            ],
            [
              73.4000843,
              54.9662509
            ],
            [
              73.4000279,
              54.9664128
            ],
            [
              73.3991762,
              54.9719402
            ],
            [
              73.398802,
              54.9738406
            ],
            [
              73.39852,
              54.9755508
            ],
            [
              73.3987661,
              54.9755597
            ],
            [
              73.402182,
              54.975754
            ],
            [
              73.4063364,
              54.9759983
            ],
            [
              73.4099369,
              54.9762043
            ],
            [
              73.4099267,
              54.9762514
            ],
            [
              73.410537,
              54.9762838
            ],
            [
              73.4110077,
              54.9764092
            ],
            [
              73.411132,
              54.9764339
            ],
            [
              73.4151377,
              54.9767018
            ],
            [
              73.4203281,
              54.977005
            ],
            [
              73.4345814,
              54.9777879
            ],
            [
              73.4373972,
              54.9779763
            ],
            [
              73.4392897,
              54.9781588
            ],
            [
              73.4477525,
              54.9787475
            ],
            [
              73.4481576,
              54.9839305
            ],
            [
              73.4545432,
              54.9840305
            ],
            [
              73.4571692,
              54.9839128
            ],
            [
              73.4633905,
              54.9840187
            ],
            [
              73.4648113,
              54.9848251
            ],
            [
              73.4645907,
              54.9849517
            ],
            [
              73.4657396,
              54.9855255
            ],
            [
              73.4705146,
              54.9852195
            ],
            [
              73.4766539,
              54.9848457
            ],
            [
              73.4798954,
              54.9843719
            ],
            [
              73.4803314,
              54.98416
            ],
            [
              73.4806596,
              54.984419
            ],
            [
              73.4809058,
              54.9842748
            ],
            [
              73.4819778,
              54.9852018
            ],
            [
              73.4820752,
              54.9850988
            ],
            [
              73.4825727,
              54.9854549
            ],
            [
              73.4828343,
              54.9855579
            ],
            [
              73.4837318,
              54.9857845
            ],
            [
              73.485886,
              54.9861671
            ],
            [
              73.4870503,
              54.9864054
            ],
            [
              73.4878504,
              54.9866203
            ],
            [
              73.4881273,
              54.9867409
            ],
            [
              73.4892325,
              54.9874723
            ],
            [
              73.490961,
              54.98867
            ],
            [
              73.4913688,
              54.9888408
            ],
            [
              73.4931532,
              54.9901255
            ],
            [
              73.4935936,
              54.9904803
            ],
            [
              73.4938486,
              54.9905268
            ],
            [
              73.493231,
              54.9914936
            ],
            [
              73.4950979,
              54.991882
            ],
            [
              73.4966981,
              54.990705
            ],
            [
              73.4995703,
              54.9870326
            ],
            [
              73.5006782,
              54.9851021
            ],
            [
              73.5005551,
              54.9848784
            ],
            [
              73.4992011,
              54.9844189
            ],
            [
              73.497847,
              54.9840426
            ],
            [
              73.4916308,
              54.9797339
            ],
            [
              73.4892099,
              54.9780032
            ],
            [
              73.4921595,
              54.9765438
            ],
            [
              73.4946671,
              54.9753187
            ],
            [
              73.4985035,
              54.9723985
            ],
            [
              73.5012116,
              54.972057
            ],
            [
              73.501704,
              54.9696782
            ],
            [
              73.5152853,
              54.970903
            ],
            [
              73.5144852,
              54.9731285
            ],
            [
              73.521994,
              54.9737644
            ],
            [
              73.5280871,
              54.9751185
            ],
            [
              73.5325595,
              54.97692
            ],
            [
              73.5371989,
              54.9786797
            ],
            [
              73.5480489,
              54.9827948
            ],
            [
              73.5501551,
              54.9817985
            ],
            [
              73.5528499,
              54.9814755
            ],
            [
              73.5563822,
              54.9830955
            ],
            [
              73.5570939,
              54.9844386
            ],
            [
              73.5604995,
              54.9866752
            ],
            [
              73.5692941,
              54.990169
            ],
            [
              73.5777965,
              54.9935419
            ],
            [
              73.5775342,
              54.9936481
            ],
            [
              73.5678196,
              54.9935097
            ],
            [
              73.5672761,
              54.9936003
            ],
            [
              73.566505,
              54.9935858
            ],
            [
              73.5664165,
              54.9935169
            ],
            [
              73.5651966,
              54.9934734
            ],
            [
              73.5649501,
              54.9933864
            ],
            [
              73.5638188,
              54.9941732
            ],
            [
              73.5639957,
              54.9942566
            ],
            [
              73.5637745,
              54.9944198
            ],
            [
              73.5635786,
              54.9943327
            ],
            [
              73.5625716,
              55.0017562
            ],
            [
              73.561176,
              55.0077147
            ],
            [
              73.552797,
              55.0071926
            ],
            [
              73.5448656,
              55.0063785
            ],
            [
              73.5313018,
              55.0042015
            ],
            [
              73.5266106,
              55.0033948
            ],
            [
              73.5155444,
              55.0076572
            ],
            [
              73.515337,
              55.0081443
            ],
            [
              73.5188923,
              55.0084331
            ],
            [
              73.5192281,
              55.0088296
            ],
            [
              73.5222402,
              55.0090731
            ],
            [
              73.5222303,
              55.0092996
            ],
            [
              73.525519,
              55.0095488
            ],
            [
              73.5254696,
              55.0101321
            ],
            [
              73.5186849,
              55.0135694
            ],
            [
              73.5167986,
              55.0166384
            ],
            [
              73.5159728,
              55.0177743
            ],
            [
              73.5171955,
              55.017834
            ],
            [
              73.5197615,
              55.0174446
            ],
            [
              73.5209578,
              55.0175036
            ],
            [
              73.5232637,
              55.0179038
            ],
            [
              73.5249633,
              55.0187765
            ],
            [
              73.5260338,
              55.0201105
            ],
            [
              73.5269997,
              55.0210342
            ],
            [
              73.5285753,
              55.021791
            ],
            [
              73.5296911,
              55.0229124
            ],
            [
              73.5312628,
              55.0241364
            ],
            [
              73.5331894,
              55.0248321
            ],
            [
              73.5347819,
              55.0252188
            ],
            [
              73.5436224,
              55.0263012
            ],
            [
              73.5461472,
              55.0266988
            ],
            [
              73.5480276,
              55.0265782
            ],
            [
              73.5492205,
              55.0262961
            ],
            [
              73.5515982,
              55.0254048
            ],
            [
              73.5538328,
              55.0251059
            ],
            [
              73.5554403,
              55.025272
            ],
            [
              73.5566929,
              55.0257692
            ],
            [
              73.5569645,
              55.0261239
            ],
            [
              73.5572783,
              55.0264221
            ],
            [
              73.5574021,
              55.026665
            ],
            [
              73.5558473,
              55.0297253
            ],
            [
              73.5551834,
              55.0301928
            ],
            [
              73.5544217,
              55.0305987
            ],
            [
              73.5540354,
              55.0310168
            ],
            [
              73.5527909,
              55.0317916
            ],
            [
              73.5523081,
              55.0322097
            ],
            [
              73.5520184,
              55.0328984
            ],
            [
              73.5513133,
              55.0336487
            ],
            [
              73.5499905,
              55.03527
            ],
            [
              73.5441756,
              55.0403193
            ],
            [
              73.5393811,
              55.0436641
            ],
            [
              73.5337317,
              55.0490264
            ],
            [
              73.5296622,
              55.0527588
            ],
            [
              73.5276434,
              55.054374
            ],
            [
              73.5248237,
              55.0560762
            ],
            [
              73.5249296,
              55.0601023
            ],
            [
              73.5220106,
              55.0597383
            ],
            [
              73.5151798,
              55.0588778
            ],
            [
              73.5242729,
              55.0637795
            ],
            [
              73.5400042,
              55.0711923
            ],
            [
              73.5375065,
              55.0728102
            ],
            [
              73.5350511,
              55.0745614
            ],
            [
              73.5310505,
              55.0748158
            ],
            [
              73.5290291,
              55.0755672
            ],
            [
              73.5184138,
              55.0707136
            ],
            [
              73.5171967,
              55.069138
            ],
            [
              73.512159,
              55.0669988
            ],
            [
              73.5095131,
              55.0658292
            ],
            [
              73.5074388,
              55.0654352
            ],
            [
              73.5065392,
              55.065611
            ],
            [
              73.503798,
              55.0664776
            ],
            [
              73.4975326,
              55.0633322
            ],
            [
              73.4953104,
              55.0616564
            ],
            [
              73.4972472,
              55.060238
            ],
            [
              73.5003376,
              55.0621534
            ],
            [
              73.5049097,
              55.059244
            ],
            [
              73.5080953,
              55.0579225
            ],
            [
              73.5094182,
              55.0567162
            ],
            [
              73.5052695,
              55.0544369
            ],
            [
              73.5030999,
              55.0542429
            ],
            [
              73.4857252,
              55.0443497
            ],
            [
              73.4861965,
              55.0438604
            ],
            [
              73.4766658,
              55.0404618
            ],
            [
              73.473297,
              55.0394279
            ],
            [
              73.4697186,
              55.0387477
            ],
            [
              73.4612621,
              55.0386831
            ],
            [
              73.4387454,
              55.0518489
            ],
            [
              73.4462245,
              55.0560853
            ],
            [
              73.4333923,
              55.0637673
            ],
            [
              73.4324613,
              55.0632088
            ],
            [
              73.4287558,
              55.06519
            ],
            [
              73.4286468,
              55.0651502
            ],
            [
              73.4189956,
              55.0598379
            ],
            [
              73.4178287,
              55.0593022
            ],
            [
              73.4037732,
              55.0553118
            ],
            [
              73.3926261,
              55.0521468
            ],
            [
              73.3863242,
              55.0503232
            ],
            [
              73.3682573,
              55.0377638
            ],
            [
              73.3592135,
              55.0314262
            ],
            [
              73.3581156,
              55.0307136
            ],
            [
              73.3576253,
              55.0303953
            ],
            [
              73.3557315,
              55.0291751
            ],
            [
              73.3530322,
              55.027215
            ],
            [
              73.3516734,
              55.0269154
            ],
            [
              73.3507042,
              55.0270625
            ],
            [
              73.3490118,
              55.0275152
            ],
            [
              73.349159,
              55.0276959
            ],
            [
              73.3482415,
              55.0279413
            ],
            [
              73.3480944,
              55.0277606
            ],
            [
              73.3479962,
              55.0277869
            ],
            [
              73.3463378,
              55.0296175
            ],
            [
              73.3454848,
              55.029403
            ],
            [
              73.3431738,
              55.0287749
            ],
            [
              73.3432531,
              55.0283388
            ],
            [
              73.3419011,
              55.027442
            ],
            [
              73.3394423,
              55.0282789
            ],
            [
              73.3369655,
              55.0291199
            ],
            [
              73.3369294,
              55.028965
            ],
            [
              73.3386717,
              55.0226396
            ],
            [
              73.3398757,
              55.0182262
            ],
            [
              73.3398685,
              55.0181435
            ],
            [
              73.3397747,
              55.0179947
            ],
            [
              73.3395368,
              55.0177177
            ],
            [
              73.3392145,
              55.017465
            ],
            [
              73.3457893,
              55.0135219
            ],
            [
              73.3461039,
              55.0133332
            ],
            [
              73.3505276,
              55.010683
            ],
            [
              73.3500901,
              55.0104828
            ],
            [
              73.3477587,
              55.009333
            ],
            [
              73.3478435,
              55.0091854
            ],
            [
              73.3493461,
              55.007949
            ],
            [
              73.3494809,
              55.0078402
            ],
            [
              73.3570658,
              55.0016857
            ],
            [
              73.3567966,
              55.0015807
            ],
            [
              73.3530747,
              55.0001534
            ],
            [
              73.3505807,
              54.9991938
            ],
            [
              73.3475999,
              54.9980538
            ],
            [
              73.3454762,
              54.9972664
            ],
            [
              73.3453323,
              54.997213
            ],
            [
              73.3452869,
              54.9972589
            ],
            [
              73.3450623,
              54.9974651
            ],
            [
              73.3448053,
              54.9973685
            ],
            [
              73.3447485,
              54.9974236
            ],
            [
              73.3441107,
              54.9973139
            ],
            [
              73.3439467,
              54.997073
            ],
            [
              73.3440819,
              54.9969468
            ],
            [
              73.3437719,
              54.9965846
            ],
            [
              73.3410465,
              54.9946049
            ],
            [
              73.3418434,
              54.9941215
            ],
            [
              73.3435476,
              54.993389
            ],
            [
              73.3448774,
              54.9925445
            ],
            [
              73.3462545,
              54.9920794
            ],
            [
              73.3471349,
              54.991543
            ],
            [
              73.3491255,
              54.9902156
            ],
            [
              73.3497443,
              54.9897403
            ],
            [
              73.3521956,
              54.9884582
            ],
            [
              73.3529795,
              54.9874482
            ],
            [
              73.3552657,
              54.9856058
            ],
            [
              73.3568918,
              54.9845958
            ],
            [
              73.3614952,
              54.9818182
            ],
            [
              73.3632144,
              54.9808745
            ],
            [
              73.3647556,
              54.9802272
            ],
            [
              73.3658982,
              54.9793706
            ],
            [
              73.3675999,
              54.9778444
            ],
            [
              73.3699871,
              54.9749926
            ],
            [
              73.3706143,
              54.9741415
            ],
            [
              73.3714846,
              54.9731927
            ],
            [
              73.3731183,
              54.9717556
            ],
            [
              73.3750923,
              54.9697469
            ],
            [
              73.3768663,
              54.9674735
            ],
            [
              73.3768653,
              54.9616202
            ],
            [
              73.376879,
              54.9553568
            ]
          ]
        ]
      },
      "id": "relation/3902910"
    }
  ]
}