{
  "type": "FeatureCollection",
  "generator": "overpass-turbo",
  "copyright": "The data included in this document is from www.openstreetmap.org. The data is made available under ODbL.",
  "timestamp": "2026-06-15T17:42:45Z",
  "features": [
    {
      "type": "Feature",
      "properties": {
        "@id": "relation/5518628",
        "admin_level": "9",
        "boundary": "administrative",
        "name": "Бежицкий район",
        "name:uk": "Бежицький район",
        "type": "boundary",
        "wikidata": "Q2058364",
        "wikipedia": "ru:Бежица"
      },
      "geometry": {
        "type": "MultiPolygon",
        "coordinates": [
          [
            [
              [
                34.3538408,
                53.3234134
              ],
              [
                34.3520808,
                53.3189283
              ],
              [
                34.3528318,
                53.3173773
              ],
              [
                34.3541622,
                53.3146213
              ],
              [
                34.3544197,
                53.3138521
              ],
              [
                34.3554819,
                53.3097689
              ],
              [
                34.3549669,
                53.3066085
              ],
              [
                34.3542588,
                53.302781
              ],
              [
                34.357928,
                53.3016911
              ],
              [
                34.3575525,
                53.2942723
              ],
              [
                34.3695259,
                53.2915468
              ],
              [
                34.3717682,
                53.2898216
              ],
              [
                34.3745577,
                53.2891546
              ],
              [
                34.3775189,
                53.2883273
              ],
              [
                34.3769288,
                53.2892829
              ],
              [
                34.3771005,
                53.289982
              ],
              [
                34.3774438,
                53.2905976
              ],
              [
                34.3789351,
                53.2918226
              ],
              [
                34.3811238,
                53.2929384
              ],
              [
                34.3859839,
                53.295683
              ],
              [
                34.3874967,
                53.2968437
              ],
              [
                34.3885642,
                53.2981486
              ],
              [
                34.3818426,
                53.2996329
              ],
              [
                34.3778729,
                53.3009025
              ],
              [
                34.3773526,
                53.30239
              ],
              [
                34.3785596,
                53.3039607
              ],
              [
                34.3808555,
                53.3043454
              ],
              [
                34.3817353,
                53.3051211
              ],
              [
                34.3821216,
                53.3063777
              ],
              [
                34.3843853,
                53.3067688
              ],
              [
                34.3851846,
                53.3076534
              ],
              [
                34.3865204,
                53.3077752
              ],
              [
                34.3864882,
                53.3079419
              ],
              [
                34.3867296,
                53.3079579
              ],
              [
                34.3866384,
                53.3084099
              ],
              [
                34.3874484,
                53.3084868
              ],
              [
                34.3871212,
                53.3093586
              ],
              [
                34.3859839,
                53.3092433
              ],
              [
                34.3854153,
                53.309801
              ],
              [
                34.3843853,
                53.3120509
              ],
              [
                34.3841922,
                53.3127176
              ],
              [
                34.3840527,
                53.3148007
              ],
              [
                34.3839133,
                53.3149738
              ],
              [
                34.3837416,
                53.3149097
              ],
              [
                34.3835914,
                53.3147366
              ],
              [
                34.3832588,
                53.3145828
              ],
              [
                34.3829262,
                53.3144899
              ],
              [
                34.3827599,
                53.3144963
              ],
              [
                34.3826204,
                53.3145732
              ],
              [
                34.3824702,
                53.3144867
              ],
              [
                34.3824327,
                53.3143008
              ],
              [
                34.382261,
                53.3141341
              ],
              [
                34.3822449,
                53.3139611
              ],
              [
                34.3823039,
                53.3138809
              ],
              [
                34.3822825,
                53.3138393
              ],
              [
                34.3820411,
                53.3137752
              ],
              [
                34.3819123,
                53.3136855
              ],
              [
                34.3819874,
                53.3135925
              ],
              [
                34.3821645,
                53.3134867
              ],
              [
                34.3821967,
                53.3133938
              ],
              [
                34.3820465,
                53.3132143
              ],
              [
                34.3814349,
                53.3131214
              ],
              [
                34.3811989,
                53.3129996
              ],
              [
                34.3809414,
                53.3128714
              ],
              [
                34.3805712,
                53.3129547
              ],
              [
                34.3802762,
                53.3130188
              ],
              [
                34.3798739,
                53.3129932
              ],
              [
                34.37967,
                53.3129035
              ],
              [
                34.379375,
                53.3128265
              ],
              [
                34.3790746,
                53.3128009
              ],
              [
                34.3785864,
                53.3121631
              ],
              [
                34.378286,
                53.3119099
              ],
              [
                34.3781197,
                53.3118202
              ],
              [
                34.3778407,
                53.3118074
              ],
              [
                34.3776584,
                53.3117561
              ],
              [
                34.3775618,
                53.311583
              ],
              [
                34.3776584,
                53.3115125
              ],
              [
                34.3779266,
                53.3113522
              ],
              [
                34.3780768,
                53.3111535
              ],
              [
                34.3778837,
                53.3110061
              ],
              [
                34.3775296,
                53.3109933
              ],
              [
                34.3772936,
                53.3110894
              ],
              [
                34.377197,
                53.311301
              ],
              [
                34.3769717,
                53.3114035
              ],
              [
                34.3768537,
                53.311583
              ],
              [
                34.3768108,
                53.3117112
              ],
              [
                34.3767142,
                53.3118586
              ],
              [
                34.3765211,
                53.3119163
              ],
              [
                34.3759632,
                53.3118843
              ],
              [
                34.3753087,
                53.3117945
              ],
              [
                34.3749225,
                53.3115766
              ],
              [
                34.3745255,
                53.311333
              ],
              [
                34.3740749,
                53.311224
              ],
              [
                34.3733883,
                53.3111984
              ],
              [
                34.3729591,
                53.3111984
              ],
              [
                34.3724656,
                53.311474
              ],
              [
                34.3721437,
                53.3116535
              ],
              [
                34.371779,
                53.3116599
              ],
              [
                34.3713605,
                53.3116984
              ],
              [
                34.370867,
                53.3117881
              ],
              [
                34.3703198,
                53.3117176
              ],
              [
                34.3700302,
                53.3118009
              ],
              [
                34.3696546,
                53.3117881
              ],
              [
                34.3690002,
                53.3117112
              ],
              [
                34.3685335,
                53.3117465
              ],
              [
                34.3653309,
                53.3135893
              ],
              [
                34.3663233,
                53.3140764
              ],
              [
                34.3661758,
                53.3142607
              ],
              [
                34.3665782,
                53.3144418
              ],
              [
                34.3663529,
                53.314703
              ],
              [
                34.3665406,
                53.3147671
              ],
              [
                34.3662053,
                53.3151629
              ],
              [
                34.3657574,
                53.3149674
              ],
              [
                34.365685,
                53.3150491
              ],
              [
                34.3639308,
                53.3143921
              ],
              [
                34.3611118,
                53.3161804
              ],
              [
                34.3661892,
                53.3214854
              ],
              [
                34.3538408,
                53.3234134
              ]
            ]
          ],
          [
            [
              [
                34.2814457,
                53.2832519
              ],
              [
                34.2827725,
                53.2827311
              ],
              [
                34.2850739,
                53.2816727
              ],
              [
                34.2858893,
                53.2821602
              ],
              [
                34.2858142,
                53.2823687
              ],
              [
                34.2854601,
                53.2824713
              ],
              [
                34.2853421,
                53.2825739
              ],
              [
                34.2854065,
                53.2827279
              ],
              [
                34.2856264,
                53.2829299
              ],
              [
                34.2858571,
                53.2830935
              ],
              [
                34.2862862,
                53.2832314
              ],
              [
                34.2874288,
                53.2836644
              ],
              [
                34.2882872,
                53.2839723
              ],
              [
                34.2896497,
                53.2844405
              ],
              [
                34.2927289,
                53.2854731
              ],
              [
                34.293201,
                53.2864096
              ],
              [
                34.3027872,
                53.2853417
              ],
              [
                34.3015158,
                53.2833115
              ],
              [
                34.3002498,
                53.2812589
              ],
              [
                34.299767,
                53.2803673
              ],
              [
                34.2992413,
                53.2801524
              ],
              [
                34.2988872,
                53.2793185
              ],
              [
                34.2984218,
                53.2784773
              ],
              [
                34.2982918,
                53.2781894
              ],
              [
                34.2982328,
                53.2777211
              ],
              [
                34.2983401,
                53.2774934
              ],
              [
                34.2986006,
                53.2770241
              ],
              [
                34.2994934,
                53.2770636
              ],
              [
                34.3006736,
                53.2769385
              ],
              [
                34.3012476,
                53.2768583
              ],
              [
                34.3012047,
                53.27673
              ],
              [
                34.301843,
                53.2766017
              ],
              [
                34.3024117,
                53.2765022
              ],
              [
                34.302578,
                53.2765279
              ],
              [
                34.3027872,
                53.2765054
              ],
              [
                34.30408,
                53.2762039
              ],
              [
                34.3053282,
                53.2759325
              ],
              [
                34.3035302,
                53.2741285
              ],
              [
                34.3035436,
                53.2740323
              ],
              [
                34.3041551,
                53.2740162
              ],
              [
                34.3051797,
                53.2740804
              ],
              [
                34.3060595,
                53.274106
              ],
              [
                34.3062633,
                53.2741894
              ],
              [
                34.3066442,
                53.2742151
              ],
              [
                34.3067676,
                53.2744429
              ],
              [
                34.3070948,
                53.2745198
              ],
              [
                34.3079477,
                53.2745551
              ],
              [
                34.3088275,
                53.2744332
              ],
              [
                34.3099219,
                53.2742504
              ],
              [
                34.3103599,
                53.2742411
              ],
              [
                34.3118408,
                53.2759319
              ],
              [
                34.3166879,
                53.2774573
              ],
              [
                34.3170203,
                53.2775428
              ],
              [
                34.3174321,
                53.2776217
              ],
              [
                34.3199179,
                53.2777893
              ],
              [
                34.3215071,
                53.2778623
              ],
              [
                34.3244318,
                53.2779966
              ],
              [
                34.3246981,
                53.2781814
              ],
              [
                34.3263481,
                53.2784777
              ],
              [
                34.3307777,
                53.2783445
              ],
              [
                34.3318,
                53.2780439
              ],
              [
                34.3321571,
                53.2778086
              ],
              [
                34.3328658,
                53.2776224
              ],
              [
                34.3334146,
                53.2785833
              ],
              [
                34.337883,
                53.2777942
              ],
              [
                34.3395336,
                53.2786074
              ],
              [
                34.3438744,
                53.2805414
              ],
              [
                34.3440182,
                53.2826549
              ],
              [
                34.3434783,
                53.2827017
              ],
              [
                34.3420536,
                53.2831048
              ],
              [
                34.3380776,
                53.2841598
              ],
              [
                34.336157,
                53.2847914
              ],
              [
                34.3359125,
                53.285377
              ],
              [
                34.3352365,
                53.2853705
              ],
              [
                34.3352258,
                53.2856399
              ],
              [
                34.3350756,
                53.2857682
              ],
              [
                34.3342066,
                53.2856014
              ],
              [
                34.3334019,
                53.2855886
              ],
              [
                34.3316316,
                53.285749
              ],
              [
                34.330548,
                53.2858259
              ],
              [
                34.3296683,
                53.2858965
              ],
              [
                34.3292391,
                53.2860119
              ],
              [
                34.3287241,
                53.28623
              ],
              [
                34.3285096,
                53.2864866
              ],
              [
                34.3284237,
                53.2868778
              ],
              [
                34.3284237,
                53.2872626
              ],
              [
                34.3286276,
                53.2877116
              ],
              [
                34.3289173,
                53.2881285
              ],
              [
                34.3292177,
                53.2884684
              ],
              [
                34.3305266,
                53.2910722
              ],
              [
                34.3298507,
                53.2923516
              ],
              [
                34.3309021,
                53.2933007
              ],
              [
                34.3351507,
                53.2921849
              ],
              [
                34.3354511,
                53.2923837
              ],
              [
                34.3370604,
                53.2939132
              ],
              [
                34.3371141,
                53.2943941
              ],
              [
                34.3371355,
                53.2951251
              ],
              [
                34.3367171,
                53.2953592
              ],
              [
                34.3362772,
                53.2955965
              ],
              [
                34.3350166,
                53.2957311
              ],
              [
                34.3344855,
                53.295885
              ],
              [
                34.3336111,
                53.2962441
              ],
              [
                34.3335146,
                53.2964429
              ],
              [
                34.3332839,
                53.2969366
              ],
              [
                34.333182,
                53.2972188
              ],
              [
                34.3332517,
                53.2977157
              ],
              [
                34.3332946,
                53.2982928
              ],
              [
                34.3334931,
                53.2985076
              ],
              [
                34.3343246,
                53.2989565
              ],
              [
                34.3348128,
                53.2992514
              ],
              [
                34.3349361,
                53.2994085
              ],
              [
                34.3349844,
                53.2996714
              ],
              [
                34.3348288,
                53.2998638
              ],
              [
                34.3347108,
                53.3000625
              ],
              [
                34.3343621,
                53.3002901
              ],
              [
                34.334228,
                53.3003703
              ],
              [
                34.3342924,
                53.3004697
              ],
              [
                34.335022,
                53.3005242
              ],
              [
                34.3354618,
                53.3005723
              ],
              [
                34.3360627,
                53.3006332
              ],
              [
                34.3366742,
                53.3006139
              ],
              [
                34.3373716,
                53.3005338
              ],
              [
                34.3388039,
                53.3005755
              ],
              [
                34.3404454,
                53.3007005
              ],
              [
                34.3411052,
                53.3008448
              ],
              [
                34.3414807,
                53.3010083
              ],
              [
                34.3419474,
                53.3014507
              ],
              [
                34.3421781,
                53.3019187
              ],
              [
                34.3420923,
                53.3024669
              ],
              [
                34.3418777,
                53.3026977
              ],
              [
                34.3410194,
                53.3035504
              ],
              [
                34.340719,
                53.3039351
              ],
              [
                34.3406224,
                53.3045249
              ],
              [
                34.3406653,
                53.3052494
              ],
              [
                34.3407404,
                53.3055315
              ],
              [
                34.341352,
                53.3069675
              ],
              [
                34.3415773,
                53.3074932
              ],
              [
                34.3416095,
                53.3080124
              ],
              [
                34.341588,
                53.3084419
              ],
              [
                34.3413949,
                53.308833
              ],
              [
                34.3410408,
                53.3090894
              ],
              [
                34.3405688,
                53.3093138
              ],
              [
                34.3400216,
                53.3096022
              ],
              [
                34.3398178,
                53.3098651
              ],
              [
                34.3398499,
                53.3102497
              ],
              [
                34.3400431,
                53.3106471
              ],
              [
                34.3404829,
                53.310833
              ],
              [
                34.3409228,
                53.3108394
              ],
              [
                34.3416095,
                53.3107689
              ],
              [
                34.3420601,
                53.3105766
              ],
              [
                34.3425536,
                53.3107048
              ],
              [
                34.3428969,
                53.3109356
              ],
              [
                34.3429828,
                53.3112945
              ],
              [
                34.3426824,
                53.3118458
              ],
              [
                34.3424249,
                53.3124548
              ],
              [
                34.3422532,
                53.3130252
              ],
              [
                34.3424892,
                53.3133586
              ],
              [
                34.34309,
                53.3136726
              ],
              [
                34.3438411,
                53.3139226
              ],
              [
                34.3447316,
                53.3141341
              ],
              [
                34.3451178,
                53.3144098
              ],
              [
                34.3453431,
                53.3148584
              ],
              [
                34.3453109,
                53.315243
              ],
              [
                34.3449998,
                53.3155442
              ],
              [
                34.3445492,
                53.3157301
              ],
              [
                34.3441629,
                53.3157814
              ],
              [
                34.3433261,
                53.3157173
              ],
              [
                34.3429828,
                53.315493
              ],
              [
                34.3426287,
                53.315384
              ],
              [
                34.3420279,
                53.3148648
              ],
              [
                34.3412876,
                53.3146469
              ],
              [
                34.3405259,
                53.3146661
              ],
              [
                34.3398285,
                53.3148136
              ],
              [
                34.3391955,
                53.3150828
              ],
              [
                34.3387985,
                53.3153135
              ],
              [
                34.3385088,
                53.3156468
              ],
              [
                34.3383372,
                53.3157045
              ],
              [
                34.3376505,
                53.3157429
              ],
              [
                34.3373179,
                53.3157942
              ],
              [
                34.3369961,
                53.315948
              ],
              [
                34.3369102,
                53.3162749
              ],
              [
                34.3370175,
                53.3165505
              ],
              [
                34.3373608,
                53.3167492
              ],
              [
                34.3383801,
                53.3169671
              ],
              [
                34.3396139,
                53.3172748
              ],
              [
                34.3402576,
                53.3175696
              ],
              [
                34.3401825,
                53.3180631
              ],
              [
                34.339571,
                53.3181272
              ],
              [
                34.3389809,
                53.3180695
              ],
              [
                34.3382621,
                53.3179029
              ],
              [
                34.3375325,
                53.3178324
              ],
              [
                34.3368673,
                53.3179349
              ],
              [
                34.3363094,
                53.3181656
              ],
              [
                34.3363094,
                53.3187425
              ],
              [
                34.3364382,
                53.3188706
              ],
              [
                34.3371892,
                53.3192936
              ],
              [
                34.3378544,
                53.319582
              ],
              [
                34.3382084,
                53.3198128
              ],
              [
                34.3383801,
                53.3204152
              ],
              [
                34.3381011,
                53.3207164
              ],
              [
                34.3376398,
                53.3210625
              ],
              [
                34.337275,
                53.3213701
              ],
              [
                34.3370283,
                53.3218443
              ],
              [
                34.3370068,
                53.3221647
              ],
              [
                34.3371999,
                53.3225108
              ],
              [
                34.3376398,
                53.3228056
              ],
              [
                34.3376934,
                53.3230427
              ],
              [
                34.3376076,
                53.3233887
              ],
              [
                34.3374789,
                53.323581
              ],
              [
                34.3368781,
                53.3239142
              ],
              [
                34.3363202,
                53.3241385
              ],
              [
                34.3356442,
                53.3242923
              ],
              [
                34.3350971,
                53.3244717
              ],
              [
                34.3345499,
                53.3247601
              ],
              [
                34.3340135,
                53.3249972
              ],
              [
                34.3338311,
                53.3252535
              ],
              [
                34.3337452,
                53.325497
              ],
              [
                34.3339598,
                53.3259135
              ],
              [
                34.3342978,
                53.3263108
              ],
              [
                34.3357193,
                53.3265415
              ],
              [
                34.3355584,
                53.3268939
              ],
              [
                34.3329406,
                53.3267594
              ],
              [
                34.3228447,
                53.3263813
              ],
              [
                34.3212998,
                53.3271246
              ],
              [
                34.3187141,
                53.3280665
              ],
              [
                34.3181026,
                53.3283933
              ],
              [
                34.3179738,
                53.328656
              ],
              [
                34.3180275,
                53.3289123
              ],
              [
                34.3180382,
                53.3292327
              ],
              [
                34.3179417,
                53.3293352
              ],
              [
                34.3175769,
                53.3293929
              ],
              [
                34.3174696,
                53.3294634
              ],
              [
                34.3173408,
                53.3297645
              ],
              [
                34.317491,
                53.3299888
              ],
              [
                34.3175554,
                53.3302899
              ],
              [
                34.3175769,
                53.3306167
              ],
              [
                34.3175983,
                53.3310716
              ],
              [
                34.3171102,
                53.3335111
              ],
              [
                34.317326,
                53.3382076
              ],
              [
                34.3169151,
                53.338358
              ],
              [
                34.3165796,
                53.3385217
              ],
              [
                34.3165701,
                53.3386292
              ],
              [
                34.3167566,
                53.3387633
              ],
              [
                34.3175314,
                53.339148
              ],
              [
                34.31777,
                53.3392271
              ],
              [
                34.3180811,
                53.339336
              ],
              [
                34.3182313,
                53.3396499
              ],
              [
                34.3184459,
                53.3399446
              ],
              [
                34.3186819,
                53.3405403
              ],
              [
                34.3187678,
                53.3408991
              ],
              [
                34.3186712,
                53.3410464
              ],
              [
                34.3184996,
                53.341277
              ],
              [
                34.3184996,
                53.3415396
              ],
              [
                34.3186283,
                53.3419944
              ],
              [
                34.3186068,
                53.3422442
              ],
              [
                34.318403,
                53.3427439
              ],
              [
                34.3180489,
                53.3438328
              ],
              [
                34.3196475,
                53.3458055
              ],
              [
                34.3200982,
                53.3468751
              ],
              [
                34.3207312,
                53.3473619
              ],
              [
                34.3212998,
                53.3479383
              ],
              [
                34.3219006,
                53.3478999
              ],
              [
                34.3221044,
                53.3482393
              ],
              [
                34.3225229,
                53.3484891
              ],
              [
                34.3228769,
                53.3487389
              ],
              [
                34.3231451,
                53.3489823
              ],
              [
                34.3236279,
                53.3492256
              ],
              [
                34.324218,
                53.3495523
              ],
              [
                34.3248403,
                53.3500454
              ],
              [
                34.3243897,
                53.3522932
              ],
              [
                34.3250441,
                53.353907
              ],
              [
                34.3259641,
                53.3558057
              ],
              [
                34.3250334,
                53.3600862
              ],
              [
                34.3251193,
                53.3610626
              ],
              [
                34.3252695,
                53.3619205
              ],
              [
                34.3250441,
                53.3623943
              ],
              [
                34.324792,
                53.3629033
              ],
              [
                34.3245774,
                53.3631018
              ],
              [
                34.324438,
                53.3632234
              ],
              [
                34.3245399,
                53.3634603
              ],
              [
                34.3247116,
                53.3637068
              ],
              [
                34.3247223,
                53.3640013
              ],
              [
                34.3248135,
                53.3645199
              ],
              [
                34.3247916,
                53.3653779
              ],
              [
                34.3248349,
                53.3659475
              ],
              [
                34.325012,
                53.3663476
              ],
              [
                34.3255538,
                53.3669334
              ],
              [
                34.325717,
                53.3673056
              ],
              [
                34.325894,
                53.3678533
              ],
              [
                34.3260956,
                53.3684248
              ],
              [
                34.3261856,
                53.3686857
              ],
              [
                34.3262801,
                53.3689662
              ],
              [
                34.326405,
                53.369362
              ],
              [
                34.326572,
                53.3697292
              ],
              [
                34.3268828,
                53.3702784
              ],
              [
                34.3271561,
                53.3707215
              ],
              [
                34.327612,
                53.3713276
              ],
              [
                34.3278497,
                53.3717345
              ],
              [
                34.3279879,
                53.3720028
              ],
              [
                34.3281287,
                53.3722785
              ],
              [
                34.32778,
                53.3723425
              ],
              [
                34.3280444,
                53.3727231
              ],
              [
                34.3276926,
                53.3727832
              ],
              [
                34.327265,
                53.3729282
              ],
              [
                34.3274313,
                53.3732035
              ],
              [
                34.3263692,
                53.3734211
              ],
              [
                34.3261492,
                53.3734851
              ],
              [
                34.3262887,
                53.3737923
              ],
              [
                34.3255251,
                53.3738007
              ],
              [
                34.324682,
                53.3739498
              ],
              [
                34.3237361,
                53.3741658
              ],
              [
                34.321906,
                53.3745668
              ],
              [
                34.3211434,
                53.3735307
              ],
              [
                34.3208329,
                53.3731238
              ],
              [
                34.3203821,
                53.3725366
              ],
              [
                34.3196439,
                53.3715741
              ],
              [
                34.3193714,
                53.3713808
              ],
              [
                34.3148431,
                53.3685778
              ],
              [
                34.3133431,
                53.3681452
              ],
              [
                34.3119608,
                53.3678363
              ],
              [
                34.3110536,
                53.3676274
              ],
              [
                34.3083736,
                53.3670902
              ],
              [
                34.3063271,
                53.3664796
              ],
              [
                34.3066199,
                53.3661846
              ],
              [
                34.3060018,
                53.3651211
              ],
              [
                34.3016231,
                53.3645647
              ],
              [
                34.2991018,
                53.3642542
              ],
              [
                34.2978875,
                53.3639126
              ],
              [
                34.2963391,
                53.3621894
              ],
              [
                34.2956632,
                53.3613923
              ],
              [
                34.2941397,
                53.3595195
              ],
              [
                34.2930829,
                53.3582677
              ],
              [
                34.2924392,
                53.3574481
              ],
              [
                34.2922568,
                53.3568654
              ],
              [
                34.2938983,
                53.3563884
              ],
              [
                34.2941061,
                53.356402
              ],
              [
                34.2943083,
                53.3563071
              ],
              [
                34.2952402,
                53.3558224
              ],
              [
                34.2953217,
                53.3557465
              ],
              [
                34.2989141,
                53.354922
              ],
              [
                34.3010491,
                53.3543104
              ],
              [
                34.3089402,
                53.3524085
              ],
              [
                34.3093961,
                53.3501414
              ],
              [
                34.3097985,
                53.3478166
              ],
              [
                34.3084896,
                53.347823
              ],
              [
                34.2986405,
                53.348297
              ],
              [
                34.2984796,
                53.3487037
              ],
              [
                34.2987853,
                53.3517873
              ],
              [
                34.2931956,
                53.350902
              ],
              [
                34.2930937,
                53.3492352
              ],
              [
                34.2913422,
                53.3492352
              ],
              [
                34.2913315,
                53.349208
              ],
              [
                34.2893118,
                53.3492352
              ],
              [
                34.2889577,
                53.3491744
              ],
              [
                34.2885607,
                53.3495458
              ],
              [
                34.2890811,
                53.3515792
              ],
              [
                34.2894244,
                53.3527223
              ],
              [
                34.2898857,
                53.3537661
              ],
              [
                34.2907226,
                53.3550597
              ],
              [
                34.2916667,
                53.3567534
              ],
              [
                34.2922836,
                53.3576818
              ],
              [
                34.2930239,
                53.3586103
              ],
              [
                34.2941129,
                53.3598877
              ],
              [
                34.2948371,
                53.3607777
              ],
              [
                34.2959529,
                53.3621174
              ],
              [
                34.2941424,
                53.3627576
              ],
              [
                34.2934692,
                53.3630329
              ],
              [
                34.2929381,
                53.3633354
              ],
              [
                34.2916399,
                53.3640717
              ],
              [
                34.2913932,
                53.3638428
              ],
              [
                34.2896122,
                53.3643694
              ],
              [
                34.2885983,
                53.3646319
              ],
              [
                34.2881477,
                53.3648336
              ],
              [
                34.2886734,
                53.3657971
              ],
              [
                34.2878902,
                53.3664117
              ],
              [
                34.2828369,
                53.3666229
              ],
              [
                34.2820752,
                53.3674551
              ],
              [
                34.2819679,
                53.3679705
              ],
              [
                34.2637476,
                53.3681417
              ],
              [
                34.2638335,
                53.3678712
              ],
              [
                34.2747152,
                53.3626472
              ],
              [
                34.2634392,
                53.3565325
              ],
              [
                34.2619479,
                53.3566477
              ],
              [
                34.2616904,
                53.3565261
              ],
              [
                34.2576563,
                53.3579988
              ],
              [
                34.2572915,
                53.3579092
              ],
              [
                34.2577743,
                53.3572944
              ],
              [
                34.2566371,
                53.3569038
              ],
              [
                34.2632568,
                53.3506602
              ],
              [
                34.2722958,
                53.3526679
              ],
              [
                34.2745864,
                53.3531097
              ],
              [
                34.2770219,
                53.3530489
              ],
              [
                34.282279,
                53.3547747
              ],
              [
                34.2823756,
                53.3545058
              ],
              [
                34.282617,
                53.3541952
              ],
              [
                34.2831802,
                53.3533435
              ],
              [
                34.2834806,
                53.3527127
              ],
              [
                34.2844087,
                53.35099
              ],
              [
                34.2856801,
                53.3493665
              ],
              [
                34.2874932,
                53.3460809
              ],
              [
                34.2881799,
                53.3446526
              ],
              [
                34.2875093,
                53.3448352
              ],
              [
                34.2874396,
                53.3451426
              ],
              [
                34.286592,
                53.3450818
              ],
              [
                34.2866725,
                53.3438904
              ],
              [
                34.2875898,
                53.3441306
              ],
              [
                34.287504,
                53.3447487
              ],
              [
                34.2881852,
                53.3445629
              ],
              [
                34.2882442,
                53.3426734
              ],
              [
                34.2872572,
                53.342193
              ],
              [
                34.2828154,
                53.3404058
              ],
              [
                34.2829715,
                53.3402567
              ],
              [
                34.2837274,
                53.3395346
              ],
              [
                34.2830408,
                53.339272
              ],
              [
                34.2831588,
                53.3389453
              ],
              [
                34.283545,
                53.3390093
              ],
              [
                34.2836684,
                53.3361041
              ],
              [
                34.2820162,
                53.3358863
              ],
              [
                34.2812329,
                53.336623
              ],
              [
                34.2807823,
                53.3364277
              ],
              [
                34.2787921,
                53.3357518
              ],
              [
                34.2784756,
                53.3357262
              ],
              [
                34.2772955,
                53.3367928
              ],
              [
                34.2753804,
                53.3358895
              ],
              [
                34.2744148,
                53.3366327
              ],
              [
                34.2720383,
                53.3356621
              ],
              [
                34.2727464,
                53.3349798
              ],
              [
                34.2724621,
                53.3347428
              ],
              [
                34.2698336,
                53.3347748
              ],
              [
                34.2661857,
                53.3334358
              ],
              [
                34.2631173,
                53.3321544
              ],
              [
                34.2599201,
                53.3328592
              ],
              [
                34.2583108,
                53.3332308
              ],
              [
                34.2564869,
                53.3337561
              ],
              [
                34.2515838,
                53.3352072
              ],
              [
                34.2520559,
                53.3358655
              ],
              [
                34.2528418,
                53.3356781
              ],
              [
                34.2531878,
                53.336221
              ],
              [
                34.2530698,
                53.3362547
              ],
              [
                34.2532843,
                53.3366086
              ],
              [
                34.2527318,
                53.3367416
              ],
              [
                34.2529088,
                53.337001
              ],
              [
                34.2530698,
                53.3369722
              ],
              [
                34.2531878,
                53.3371772
              ],
              [
                34.2523134,
                53.3373213
              ],
              [
                34.25138,
                53.3360273
              ],
              [
                34.2518252,
                53.3359055
              ],
              [
                34.2513853,
                53.3352649
              ],
              [
                34.244948,
                53.3369466
              ],
              [
                34.2463803,
                53.3404314
              ],
              [
                34.2449856,
                53.3436534
              ],
              [
                34.242475,
                53.3464652
              ],
              [
                34.2406297,
                53.3471441
              ],
              [
                34.2398626,
                53.3473747
              ],
              [
                34.2386019,
                53.3474355
              ],
              [
                34.2364937,
                53.3473939
              ],
              [
                34.2349595,
                53.3474131
              ],
              [
                34.2336988,
                53.3473939
              ],
              [
                34.2313063,
                53.3474035
              ],
              [
                34.2305285,
                53.3473363
              ],
              [
                34.229182,
                53.3472114
              ],
              [
                34.2284954,
                53.3471281
              ],
              [
                34.2279482,
                53.3470256
              ],
              [
                34.2272937,
                53.346968
              ],
              [
                34.2272401,
                53.3468431
              ],
              [
                34.2270255,
                53.3467214
              ],
              [
                34.2267948,
                53.3466093
              ],
              [
                34.2265212,
                53.3465613
              ],
              [
                34.2259955,
                53.346382
              ],
              [
                34.225958,
                53.3448224
              ],
              [
                34.2237157,
                53.3443964
              ],
              [
                34.2224604,
                53.3441562
              ],
              [
                34.2213553,
                53.3438231
              ],
              [
                34.221468,
                53.3434965
              ],
              [
                34.2214411,
                53.342968
              ],
              [
                34.2203897,
                53.3429392
              ],
              [
                34.2188179,
                53.3429264
              ],
              [
                34.2171603,
                53.342936
              ],
              [
                34.2154571,
                53.3428688
              ],
              [
                34.2149743,
                53.3429056
              ],
              [
                34.2145532,
                53.3428816
              ],
              [
                34.2145157,
                53.3422763
              ],
              [
                34.2148805,
                53.3421161
              ],
              [
                34.214049,
                53.3411233
              ],
              [
                34.2137003,
                53.3407421
              ],
              [
                34.2120051,
                53.3394642
              ],
              [
                34.2094087,
                53.3402585
              ],
              [
                34.2076278,
                53.3407709
              ],
              [
                34.2056858,
                53.3412834
              ],
              [
                34.205364,
                53.340835
              ],
              [
                34.2069089,
                53.3404763
              ],
              [
                34.210487,
                53.3394129
              ],
              [
                34.2097628,
                53.3386346
              ],
              [
                34.2080874,
                53.3382178
              ],
              [
                34.2078439,
                53.3346163
              ],
              [
                34.2146659,
                53.3322121
              ],
              [
                34.2142367,
                53.3305975
              ],
              [
                34.2125834,
                53.3295015
              ],
              [
                34.2127552,
                53.3284306
              ],
              [
                34.2140436,
                53.3280025
              ],
              [
                34.2174715,
                53.3268971
              ],
              [
                34.2194349,
                53.326298
              ],
              [
                34.2212212,
                53.3258302
              ],
              [
                34.2251801,
                53.3244173
              ],
              [
                34.2240107,
                53.3213124
              ],
              [
                34.2257917,
                53.320146
              ],
              [
                34.2284202,
                53.3184156
              ],
              [
                34.2372823,
                53.3155763
              ],
              [
                34.2405116,
                53.3134803
              ],
              [
                34.2389452,
                53.3114548
              ],
              [
                34.238323,
                53.3115958
              ],
              [
                34.236778,
                53.3097176
              ],
              [
                34.236424,
                53.309192
              ],
              [
                34.2361665,
                53.3083907
              ],
              [
                34.234879,
                53.3084099
              ],
              [
                34.2342353,
                53.3090445
              ],
              [
                34.2318964,
                53.3098779
              ],
              [
                34.2306572,
                53.3103202
              ],
              [
                34.2265105,
                53.3119772
              ],
              [
                34.2256737,
                53.3116727
              ],
              [
                34.2252338,
                53.3116086
              ],
              [
                34.2246222,
                53.3116343
              ],
              [
                34.2236781,
                53.311865
              ],
              [
                34.2231739,
                53.3122176
              ],
              [
                34.2224979,
                53.3125317
              ],
              [
                34.2209959,
                53.3131983
              ],
              [
                34.2199016,
                53.3136342
              ],
              [
                34.2174446,
                53.3144226
              ],
              [
                34.214623,
                53.3146693
              ],
              [
                34.2125845,
                53.317403
              ],
              [
                34.2070913,
                53.3189091
              ],
              [
                34.2060935,
                53.3193769
              ],
              [
                34.2029393,
                53.3209663
              ],
              [
                34.1992056,
                53.3227062
              ],
              [
                34.1952574,
                53.3233022
              ],
              [
                34.1933032,
                53.3220086
              ],
              [
                34.1933209,
                53.3218699
              ],
              [
                34.1934442,
                53.321729
              ],
              [
                34.193691,
                53.3215495
              ],
              [
                34.1942114,
                53.3214342
              ],
              [
                34.1950858,
                53.3213028
              ],
              [
                34.1955256,
                53.3211874
              ],
              [
                34.1959763,
                53.3210336
              ],
              [
                34.1964859,
                53.3208029
              ],
              [
                34.1977841,
                53.3201973
              ],
              [
                34.1993022,
                53.3194346
              ],
              [
                34.2001927,
                53.3190373
              ],
              [
                34.202081,
                53.3181464
              ],
              [
                34.202671,
                53.3178067
              ],
              [
                34.2030895,
                53.317262
              ],
              [
                34.2057395,
                53.3158327
              ],
              [
                34.2062008,
                53.3157237
              ],
              [
                34.2075902,
                53.3151116
              ],
              [
                34.209339,
                53.3139322
              ],
              [
                34.2101383,
                53.3135092
              ],
              [
                34.2124987,
                53.3123266
              ],
              [
                34.2128581,
                53.3122272
              ],
              [
                34.2141992,
                53.313381
              ],
              [
                34.2161545,
                53.3129499
              ],
              [
                34.2156959,
                53.3123698
              ],
              [
                34.2175412,
                53.31249
              ],
              [
                34.2175654,
                53.312341
              ],
              [
                34.2168036,
                53.3122641
              ],
              [
                34.2159131,
                53.3122256
              ],
              [
                34.2140624,
                53.3120589
              ],
              [
                34.2134213,
                53.3120333
              ],
              [
                34.2128929,
                53.3120445
              ],
              [
                34.2119783,
                53.3113138
              ],
              [
                34.2118174,
                53.3113234
              ],
              [
                34.2078799,
                53.3127464
              ],
              [
                34.2070591,
                53.3125092
              ],
              [
                34.2063993,
                53.3128554
              ],
              [
                34.2062598,
                53.3130541
              ],
              [
                34.205659,
                53.3133521
              ],
              [
                34.2047256,
                53.3139066
              ],
              [
                34.2039585,
                53.3136085
              ],
              [
                34.2016196,
                53.3120958
              ],
              [
                34.2013836,
                53.3117048
              ],
              [
                34.2007506,
                53.3114099
              ],
              [
                34.2003,
                53.3112112
              ],
              [
                34.2008793,
                53.3103715
              ],
              [
                34.2014694,
                53.3093522
              ],
              [
                34.2020702,
                53.3081919
              ],
              [
                34.2025208,
                53.3066854
              ],
              [
                34.203304,
                53.3035568
              ],
              [
                34.2042375,
                53.3000176
              ],
              [
                34.2043447,
                53.2994085
              ],
              [
                34.2046988,
                53.2976644
              ],
              [
                34.2044145,
                53.2942883
              ],
              [
                34.2051762,
                53.2944935
              ],
              [
                34.2059004,
                53.2946218
              ],
              [
                34.2068553,
                53.2947244
              ],
              [
                34.2099076,
                53.2948398
              ],
              [
                34.2100793,
                53.2958594
              ],
              [
                34.2104012,
                53.296693
              ],
              [
                34.2105728,
                53.2973919
              ],
              [
                34.2106372,
                53.2975843
              ],
              [
                34.2106211,
                53.2986006
              ],
              [
                34.211061,
                53.2986134
              ],
              [
                34.2114311,
                53.2986134
              ],
              [
                34.2120856,
                53.2984692
              ],
              [
                34.2144513,
                53.2987385
              ],
              [
                34.2141348,
                53.297969
              ],
              [
                34.2143708,
                53.2975907
              ],
              [
                34.2144835,
                53.2972316
              ],
              [
                34.2147571,
                53.2969078
              ],
              [
                34.2142475,
                53.2962858
              ],
              [
                34.2139953,
                53.2957151
              ],
              [
                34.2138988,
                53.2954297
              ],
              [
                34.2139685,
                53.2950674
              ],
              [
                34.2142689,
                53.2946891
              ],
              [
                34.2144138,
                53.2944871
              ],
              [
                34.2141402,
                53.2939132
              ],
              [
                34.2140007,
                53.2934675
              ],
              [
                34.2140704,
                53.2933264
              ],
              [
                34.2142099,
                53.2932045
              ],
              [
                34.2149073,
                53.2928999
              ],
              [
                34.2151809,
                53.2927492
              ],
              [
                34.2151809,
                53.2925889
              ],
              [
                34.2144889,
                53.2918225
              ],
              [
                34.2142636,
                53.2914698
              ],
              [
                34.2142636,
                53.2912005
              ],
              [
                34.2144513,
                53.2909055
              ],
              [
                34.2147464,
                53.2906522
              ],
              [
                34.2152291,
                53.2904084
              ],
              [
                34.2162859,
                53.2901904
              ],
              [
                34.2170155,
                53.2896741
              ],
              [
                34.2174286,
                53.2894721
              ],
              [
                34.2180347,
                53.2897415
              ],
              [
                34.2185605,
                53.2899595
              ],
              [
                34.2192149,
                53.2903219
              ],
              [
                34.2204487,
                53.2909183
              ],
              [
                34.2220634,
                53.2917488
              ],
              [
                34.2230397,
                53.2920598
              ],
              [
                34.2208189,
                53.2935765
              ],
              [
                34.2204648,
                53.293538
              ],
              [
                34.2191613,
                53.2944133
              ],
              [
                34.2193276,
                53.2945608
              ],
              [
                34.2198747,
                53.2949071
              ],
              [
                34.2209905,
                53.2955484
              ],
              [
                34.222219,
                53.2962826
              ],
              [
                34.2225194,
                53.2965166
              ],
              [
                34.2230022,
                53.2969126
              ],
              [
                34.2233831,
                53.2973711
              ],
              [
                34.2236781,
                53.2975426
              ],
              [
                34.2244077,
                53.2977702
              ],
              [
                34.2254108,
                53.2982768
              ],
              [
                34.2256039,
                53.2983954
              ],
              [
                34.2257112,
                53.2985429
              ],
              [
                34.2258131,
                53.2988346
              ],
              [
                34.2258936,
                53.2992194
              ],
              [
                34.2260975,
                53.2996169
              ],
              [
                34.2263174,
                53.2999631
              ],
              [
                34.2264891,
                53.3001683
              ],
              [
                34.2269289,
                53.3004985
              ],
              [
                34.227857,
                53.3011076
              ],
              [
                34.2285007,
                53.3016109
              ],
              [
                34.2291713,
                53.3019988
              ],
              [
                34.2296863,
                53.3019892
              ],
              [
                34.2302817,
                53.3018321
              ],
              [
                34.2296219,
                53.3013801
              ],
              [
                34.2290318,
                53.3011269
              ],
              [
                34.2288816,
                53.3011108
              ],
              [
                34.2283076,
                53.3007806
              ],
              [
                34.2281628,
                53.3006236
              ],
              [
                34.2280126,
                53.3004857
              ],
              [
                34.2276424,
                53.3001908
              ],
              [
                34.2272937,
                53.2998285
              ],
              [
                34.2270255,
                53.2994245
              ],
              [
                34.2268968,
                53.2990719
              ],
              [
                34.2268833,
                53.2987337
              ],
              [
                34.2270255,
                53.2985525
              ],
              [
                34.227224,
                53.2984275
              ],
              [
                34.2281038,
                53.2979947
              ],
              [
                34.2285973,
                53.2977093
              ],
              [
                34.228844,
                53.2972765
              ],
              [
                34.2291552,
                53.2970425
              ],
              [
                34.2295629,
                53.2967795
              ],
              [
                34.230507,
                53.2963932
              ],
              [
                34.2320412,
                53.295465
              ],
              [
                34.2322853,
                53.2952117
              ],
              [
                34.2327172,
                53.294859
              ],
              [
                34.2331597,
                53.2945544
              ],
              [
                34.2336827,
                53.2942755
              ],
              [
                34.2338464,
                53.2942194
              ],
              [
                34.2337793,
                53.29416
              ],
              [
                34.234238,
                53.2939596
              ],
              [
                34.2340904,
                53.2938394
              ],
              [
                34.234761,
                53.2935284
              ],
              [
                34.2352599,
                53.2935508
              ],
              [
                34.2355388,
                53.2934899
              ],
              [
                34.2358822,
                53.2933617
              ],
              [
                34.2362791,
                53.2931805
              ],
              [
                34.2361799,
                53.2930458
              ],
              [
                34.2364669,
                53.29294
              ],
              [
                34.235791,
                53.2922137
              ],
              [
                34.2354369,
                53.2923228
              ],
              [
                34.2356086,
                53.2919123
              ],
              [
                34.2360055,
                53.2916943
              ],
              [
                34.2372072,
                53.291271
              ],
              [
                34.2371321,
                53.2909888
              ],
              [
                34.2368531,
                53.2907836
              ],
              [
                34.2350131,
                53.2898216
              ],
              [
                34.2340851,
                53.2897318
              ],
              [
                34.2319822,
                53.2897062
              ],
              [
                34.2302656,
                53.2898088
              ],
              [
                34.2288977,
                53.2900653
              ],
              [
                34.2285383,
                53.2897639
              ],
              [
                34.2273688,
                53.2891322
              ],
              [
                34.2292839,
                53.2876186
              ],
              [
                34.2300081,
                53.2870766
              ],
              [
                34.2308396,
                53.2864449
              ],
              [
                34.2342675,
                53.2877853
              ],
              [
                34.23747,
                53.2890264
              ],
              [
                34.2401308,
                53.2900814
              ],
              [
                34.2406243,
                53.2902866
              ],
              [
                34.2418259,
                53.2910915
              ],
              [
                34.2425233,
                53.2916013
              ],
              [
                34.2431134,
                53.2919989
              ],
              [
                34.2441629,
                53.2925469
              ],
              [
                34.2442936,
                53.2926178
              ],
              [
                34.2457527,
                53.2933745
              ],
              [
                34.2463052,
                53.2936663
              ],
              [
                34.2472815,
                53.2940286
              ],
              [
                34.2483598,
                53.2942851
              ],
              [
                34.2489445,
                53.2944101
              ],
              [
                34.2497975,
                53.2945256
              ],
              [
                34.2514658,
                53.2946218
              ],
              [
                34.2526299,
                53.2946121
              ],
              [
                34.2546523,
                53.2946506
              ],
              [
                34.2565137,
                53.2947179
              ],
              [
                34.2578334,
                53.2947468
              ],
              [
                34.25863,
                53.2948189
              ],
              [
                34.2589948,
                53.2949119
              ],
              [
                34.2592737,
                53.2950049
              ],
              [
                34.2594574,
                53.2949111
              ],
              [
                34.2588392,
                53.2947163
              ],
              [
                34.258233,
                53.2946025
              ],
              [
                34.2572057,
                53.2945769
              ],
              [
                34.2559022,
                53.2945384
              ],
              [
                34.2545986,
                53.2945095
              ],
              [
                34.2528659,
                53.2944646
              ],
              [
                34.2513692,
                53.2944294
              ],
              [
                34.2505914,
                53.2944165
              ],
              [
                34.2496097,
                53.2943268
              ],
              [
                34.2483866,
                53.2941504
              ],
              [
                34.2473459,
                53.2938779
              ],
              [
                34.2463267,
                53.2934675
              ],
              [
                34.244492,
                53.2924735
              ],
              [
                34.243328,
                53.291829
              ],
              [
                34.2418098,
                53.2908413
              ],
              [
                34.2405921,
                53.2900974
              ],
              [
                34.2407879,
                53.2899547
              ],
              [
                34.2409193,
                53.2900285
              ],
              [
                34.2414075,
                53.2897062
              ],
              [
                34.241319,
                53.2896533
              ],
              [
                34.2416006,
                53.2894849
              ],
              [
                34.242534,
                53.2896004
              ],
              [
                34.2427862,
                53.2894016
              ],
              [
                34.2436767,
                53.2899691
              ],
              [
                34.2440307,
                53.2902834
              ],
              [
                34.244256,
                53.2906041
              ],
              [
                34.2442828,
                53.2907836
              ],
              [
                34.2439288,
                53.2909696
              ],
              [
                34.2441648,
                53.2910434
              ],
              [
                34.2443472,
                53.2909215
              ],
              [
                34.2447871,
                53.291069
              ],
              [
                34.2451519,
                53.2908894
              ],
              [
                34.2455542,
                53.2908894
              ],
              [
                34.2458546,
                53.2910049
              ],
              [
                34.246096,
                53.2910017
              ],
              [
                34.2462784,
                53.2909151
              ],
              [
                34.2469436,
                53.2908317
              ],
              [
                34.2469114,
                53.2905624
              ],
              [
                34.2469758,
                53.2904758
              ],
              [
                34.2472815,
                53.2903187
              ],
              [
                34.2475766,
                53.2903507
              ],
              [
                34.2483866,
                53.2904469
              ],
              [
                34.2487943,
                53.2904694
              ],
              [
                34.2499423,
                53.2903443
              ],
              [
                34.2506236,
                53.2902674
              ],
              [
                34.2508596,
                53.2903219
              ],
              [
                34.2510527,
                53.290386
              ],
              [
                34.2514658,
                53.2902994
              ],
              [
                34.2515516,
                53.2905816
              ],
              [
                34.2513692,
                53.2907099
              ],
              [
                34.2509562,
                53.2908253
              ],
              [
                34.2511868,
                53.2911331
              ],
              [
                34.2516267,
                53.290944
              ],
              [
                34.251734,
                53.2908894
              ],
              [
                34.2518681,
                53.2908638
              ],
              [
                34.2520237,
                53.290944
              ],
              [
                34.25219,
                53.2910401
              ],
              [
                34.2522812,
                53.2910369
              ],
              [
                34.2522758,
                53.290944
              ],
              [
                34.252249,
                53.2907035
              ],
              [
                34.2522222,
                53.290479
              ],
              [
                34.2523187,
                53.2903187
              ],
              [
                34.2526942,
                53.2903122
              ],
              [
                34.2527103,
                53.2903988
              ],
              [
                34.2537081,
                53.2903603
              ],
              [
                34.2546308,
                53.2903636
              ],
              [
                34.254604,
                53.2904918
              ],
              [
                34.2549527,
                53.2904918
              ],
              [
                34.2556822,
                53.2905303
              ],
              [
                34.2562294,
                53.2907419
              ],
              [
                34.2569375,
                53.2910882
              ],
              [
                34.2568678,
                53.2912165
              ],
              [
                34.257077,
                53.2913544
              ],
              [
                34.2580211,
                53.2916863
              ],
              [
                34.2591315,
                53.2910049
              ],
              [
                34.2600301,
                53.2908157
              ],
              [
                34.2601052,
                53.2907916
              ],
              [
                34.261752,
                53.2900236
              ],
              [
                34.2641526,
                53.2894914
              ],
              [
                34.2683208,
                53.2886608
              ],
              [
                34.272033,
                53.286153
              ],
              [
                34.2754286,
                53.284309
              ],
              [
                34.277553,
                53.2832474
              ],
              [
                34.2814458,
                53.2832599
              ],
              [
                34.2814457,
                53.2832519
              ]
            ]
          ]
        ]
      },
      "id": "relation/5518628"
    },
    {
      "type": "Feature",
      "properties": {
        "@id": "relation/5518648",
        "admin_level": "9",
        "boundary": "administrative",
        "name": "Советский район",
        "name:uk": "Радянський район",
        "type": "boundary",
        "wikidata": "Q4426454",
        "wikipedia": "ru:Советский район (Брянск)"
      },
      "geometry": {
        "type": "MultiPolygon",
        "coordinates": [
          [
            [
              [
                34.2600452,
                53.2719631
              ],
              [
                34.2685402,
                53.2700845
              ],
              [
                34.2784586,
                53.2678911
              ],
              [
                34.2840227,
                53.2666605
              ],
              [
                34.2842915,
                53.2670952
              ],
              [
                34.2848184,
                53.2679475
              ],
              [
                34.2850864,
                53.268381
              ],
              [
                34.2844053,
                53.2685316
              ],
              [
                34.2810048,
                53.2692836
              ],
              [
                34.2751964,
                53.2705681
              ],
              [
                34.2754591,
                53.270993
              ],
              [
                34.2756191,
                53.2712517
              ],
              [
                34.2761708,
                53.2721439
              ],
              [
                34.2620833,
                53.275259
              ],
              [
                34.2600452,
                53.2719631
              ]
            ]
          ],
          [
            [
              [
                34.3440182,
                53.2826549
              ],
              [
                34.3438744,
                53.2805414
              ],
              [
                34.3395336,
                53.2786074
              ],
              [
                34.337883,
                53.2777942
              ],
              [
                34.3334146,
                53.2785833
              ],
              [
                34.3328658,
                53.2776224
              ],
              [
                34.3321571,
                53.2778086
              ],
              [
                34.3318,
                53.2780439
              ],
              [
                34.3307777,
                53.2783445
              ],
              [
                34.3263481,
                53.2784777
              ],
              [
                34.3246981,
                53.2781814
              ],
              [
                34.3244318,
                53.2779966
              ],
              [
                34.3215071,
                53.2778623
              ],
              [
                34.3199179,
                53.2777893
              ],
              [
                34.3174321,
                53.2776217
              ],
              [
                34.3170203,
                53.2775428
              ],
              [
                34.3166879,
                53.2774573
              ],
              [
                34.3118408,
                53.2759319
              ],
              [
                34.3103599,
                53.2742411
              ],
              [
                34.3104047,
                53.2735447
              ],
              [
                34.3096268,
                53.2715461
              ],
              [
                34.3095302,
                53.2709558
              ],
              [
                34.3098307,
                53.2705131
              ],
              [
                34.3102384,
                53.2700896
              ],
              [
                34.3109679,
                53.2696469
              ],
              [
                34.3111825,
                53.2694608
              ],
              [
                34.3117404,
                53.2685112
              ],
              [
                34.3130278,
                53.2671958
              ],
              [
                34.3138003,
                53.2662268
              ],
              [
                34.3135536,
                53.2656044
              ],
              [
                34.3130922,
                53.2650333
              ],
              [
                34.3125504,
                53.2644429
              ],
              [
                34.3114132,
                53.264045
              ],
              [
                34.3108284,
                53.263891
              ],
              [
                34.3100721,
                53.263599
              ],
              [
                34.309026,
                53.2631979
              ],
              [
                34.3081819,
                53.2627338
              ],
              [
                34.3073899,
                53.2623187
              ],
              [
                34.307642,
                53.2621711
              ],
              [
                34.3074542,
                53.2620524
              ],
              [
                34.3085271,
                53.261324
              ],
              [
                34.3096751,
                53.2606309
              ],
              [
                34.3116116,
                53.2597774
              ],
              [
                34.3134463,
                53.259142
              ],
              [
                34.3152058,
                53.2588018
              ],
              [
                34.3163348,
                53.2585714
              ],
              [
                34.3193579,
                53.2579546
              ],
              [
                34.3226892,
                53.2572711
              ],
              [
                34.3240035,
                53.257024
              ],
              [
                34.3251407,
                53.2567897
              ],
              [
                34.3260097,
                53.2565555
              ],
              [
                34.3257952,
                53.2561158
              ],
              [
                34.3253231,
                53.2551948
              ],
              [
                34.3253804,
                53.2548066
              ],
              [
                34.3252823,
                53.2548027
              ],
              [
                34.3253365,
                53.2546123
              ],
              [
                34.3245479,
                53.254516
              ],
              [
                34.3245815,
                53.2544426
              ],
              [
                34.3223521,
                53.2541241
              ],
              [
                34.3205707,
                53.2541067
              ],
              [
                34.3204415,
                53.2533751
              ],
              [
                34.3188965,
                53.2534104
              ],
              [
                34.3188912,
                53.2535002
              ],
              [
                34.3180543,
                53.2535099
              ],
              [
                34.3153399,
                53.253497
              ],
              [
                34.3152541,
                53.2530381
              ],
              [
                34.3142402,
                53.2529963
              ],
              [
                34.3141597,
                53.2524026
              ],
              [
                34.3139183,
                53.2522999
              ],
              [
                34.3127972,
                53.252117
              ],
              [
                34.311853,
                53.2521234
              ],
              [
                34.310587,
                53.2511958
              ],
              [
                34.3107426,
                53.2509583
              ],
              [
                34.3109894,
                53.2509391
              ],
              [
                34.3110967,
                53.2508171
              ],
              [
                34.31144,
                53.2506951
              ],
              [
                34.3122125,
                53.2507336
              ],
              [
                34.3125772,
                53.2507015
              ],
              [
                34.3125987,
                53.2505924
              ],
              [
                34.3125236,
                53.2502843
              ],
              [
                34.3132102,
                53.2499954
              ],
              [
                34.3132102,
                53.2496359
              ],
              [
                34.3164825,
                53.247357
              ],
              [
                34.3183494,
                53.246118
              ],
              [
                34.3201625,
                53.2448918
              ],
              [
                34.3197959,
                53.2443434
              ],
              [
                34.3181133,
                53.241826
              ],
              [
                34.3157101,
                53.2418678
              ],
              [
                34.3146533,
                53.241871
              ],
              [
                34.3135804,
                53.2416912
              ],
              [
                34.3133604,
                53.2412899
              ],
              [
                34.3124753,
                53.2396398
              ],
              [
                34.313001,
                53.2395595
              ],
              [
                34.3134409,
                53.2394728
              ],
              [
                34.3134087,
                53.2394151
              ],
              [
                34.3139291,
                53.2393252
              ],
              [
                34.3135321,
                53.2385514
              ],
              [
                34.3128347,
                53.2372865
              ],
              [
                34.3124217,
                53.2364902
              ],
              [
                34.3149215,
                53.2358047
              ],
              [
                34.3150073,
                53.2357261
              ],
              [
                34.3150234,
                53.2356041
              ],
              [
                34.3149215,
                53.2352027
              ],
              [
                34.3149698,
                53.2349394
              ],
              [
                34.3150985,
                53.2346569
              ],
              [
                34.3142992,
                53.2344097
              ],
              [
                34.3125343,
                53.233867
              ],
              [
                34.3120247,
                53.2336037
              ],
              [
                34.3110082,
                53.2329535
              ],
              [
                34.3109545,
                53.2328781
              ],
              [
                34.3114051,
                53.232695
              ],
              [
                34.3112469,
                53.2325698
              ],
              [
                34.3110725,
                53.2324173
              ],
              [
                34.3108767,
                53.2321813
              ],
              [
                34.3105495,
                53.2320753
              ],
              [
                34.3095732,
                53.2316611
              ],
              [
                34.3083823,
                53.2309707
              ],
              [
                34.3071699,
                53.2304313
              ],
              [
                34.3064189,
                53.2302257
              ],
              [
                34.3060005,
                53.2301551
              ],
              [
                34.3069553,
                53.2291018
              ],
              [
                34.3081811,
                53.2281979
              ],
              [
                34.3081489,
                53.2278414
              ],
              [
                34.3073845,
                53.2274833
              ],
              [
                34.3132925,
                53.2257347
              ],
              [
                34.3166542,
                53.224805
              ],
              [
                34.3167642,
                53.2247359
              ],
              [
                34.3169922,
                53.2245834
              ],
              [
                34.3175125,
                53.2243907
              ],
              [
                34.3182601,
                53.224178
              ],
              [
                34.3178179,
                53.2239595
              ],
              [
                34.3176681,
                53.2237998
              ],
              [
                34.3176439,
                53.2236793
              ],
              [
                34.3177298,
                53.2233999
              ],
              [
                34.3174776,
                53.2231092
              ],
              [
                34.317365,
                53.2231301
              ],
              [
                34.3171906,
                53.2228234
              ],
              [
                34.317129,
                53.2227399
              ],
              [
                34.316154,
                53.2230557
              ],
              [
                34.316197,
                53.2211332
              ],
              [
                34.3151697,
                53.2205429
              ],
              [
                34.3151629,
                53.2201416
              ],
              [
                34.3159783,
                53.2201191
              ],
              [
                34.3161017,
                53.2198782
              ],
              [
                34.3173999,
                53.2197593
              ],
              [
                34.3182984,
                53.2196549
              ],
              [
                34.3183333,
                53.2196116
              ],
              [
                34.3179631,
                53.2193289
              ],
              [
                34.3185853,
                53.2191378
              ],
              [
                34.3187624,
                53.2192197
              ],
              [
                34.3191782,
                53.2192679
              ],
              [
                34.3195403,
                53.2193064
              ],
              [
                34.3197978,
                53.2192101
              ],
              [
                34.3207687,
                53.2187572
              ],
              [
                34.3215519,
                53.2184167
              ],
              [
                34.3219167,
                53.2180795
              ],
              [
                34.3231827,
                53.2168396
              ],
              [
                34.3237728,
                53.2170917
              ],
              [
                34.3231827,
                53.2176458
              ],
              [
                34.3242127,
                53.2180473
              ],
              [
                34.3244836,
                53.2180682
              ],
              [
                34.3247545,
                53.218057
              ],
              [
                34.3255752,
                53.2181212
              ],
              [
                34.326455,
                53.2181212
              ],
              [
                34.3301323,
                53.2181501
              ],
              [
                34.3304569,
                53.2181357
              ],
              [
                34.3306392,
                53.2181646
              ],
              [
                34.3307519,
                53.2182272
              ],
              [
                34.3312454,
                53.2185131
              ],
              [
                34.3315566,
                53.2185838
              ],
              [
                34.3320072,
                53.2185934
              ],
              [
                34.3327421,
                53.2185966
              ],
              [
                34.3328145,
                53.2186335
              ],
              [
                34.3325919,
                53.2197545
              ],
              [
                34.3336165,
                53.2199135
              ],
              [
                34.3351561,
                53.2203054
              ],
              [
                34.33676,
                53.2205527
              ],
              [
                34.338305,
                53.2206298
              ],
              [
                34.3425429,
                53.2202668
              ],
              [
                34.3462658,
                53.2196758
              ],
              [
                34.3468291,
                53.2198075
              ],
              [
                34.3486798,
                53.2195634
              ],
              [
                34.3496239,
                53.2194317
              ],
              [
                34.351303,
                53.2194221
              ],
              [
                34.3520808,
                53.2189596
              ],
              [
                34.3524885,
                53.218966
              ],
              [
                34.3528533,
                53.2189371
              ],
              [
                34.3530357,
                53.2188504
              ],
              [
                34.3531966,
                53.2186737
              ],
              [
                34.3537384,
                53.218587
              ],
              [
                34.3541032,
                53.2185613
              ],
              [
                34.354645,
                53.2180538
              ],
              [
                34.3545699,
                53.217572
              ],
              [
                34.3557722,
                53.2170613
              ],
              [
                34.3572106,
                53.2174911
              ],
              [
                34.3580253,
                53.2176467
              ],
              [
                34.3599129,
                53.2182272
              ],
              [
                34.3610608,
                53.2197561
              ],
              [
                34.362815,
                53.2219218
              ],
              [
                34.3656205,
                53.2243261
              ],
              [
                34.3673108,
                53.2248328
              ],
              [
                34.3678169,
                53.2254735
              ],
              [
                34.3676507,
                53.2257153
              ],
              [
                34.3671894,
                53.2261732
              ],
              [
                34.3679094,
                53.2272607
              ],
              [
                34.3683886,
                53.2282669
              ],
              [
                34.3688352,
                53.2307355
              ],
              [
                34.3698921,
                53.2330991
              ],
              [
                34.3708791,
                53.2341908
              ],
              [
                34.3712977,
                53.234173
              ],
              [
                34.3717772,
                53.234172
              ],
              [
                34.3720561,
                53.2341218
              ],
              [
                34.3723997,
                53.2341138
              ],
              [
                34.3729348,
                53.2342239
              ],
              [
                34.3736602,
                53.2346328
              ],
              [
                34.3737966,
                53.2347717
              ],
              [
                34.3738417,
                53.2349388
              ],
              [
                34.3739248,
                53.2350734
              ],
              [
                34.3740676,
                53.2351675
              ],
              [
                34.3744115,
                53.2352932
              ],
              [
                34.3747485,
                53.2353567
              ],
              [
                34.3752347,
                53.2353493
              ],
              [
                34.3755243,
                53.2353767
              ],
              [
                34.3757742,
                53.2353829
              ],
              [
                34.3760729,
                53.2353356
              ],
              [
                34.3762859,
                53.2352522
              ],
              [
                34.3792148,
                53.2396727
              ],
              [
                34.3852309,
                53.2391859
              ],
              [
                34.38651,
                53.2390782
              ],
              [
                34.3866356,
                53.2390676
              ],
              [
                34.3884379,
                53.2389348
              ],
              [
                34.3890092,
                53.2389008
              ],
              [
                34.3895823,
                53.2388922
              ],
              [
                34.3904974,
                53.238954
              ],
              [
                34.3913249,
                53.2391853
              ],
              [
                34.3922811,
                53.2394872
              ],
              [
                34.3927998,
                53.2398662
              ],
              [
                34.3937402,
                53.2404949
              ],
              [
                34.3938464,
                53.2405659
              ],
              [
                34.3956907,
                53.2420322
              ],
              [
                34.3968455,
                53.2428823
              ],
              [
                34.3994339,
                53.2447878
              ],
              [
                34.4003881,
                53.2454902
              ],
              [
                34.4011763,
                53.246059
              ],
              [
                34.4056288,
                53.2494254
              ],
              [
                34.4058446,
                53.2496144
              ],
              [
                34.4088184,
                53.2515739
              ],
              [
                34.4112035,
                53.2534235
              ],
              [
                34.411326,
                53.2535239
              ],
              [
                34.4118711,
                53.2539711
              ],
              [
                34.41255,
                53.2547561
              ],
              [
                34.4126869,
                53.255151
              ],
              [
                34.4126888,
                53.2551821
              ],
              [
                34.412703,
                53.2554132
              ],
              [
                34.4126992,
                53.2555921
              ],
              [
                34.4126652,
                53.2558024
              ],
              [
                34.4123891,
                53.2558444
              ],
              [
                34.3921336,
                53.2582394
              ],
              [
                34.3952365,
                53.2608171
              ],
              [
                34.3932337,
                53.2605584
              ],
              [
                34.3898735,
                53.2604539
              ],
              [
                34.3867193,
                53.2632648
              ],
              [
                34.3838439,
                53.2660755
              ],
              [
                34.3822371,
                53.2687319
              ],
              [
                34.3808234,
                53.2695057
              ],
              [
                34.3781948,
                53.2710777
              ],
              [
                34.3740803,
                53.2734612
              ],
              [
                34.367584,
                53.2758062
              ],
              [
                34.3663848,
                53.2765803
              ],
              [
                34.3660923,
                53.2773381
              ],
              [
                34.3655638,
                53.2781278
              ],
              [
                34.3645021,
                53.2784675
              ],
              [
                34.3632546,
                53.2784415
              ],
              [
                34.3620238,
                53.2785445
              ],
              [
                34.3603738,
                53.2789913
              ],
              [
                34.3591545,
                53.2796813
              ],
              [
                34.3578235,
                53.2795215
              ],
              [
                34.3545619,
                53.2795102
              ],
              [
                34.3518679,
                53.2801979
              ],
              [
                34.3508271,
                53.2803917
              ],
              [
                34.3474428,
                53.281614
              ],
              [
                34.3440182,
                53.2826549
              ]
            ]
          ]
        ]
      },
      "id": "relation/5518648"
    },
    {
      "type": "Feature",
      "properties": {
        "@id": "relation/5518657",
        "admin_level": "9",
        "boundary": "administrative",
        "name": "Фокинский район",
        "name:uk": "Фокінський район",
        "type": "boundary",
        "wikidata": "Q4491358",
        "wikipedia": "ru:Фокинский район (Брянск)"
      },
      "geometry": {
        "type": "MultiPolygon",
        "coordinates": [
          [
            [
              [
                34.6066868,
                53.1952164
              ],
              [
                34.6062899,
                53.1951328
              ],
              [
                34.6050239,
                53.1953256
              ],
              [
                34.6046698,
                53.1945029
              ],
              [
                34.6043694,
                53.1933395
              ],
              [
                34.6040475,
                53.1924846
              ],
              [
                34.6035647,
                53.1925681
              ],
              [
                34.6031463,
                53.1917389
              ],
              [
                34.6048736,
                53.1914689
              ],
              [
                34.6048951,
                53.1916232
              ],
              [
                34.6052706,
                53.19162
              ],
              [
                34.606204,
                53.1937509
              ],
              [
                34.6067619,
                53.1950364
              ],
              [
                34.6066332,
                53.1950492
              ],
              [
                34.6066868,
                53.1952164
              ]
            ]
          ],
          [
            [
              [
                34.6064186,
                53.1932013
              ],
              [
                34.610222,
                53.1928574
              ],
              [
                34.6105975,
                53.1953899
              ],
              [
                34.6083444,
                53.1956213
              ],
              [
                34.6085161,
                53.1960005
              ],
              [
                34.6080547,
                53.1961098
              ],
              [
                34.6080655,
                53.1962512
              ],
              [
                34.6077007,
                53.196309
              ],
              [
                34.6064186,
                53.1932013
              ]
            ]
          ],
          [
            [
              [
                34.4482559,
                53.2417675
              ],
              [
                34.4465698,
                53.2421388
              ],
              [
                34.4452913,
                53.2421956
              ],
              [
                34.4443273,
                53.242037
              ],
              [
                34.4438205,
                53.2419726
              ],
              [
                34.4433619,
                53.2420159
              ],
              [
                34.4424022,
                53.2420823
              ],
              [
                34.4414537,
                53.2419806
              ],
              [
                34.4406088,
                53.241543
              ],
              [
                34.4400525,
                53.2410034
              ],
              [
                34.4396905,
                53.2404188
              ],
              [
                34.4394678,
                53.2401199
              ],
              [
                34.4391331,
                53.2398733
              ],
              [
                34.4384362,
                53.2395969
              ],
              [
                34.4380688,
                53.2392315
              ],
              [
                34.4379282,
                53.2388267
              ],
              [
                34.4375452,
                53.238487
              ],
              [
                34.4371203,
                53.2383925
              ],
              [
                34.436909,
                53.2383865
              ],
              [
                34.4367099,
                53.2384166
              ],
              [
                34.436518,
                53.2384944
              ],
              [
                34.4362931,
                53.2386536
              ],
              [
                34.4360957,
                53.2388404
              ],
              [
                34.4358596,
                53.239017
              ],
              [
                34.4356692,
                53.2391012
              ],
              [
                34.435409,
                53.2391678
              ],
              [
                34.4349879,
                53.2392465
              ],
              [
                34.4345073,
                53.2393247
              ],
              [
                34.4340759,
                53.2393573
              ],
              [
                34.4334617,
                53.2393285
              ],
              [
                34.4331667,
                53.2392915
              ],
              [
                34.4330111,
                53.2392577
              ],
              [
                34.4329034,
                53.2391847
              ],
              [
                34.4328555,
                53.2391133
              ],
              [
                34.4328153,
                53.239033
              ],
              [
                34.4327697,
                53.2389383
              ],
              [
                34.4326973,
                53.2388966
              ],
              [
                34.4323841,
                53.2387246
              ],
              [
                34.4321877,
                53.2386156
              ],
              [
                34.4319314,
                53.2385246
              ],
              [
                34.4316566,
                53.2384712
              ],
              [
                34.4313079,
                53.2384455
              ],
              [
                34.4308975,
                53.2384462
              ],
              [
                34.4304442,
                53.2384359
              ],
              [
                34.4303262,
                53.2384551
              ],
              [
                34.4301814,
                53.2385386
              ],
              [
                34.4300463,
                53.2385663
              ],
              [
                34.4294143,
                53.2385486
              ],
              [
                34.4289476,
                53.2384872
              ],
              [
                34.4285828,
                53.2384423
              ],
              [
                34.428336,
                53.2384359
              ],
              [
                34.4280139,
                53.2384473
              ],
              [
                34.4271574,
                53.2384215
              ],
              [
                34.4267391,
                53.2382799
              ],
              [
                34.4263132,
                53.2381005
              ],
              [
                34.4262376,
                53.2378761
              ],
              [
                34.4262998,
                53.2375861
              ],
              [
                34.4267831,
                53.2370403
              ],
              [
                34.4269891,
                53.236674
              ],
              [
                34.4267413,
                53.2362768
              ],
              [
                34.4261898,
                53.2359243
              ],
              [
                34.4255472,
                53.2357374
              ],
              [
                34.4250129,
                53.2356029
              ],
              [
                34.4237018,
                53.2352751
              ],
              [
                34.4227162,
                53.2352022
              ],
              [
                34.4215871,
                53.2352093
              ],
              [
                34.4209997,
                53.2352497
              ],
              [
                34.420488,
                53.2351939
              ],
              [
                34.4189538,
                53.2348651
              ],
              [
                34.4181559,
                53.2348024
              ],
              [
                34.4161745,
                53.2345459
              ],
              [
                34.4154304,
                53.2344278
              ],
              [
                34.4147502,
                53.2341581
              ],
              [
                34.4141993,
                53.2338235
              ],
              [
                34.4134048,
                53.2334064
              ],
              [
                34.4127074,
                53.2331755
              ],
              [
                34.4119242,
                53.2330924
              ],
              [
                34.411214,
                53.2332012
              ],
              [
                34.4110402,
                53.2333752
              ],
              [
                34.410456,
                53.2337798
              ],
              [
                34.4098171,
                53.2338594
              ],
              [
                34.4087775,
                53.2341182
              ],
              [
                34.4080436,
                53.2346554
              ],
              [
                34.4075834,
                53.2355548
              ],
              [
                34.4074009,
                53.2356789
              ],
              [
                34.4071383,
                53.2357948
              ],
              [
                34.4066313,
                53.235965
              ],
              [
                34.406165,
                53.2360607
              ],
              [
                34.4056712,
                53.236103
              ],
              [
                34.4049587,
                53.2360779
              ],
              [
                34.4046006,
                53.2360825
              ],
              [
                34.4042857,
                53.2361514
              ],
              [
                34.4038977,
                53.2361942
              ],
              [
                34.4037319,
                53.2362934
              ],
              [
                34.4035548,
                53.2364564
              ],
              [
                34.4033529,
                53.2365682
              ],
              [
                34.4031273,
                53.2366315
              ],
              [
                34.4028846,
                53.2367209
              ],
              [
                34.4028272,
                53.2368859
              ],
              [
                34.4028128,
                53.2371983
              ],
              [
                34.4022742,
                53.2374901
              ],
              [
                34.4018633,
                53.2375784
              ],
              [
                34.4008853,
                53.2381284
              ],
              [
                34.4003387,
                53.2384983
              ],
              [
                34.3997792,
                53.2387872
              ],
              [
                34.3995021,
                53.2388468
              ],
              [
                34.3992395,
                53.2388325
              ],
              [
                34.3990373,
                53.2387635
              ],
              [
                34.3989133,
                53.2386715
              ],
              [
                34.3987778,
                53.2384481
              ],
              [
                34.3987496,
                53.238279
              ],
              [
                34.398763,
                53.2381547
              ],
              [
                34.3986926,
                53.2380503
              ],
              [
                34.3984753,
                53.2379051
              ],
              [
                34.3982696,
                53.2378263
              ],
              [
                34.3980791,
                53.2377728
              ],
              [
                34.3978705,
                53.2377669
              ],
              [
                34.3976543,
                53.2378332
              ],
              [
                34.3974836,
                53.2379148
              ],
              [
                34.39726,
                53.2380065
              ],
              [
                34.3970144,
                53.238043
              ],
              [
                34.3966123,
                53.2379963
              ],
              [
                34.3963037,
                53.2379267
              ],
              [
                34.3960714,
                53.2378468
              ],
              [
                34.3957265,
                53.2376565
              ],
              [
                34.3954308,
                53.2375492
              ],
              [
                34.3951664,
                53.2375197
              ],
              [
                34.394779,
                53.237503
              ],
              [
                34.39405,
                53.2373187
              ],
              [
                34.3928269,
                53.2367039
              ],
              [
                34.3920074,
                53.2363921
              ],
              [
                34.3915656,
                53.236188
              ],
              [
                34.3906791,
                53.2358419
              ],
              [
                34.3901543,
                53.2355509
              ],
              [
                34.3897007,
                53.2353717
              ],
              [
                34.389256,
                53.2352226
              ],
              [
                34.3886684,
                53.2349193
              ],
              [
                34.3883873,
                53.2348517
              ],
              [
                34.3880411,
                53.2348334
              ],
              [
                34.3878002,
                53.2348713
              ],
              [
                34.3875344,
                53.2349046
              ],
              [
                34.3872636,
                53.2348961
              ],
              [
                34.3869523,
                53.2348712
              ],
              [
                34.386721,
                53.2349014
              ],
              [
                34.3864275,
                53.2349706
              ],
              [
                34.3861954,
                53.2349935
              ],
              [
                34.3859561,
                53.2349706
              ],
              [
                34.3854087,
                53.2348328
              ],
              [
                34.384651,
                53.2345302
              ],
              [
                34.3842429,
                53.234313
              ],
              [
                34.3839361,
                53.2341231
              ],
              [
                34.3838005,
                53.2339232
              ],
              [
                34.3836752,
                53.2337047
              ],
              [
                34.3835209,
                53.2335995
              ],
              [
                34.3834461,
                53.2335059
              ],
              [
                34.3833383,
                53.2331927
              ],
              [
                34.3832767,
                53.2328855
              ],
              [
                34.3831581,
                53.2325976
              ],
              [
                34.38306,
                53.2324832
              ],
              [
                34.382921,
                53.2323856
              ],
              [
                34.3827159,
                53.2323692
              ],
              [
                34.3824394,
                53.2323949
              ],
              [
                34.3821923,
                53.2323903
              ],
              [
                34.3817885,
                53.2323439
              ],
              [
                34.3812529,
                53.2322992
              ],
              [
                34.381043,
                53.2322938
              ],
              [
                34.3808314,
                53.2323167
              ],
              [
                34.3807096,
                53.232405
              ],
              [
                34.3805986,
                53.2326315
              ],
              [
                34.3805652,
                53.2327508
              ],
              [
                34.3806004,
                53.2328564
              ],
              [
                34.3807035,
                53.2329825
              ],
              [
                34.3808416,
                53.2331406
              ],
              [
                34.3808562,
                53.2333746
              ],
              [
                34.3808325,
                53.2335039
              ],
              [
                34.3807414,
                53.2336305
              ],
              [
                34.380536,
                53.2337052
              ],
              [
                34.3803093,
                53.2337447
              ],
              [
                34.3800475,
                53.2337623
              ],
              [
                34.3798042,
                53.2337422
              ],
              [
                34.3794714,
                53.2336675
              ],
              [
                34.3789609,
                53.2334912
              ],
              [
                34.3785388,
                53.2333942
              ],
              [
                34.3776772,
                53.2336716
              ],
              [
                34.3774791,
                53.2337753
              ],
              [
                34.3773316,
                53.2338663
              ],
              [
                34.3773106,
                53.2340284
              ],
              [
                34.3774319,
                53.2342053
              ],
              [
                34.3774185,
                53.2342842
              ],
              [
                34.3773624,
                53.2344204
              ],
              [
                34.3766855,
                53.2350331
              ],
              [
                34.3762859,
                53.2352522
              ],
              [
                34.3760729,
                53.2353356
              ],
              [
                34.3757742,
                53.2353829
              ],
              [
                34.3755243,
                53.2353767
              ],
              [
                34.3752347,
                53.2353493
              ],
              [
                34.3747485,
                53.2353567
              ],
              [
                34.3744115,
                53.2352932
              ],
              [
                34.3740676,
                53.2351675
              ],
              [
                34.3739248,
                53.2350734
              ],
              [
                34.3738417,
                53.2349388
              ],
              [
                34.3737966,
                53.2347717
              ],
              [
                34.3736602,
                53.2346328
              ],
              [
                34.3729348,
                53.2342239
              ],
              [
                34.3723997,
                53.2341138
              ],
              [
                34.3720561,
                53.2341218
              ],
              [
                34.3717772,
                53.234172
              ],
              [
                34.3712977,
                53.234173
              ],
              [
                34.3708791,
                53.2341908
              ],
              [
                34.3698921,
                53.2330991
              ],
              [
                34.3688352,
                53.2307355
              ],
              [
                34.3683886,
                53.2282669
              ],
              [
                34.3679094,
                53.2272607
              ],
              [
                34.3671894,
                53.2261732
              ],
              [
                34.3676507,
                53.2257153
              ],
              [
                34.3678169,
                53.2254735
              ],
              [
                34.3673108,
                53.2248328
              ],
              [
                34.3656205,
                53.2243261
              ],
              [
                34.362815,
                53.2219218
              ],
              [
                34.3610608,
                53.2197561
              ],
              [
                34.3599129,
                53.2182272
              ],
              [
                34.3580253,
                53.2176467
              ],
              [
                34.3572106,
                53.2174911
              ],
              [
                34.3557722,
                53.2170613
              ],
              [
                34.3572521,
                53.2164991
              ],
              [
                34.3573165,
                53.2162421
              ],
              [
                34.3572521,
                53.2159916
              ],
              [
                34.3573165,
                53.2158053
              ],
              [
                34.3574667,
                53.2155868
              ],
              [
                34.357456,
                53.2153877
              ],
              [
                34.3573165,
                53.2152206
              ],
              [
                34.3571448,
                53.2151114
              ],
              [
                34.3573916,
                53.2143533
              ],
              [
                34.3576383,
                53.2141349
              ],
              [
                34.3578851,
                53.2138201
              ],
              [
                34.3579709,
                53.2133896
              ],
              [
                34.3581211,
                53.2129334
              ],
              [
                34.358561,
                53.2127021
              ],
              [
                34.3599987,
                53.2123295
              ],
              [
                34.361372,
                53.2119954
              ],
              [
                34.3627024,
                53.2116934
              ],
              [
                34.3638182,
                53.2115007
              ],
              [
                34.3643331,
                53.2115842
              ],
              [
                34.3646121,
                53.2116934
              ],
              [
                34.3649232,
                53.2120018
              ],
              [
                34.3650734,
                53.2123616
              ],
              [
                34.3653202,
                53.2126957
              ],
              [
                34.3656099,
                53.2128692
              ],
              [
                34.3661785,
                53.2129206
              ],
              [
                34.3666935,
                53.2129206
              ],
              [
                34.3668973,
                53.2126893
              ],
              [
                34.3669188,
                53.2123937
              ],
              [
                34.3675947,
                53.2120789
              ],
              [
                34.3679809,
                53.2118733
              ],
              [
                34.3682599,
                53.2112694
              ],
              [
                34.3691075,
                53.2105819
              ],
              [
                34.3722081,
                53.2083073
              ],
              [
                34.3725997,
                53.2086125
              ],
              [
                34.3745846,
                53.2086543
              ],
              [
                34.3745202,
                53.2083587
              ],
              [
                34.3747884,
                53.2082655
              ],
              [
                34.3757369,
                53.2081237
              ],
              [
                34.3763387,
                53.2079699
              ],
              [
                34.376682,
                53.207835
              ],
              [
                34.3723261,
                53.2062446
              ],
              [
                34.3723154,
                53.2057113
              ],
              [
                34.3721437,
                53.2050622
              ],
              [
                34.3717468,
                53.2042011
              ],
              [
                34.3711352,
                53.2035778
              ],
              [
                34.3730128,
                53.2036099
              ],
              [
                34.3750083,
                53.2037641
              ],
              [
                34.377476,
                53.2023182
              ],
              [
                34.3770575,
                53.2018298
              ],
              [
                34.3777764,
                53.2016177
              ],
              [
                34.3773687,
                53.2012064
              ],
              [
                34.3771756,
                53.20102
              ],
              [
                34.3781412,
                53.2009815
              ],
              [
                34.3786883,
                53.2007694
              ],
              [
                34.3790209,
                53.2006409
              ],
              [
                34.3794715,
                53.2003195
              ],
              [
                34.3808824,
                53.1999436
              ],
              [
                34.3810487,
                53.1998215
              ],
              [
                34.3810111,
                53.1996544
              ],
              [
                34.3812096,
                53.1994101
              ],
              [
                34.381156,
                53.198806
              ],
              [
                34.3815046,
                53.1982083
              ],
              [
                34.3818748,
                53.1980026
              ],
              [
                34.3821162,
                53.1978773
              ],
              [
                34.3826956,
                53.1967557
              ],
              [
                34.3835539,
                53.1953385
              ],
              [
                34.3833607,
                53.1950364
              ],
              [
                34.3837738,
                53.1941012
              ],
              [
                34.3839079,
                53.1937669
              ],
              [
                34.3855387,
                53.1931402
              ],
              [
                34.3869442,
                53.1925938
              ],
              [
                34.3864426,
                53.1921455
              ],
              [
                34.3867698,
                53.192033
              ],
              [
                34.3878964,
                53.1915734
              ],
              [
                34.3880331,
                53.1915557
              ],
              [
                34.3883336,
                53.1915284
              ],
              [
                34.3885857,
                53.1915188
              ],
              [
                34.3887493,
                53.191493
              ],
              [
                34.3889478,
                53.1914641
              ],
              [
                34.3891436,
                53.1914609
              ],
              [
                34.3892965,
                53.1914079
              ],
              [
                34.3894494,
                53.1913388
              ],
              [
                34.3895379,
                53.1912391
              ],
              [
                34.3895996,
                53.1910961
              ],
              [
                34.3895781,
                53.191035
              ],
              [
                34.3896157,
                53.1909868
              ],
              [
                34.3898034,
                53.1909322
              ],
              [
                34.3898651,
                53.190937
              ],
              [
                34.3899724,
                53.1909724
              ],
              [
                34.3901467,
                53.19099
              ],
              [
                34.3902594,
                53.1909643
              ],
              [
                34.3903667,
                53.1909338
              ],
              [
                34.390474,
                53.1909627
              ],
              [
                34.3906,
                53.1910077
              ],
              [
                34.3907315,
                53.1910125
              ],
              [
                34.3909514,
                53.1909611
              ],
              [
                34.3912867,
                53.1908663
              ],
              [
                34.3914074,
                53.1909049
              ],
              [
                34.3915334,
                53.1908663
              ],
              [
                34.3917051,
                53.1907972
              ],
              [
                34.3918097,
                53.1907249
              ],
              [
                34.3918607,
                53.1906847
              ],
              [
                34.3919519,
                53.1907024
              ],
              [
                34.3920511,
                53.1907859
              ],
              [
                34.3920833,
                53.1908438
              ],
              [
                34.392086,
                53.1908952
              ],
              [
                34.392027,
                53.1909193
              ],
              [
                34.3919197,
                53.1909129
              ],
              [
                34.391697,
                53.1909081
              ],
              [
                34.3916729,
                53.1909547
              ],
              [
                34.3917453,
                53.1910238
              ],
              [
                34.3917882,
                53.1911202
              ],
              [
                34.3918043,
                53.1911925
              ],
              [
                34.3918473,
                53.1912231
              ],
              [
                34.3919626,
                53.191207
              ],
              [
                34.3920377,
                53.1911652
              ],
              [
                34.3920752,
                53.1911202
              ],
              [
                34.3921664,
                53.1910784
              ],
              [
                34.392322,
                53.1910833
              ],
              [
                34.3924266,
                53.1910736
              ],
              [
                34.3926063,
                53.1910431
              ],
              [
                34.3927941,
                53.1909724
              ],
              [
                34.3929952,
                53.1909209
              ],
              [
                34.3931937,
                53.1908968
              ],
              [
                34.3932903,
                53.1908952
              ],
              [
                34.3933654,
                53.1909209
              ],
              [
                34.39347,
                53.1909081
              ],
              [
                34.3935183,
                53.1908599
              ],
              [
                34.3935102,
                53.1908197
              ],
              [
                34.3934405,
                53.1907635
              ],
              [
                34.3933493,
                53.1907088
              ],
              [
                34.3932313,
                53.1906204
              ],
              [
                34.3931508,
                53.1905577
              ],
              [
                34.3931696,
                53.1904983
              ],
              [
                34.3932259,
                53.1904645
              ],
              [
                34.3933332,
                53.1904838
              ],
              [
                34.3934437,
                53.1905187
              ],
              [
                34.3936041,
                53.1906333
              ],
              [
                34.3937919,
                53.190712
              ],
              [
                34.3939152,
                53.1907554
              ],
              [
                34.3939501,
                53.1908502
              ],
              [
                34.3939796,
                53.1909177
              ],
              [
                34.3940574,
                53.1909579
              ],
              [
                34.3941486,
                53.190982
              ],
              [
                34.3941835,
                53.1909788
              ],
              [
                34.3941835,
                53.1909531
              ],
              [
                34.3941218,
                53.1908952
              ],
              [
                34.3940815,
                53.1907811
              ],
              [
                34.394103,
                53.1907361
              ],
              [
                34.3942291,
                53.1907635
              ],
              [
                34.3943524,
                53.1908084
              ],
              [
                34.3944678,
                53.1908068
              ],
              [
                34.3946341,
                53.1907908
              ],
              [
                34.3947843,
                53.1907827
              ],
              [
                34.3948567,
                53.1908068
              ],
              [
                34.3949103,
                53.190847
              ],
              [
                34.3949103,
                53.1909017
              ],
              [
                34.3950015,
                53.1909322
              ],
              [
                34.3951678,
                53.1909258
              ],
              [
                34.3952376,
                53.1908872
              ],
              [
                34.3953931,
                53.1908374
              ],
              [
                34.3954575,
                53.1908534
              ],
              [
                34.3954816,
                53.1908888
              ],
              [
                34.3954521,
                53.1909499
              ],
              [
                34.3954548,
                53.1909884
              ],
              [
                34.3955058,
                53.191035
              ],
              [
                34.3956023,
                53.191072
              ],
              [
                34.3957177,
                53.1911058
              ],
              [
                34.3957901,
                53.1911106
              ],
              [
                34.3958437,
                53.1910704
              ],
              [
                34.3958652,
                53.1909708
              ],
              [
                34.3958679,
                53.1908615
              ],
              [
                34.3959403,
                53.190757
              ],
              [
                34.3960476,
                53.1907136
              ],
              [
                34.3961388,
                53.1907747
              ],
              [
                34.3961844,
                53.1908534
              ],
              [
                34.3962193,
                53.1909547
              ],
              [
                34.3962166,
                53.1910608
              ],
              [
                34.3958384,
                53.191252
              ],
              [
                34.3957686,
                53.1913291
              ],
              [
                34.3958598,
                53.191395
              ],
              [
                34.3959752,
                53.19144
              ],
              [
                34.3961844,
                53.1914272
              ],
              [
                34.3964258,
                53.1913966
              ],
              [
                34.3965787,
                53.1913259
              ],
              [
                34.3966484,
                53.1912279
              ],
              [
                34.3965867,
                53.1910816
              ],
              [
                34.3965599,
                53.1910045
              ],
              [
                34.3966538,
                53.1908904
              ],
              [
                34.3969059,
                53.1908052
              ],
              [
                34.3970588,
                53.1907956
              ],
              [
                34.397217,
                53.1907988
              ],
              [
                34.3973377,
                53.1908036
              ],
              [
                34.3974584,
                53.1907506
              ],
              [
                34.3975416,
                53.1906799
              ],
              [
                34.3976355,
                53.1906156
              ],
              [
                34.3977722,
                53.1905674
              ],
              [
                34.397901,
                53.1904967
              ],
              [
                34.3979734,
                53.1904195
              ],
              [
                34.3980163,
                53.1903424
              ],
              [
                34.3979976,
                53.1902781
              ],
              [
                34.3978903,
                53.1902395
              ],
              [
                34.3977642,
                53.1902653
              ],
              [
                34.3976837,
                53.1903456
              ],
              [
                34.3976757,
                53.1904131
              ],
              [
                34.397673,
                53.1904694
              ],
              [
                34.3975657,
                53.1905031
              ],
              [
                34.3974477,
                53.1905288
              ],
              [
                34.3972787,
                53.1905786
              ],
              [
                34.3971795,
                53.1905979
              ],
              [
                34.3971071,
                53.1905883
              ],
              [
                34.3970883,
                53.1905481
              ],
              [
                34.3971178,
                53.1905144
              ],
              [
                34.3971124,
                53.1904533
              ],
              [
                34.3972144,
                53.1904131
              ],
              [
                34.397276,
                53.1903295
              ],
              [
                34.3971902,
                53.1902733
              ],
              [
                34.3971929,
                53.1901737
              ],
              [
                34.3972599,
                53.1900837
              ],
              [
                34.3974182,
                53.189968
              ],
              [
                34.3975657,
                53.1899101
              ],
              [
                34.3978044,
                53.1898892
              ],
              [
                34.3980297,
                53.1899406
              ],
              [
                34.3981558,
                53.1899503
              ],
              [
                34.3982068,
                53.1899037
              ],
              [
                34.3981692,
                53.1898812
              ],
              [
                34.3980914,
                53.189849
              ],
              [
                34.398011,
                53.1897912
              ],
              [
                34.3980217,
                53.1897108
              ],
              [
                34.398188,
                53.1895855
              ],
              [
                34.3983275,
                53.1895758
              ],
              [
                34.3984455,
                53.189608
              ],
              [
                34.3985635,
                53.1895758
              ],
              [
                34.3985742,
                53.1895051
              ],
              [
                34.3985206,
                53.1894537
              ],
              [
                34.398424,
                53.1893508
              ],
              [
                34.3984777,
                53.189264
              ],
              [
                34.3986922,
                53.1892415
              ],
              [
                34.3988639,
                53.1892705
              ],
              [
                34.3990248,
                53.1893348
              ],
              [
                34.3990141,
                53.1894023
              ],
              [
                34.3989229,
                53.1894794
              ],
              [
                34.3989336,
                53.189563
              ],
              [
                34.3991053,
                53.1896144
              ],
              [
                34.3992662,
                53.1896015
              ],
              [
                34.3993628,
                53.1895148
              ],
              [
                34.3993628,
                53.1893862
              ],
              [
                34.3994164,
                53.1892319
              ],
              [
                34.3996042,
                53.1892255
              ],
              [
                34.3998027,
                53.189203
              ],
              [
                34.4002426,
                53.1891355
              ],
              [
                34.4004357,
                53.1890294
              ],
              [
                34.4003606,
                53.1887433
              ],
              [
                34.4005161,
                53.1886758
              ],
              [
                34.4009507,
                53.1885023
              ],
              [
                34.4013959,
                53.1883576
              ],
              [
                34.4018733,
                53.1882548
              ],
              [
                34.4024152,
                53.1882612
              ],
              [
                34.4035149,
                53.1882708
              ],
              [
                34.4037133,
                53.1882323
              ],
              [
                34.4039065,
                53.1880844
              ],
              [
                34.4041961,
                53.1879783
              ],
              [
                34.4049097,
                53.1877706
              ],
              [
                34.4051886,
                53.1876087
              ],
              [
                34.4054085,
                53.1875573
              ],
              [
                34.4057572,
                53.1875894
              ],
              [
                34.4060576,
                53.1875798
              ],
              [
                34.4062936,
                53.1874576
              ],
              [
                34.4066101,
                53.1872487
              ],
              [
                34.4067335,
                53.1871458
              ],
              [
                34.4066799,
                53.186998
              ],
              [
                34.4068354,
                53.1869176
              ],
              [
                34.4071197,
                53.1869047
              ],
              [
                34.4074631,
                53.1868822
              ],
              [
                34.4075757,
                53.1868019
              ],
              [
                34.4077742,
                53.1865704
              ],
              [
                34.4081604,
                53.1864354
              ],
              [
                34.4090831,
                53.186249
              ],
              [
                34.4096732,
                53.1861204
              ],
              [
                34.410156,
                53.1861815
              ],
              [
                34.4104618,
                53.1864547
              ],
              [
                34.4106817,
                53.1865994
              ],
              [
                34.410848,
                53.1866476
              ],
              [
                34.4110143,
                53.1865801
              ],
              [
                34.4112128,
                53.1865351
              ],
              [
                34.4114596,
                53.186429
              ],
              [
                34.4117439,
                53.1862329
              ],
              [
                34.4119799,
                53.1860176
              ],
              [
                34.4120228,
                53.1859147
              ],
              [
                34.4120979,
                53.1857315
              ],
              [
                34.4123018,
                53.1856447
              ],
              [
                34.4124734,
                53.1856447
              ],
              [
                34.4126397,
                53.1856961
              ],
              [
                34.4127417,
                53.1857604
              ],
              [
                34.4128704,
                53.1858376
              ],
              [
                34.4130689,
                53.1858376
              ],
              [
                34.4131386,
                53.1858118
              ],
              [
                34.4131923,
                53.1856865
              ],
              [
                34.4131708,
                53.1855579
              ],
              [
                34.4131064,
                53.1853843
              ],
              [
                34.4129777,
                53.1852847
              ],
              [
                34.4127792,
                53.1852332
              ],
              [
                34.4126558,
                53.1851754
              ],
              [
                34.4126773,
                53.1851239
              ],
              [
                34.4127577,
                53.1850211
              ],
              [
                34.4129616,
                53.1850018
              ],
              [
                34.4132996,
                53.1850018
              ],
              [
                34.4135195,
                53.1849182
              ],
              [
                34.4136912,
                53.1848411
              ],
              [
                34.4138199,
                53.1847189
              ],
              [
                34.4139916,
                53.18451
              ],
              [
                34.4143885,
                53.1844103
              ],
              [
                34.4145387,
                53.1843974
              ],
              [
                34.4147104,
                53.184436
              ],
              [
                34.4149786,
                53.1844875
              ],
              [
                34.4152683,
                53.1845067
              ],
              [
                34.4154507,
                53.1844232
              ],
              [
                34.4156331,
                53.1842785
              ],
              [
                34.4158584,
                53.1841178
              ],
              [
                34.4161266,
                53.1839763
              ],
              [
                34.4164431,
                53.1838863
              ],
              [
                34.4166255,
                53.1838735
              ],
              [
                34.4168186,
                53.1838831
              ],
              [
                34.4169098,
                53.183941
              ],
              [
                34.4171566,
                53.1840246
              ],
              [
                34.4174945,
                53.1840567
              ],
              [
                34.4180632,
                53.1840567
              ],
              [
                34.4184709,
                53.1840406
              ],
              [
                34.4186854,
                53.1840792
              ],
              [
                34.4188356,
                53.1842431
              ],
              [
                34.4189107,
                53.1843685
              ],
              [
                34.4189537,
                53.1844328
              ],
              [
                34.4191092,
                53.1844778
              ],
              [
                34.4192862,
                53.1845582
              ],
              [
                34.4194901,
                53.1846418
              ],
              [
                34.4196993,
                53.1847253
              ],
              [
                34.419769,
                53.1846964
              ],
              [
                34.4198012,
                53.1845614
              ],
              [
                34.4198871,
                53.184481
              ],
              [
                34.4201285,
                53.1846192
              ],
              [
                34.4202733,
                53.184706
              ],
              [
                34.4204718,
                53.1847575
              ],
              [
                34.4205952,
                53.1847285
              ],
              [
                34.4205576,
                53.1846192
              ],
              [
                34.4206756,
                53.1845421
              ],
              [
                34.4208795,
                53.1845807
              ],
              [
                34.4212228,
                53.1844714
              ],
              [
                34.4220543,
                53.1849246
              ],
              [
                34.4376111,
                53.1912761
              ],
              [
                34.4436836,
                53.1937573
              ],
              [
                34.4496274,
                53.1959812
              ],
              [
                34.46159,
                53.1996383
              ],
              [
                34.459455,
                53.2004031
              ],
              [
                34.4597661,
                53.2006409
              ],
              [
                34.4588113,
                53.2010972
              ],
              [
                34.4589078,
                53.2012578
              ],
              [
                34.4572288,
                53.2021061
              ],
              [
                34.4584519,
                53.2031665
              ],
              [
                34.458838,
                53.2039409
              ],
              [
                34.4598412,
                53.2050944
              ],
              [
                34.4609892,
                53.2047602
              ],
              [
                34.4681883,
                53.2019776
              ],
              [
                34.4762885,
                53.2048437
              ],
              [
                34.477061,
                53.2048405
              ],
              [
                34.4780481,
                53.2052743
              ],
              [
                34.4783914,
                53.2054349
              ],
              [
                34.4688374,
                53.2068872
              ],
              [
                34.4677967,
                53.207051
              ],
              [
                34.4672951,
                53.2070462
              ],
              [
                34.4669491,
                53.2070784
              ],
              [
                34.4660747,
                53.2072165
              ],
              [
                34.4658548,
                53.2073498
              ],
              [
                34.464283,
                53.2077707
              ],
              [
                34.4639343,
                53.20788
              ],
              [
                34.4640309,
                53.208031
              ],
              [
                34.4642776,
                53.2082141
              ],
              [
                34.4659513,
                53.207941
              ],
              [
                34.4663429,
                53.2079282
              ],
              [
                34.4667077,
                53.2079442
              ],
              [
                34.466874,
                53.2080021
              ],
              [
                34.4671047,
                53.2081723
              ],
              [
                34.4683117,
                53.2094221
              ],
              [
                34.4696099,
                53.2108614
              ],
              [
                34.4683653,
                53.2113304
              ],
              [
                34.467743,
                53.2115167
              ],
              [
                34.4672763,
                53.2116292
              ],
              [
                34.46733,
                53.2117063
              ],
              [
                34.4677699,
                53.2118573
              ],
              [
                34.4680595,
                53.2120147
              ],
              [
                34.4687355,
                53.2121753
              ],
              [
                34.4711119,
                53.2126475
              ],
              [
                34.4712299,
                53.2133446
              ],
              [
                34.4707632,
                53.2134506
              ],
              [
                34.4686496,
                53.213849
              ],
              [
                34.4649911,
                53.2147227
              ],
              [
                34.462223,
                53.2156093
              ],
              [
                34.4608551,
                53.2159723
              ],
              [
                34.4605547,
                53.2161233
              ],
              [
                34.4599539,
                53.2164702
              ],
              [
                34.4593745,
                53.2166565
              ],
              [
                34.4589025,
                53.2169103
              ],
              [
                34.4580334,
                53.2168701
              ],
              [
                34.4575345,
                53.2155499
              ],
              [
                34.4571483,
                53.2143886
              ],
              [
                34.4570518,
                53.2143999
              ],
              [
                34.4568425,
                53.2138843
              ],
              [
                34.4542998,
                53.2142409
              ],
              [
                34.4532752,
                53.2143019
              ],
              [
                34.4523418,
                53.2144433
              ],
              [
                34.45158,
                53.2145461
              ],
              [
                34.4505715,
                53.214848
              ],
              [
                34.4495201,
                53.2150857
              ],
              [
                34.4490051,
                53.2152592
              ],
              [
                34.4483185,
                53.2157089
              ],
              [
                34.4477284,
                53.2163578
              ],
              [
                34.4474709,
                53.2172636
              ],
              [
                34.4475675,
                53.2179124
              ],
              [
                34.4478249,
                53.2185484
              ],
              [
                34.4481683,
                53.2190431
              ],
              [
                34.4503677,
                53.2213878
              ],
              [
                34.4521057,
                53.2210088
              ],
              [
                34.4527924,
                53.2205077
              ],
              [
                34.4536292,
                53.2199296
              ],
              [
                34.4554746,
                53.2186448
              ],
              [
                34.4577599,
                53.2173792
              ],
              [
                34.4584036,
                53.2177197
              ],
              [
                34.4586074,
                53.2179028
              ],
              [
                34.4579154,
                53.2184039
              ],
              [
                34.4572288,
                53.2197272
              ],
              [
                34.4569337,
                53.220209
              ],
              [
                34.4559038,
                53.2211597
              ],
              [
                34.4564652,
                53.2213356
              ],
              [
                34.453994,
                53.2233244
              ],
              [
                34.4532269,
                53.2231028
              ],
              [
                34.4530177,
                53.2233084
              ],
              [
                34.4528192,
                53.2235942
              ],
              [
                34.4527924,
                53.2237805
              ],
              [
                34.4527119,
                53.2239411
              ],
              [
                34.4540209,
                53.2243971
              ],
              [
                34.4525671,
                53.2255244
              ],
              [
                34.45099,
                53.225974
              ],
              [
                34.4493377,
                53.226218
              ],
              [
                34.4460118,
                53.2282476
              ],
              [
                34.441967,
                53.2318184
              ],
              [
                34.441967,
                53.2332826
              ],
              [
                34.4430093,
                53.2339041
              ],
              [
                34.4434047,
                53.2341688
              ],
              [
                34.4446921,
                53.2340757
              ],
              [
                34.4453412,
                53.2346184
              ],
              [
                34.447884,
                53.2347885
              ],
              [
                34.4515103,
                53.232496
              ],
              [
                34.4523364,
                53.2318056
              ],
              [
                34.4539887,
                53.2307781
              ],
              [
                34.4543105,
                53.2304505
              ],
              [
                34.4545519,
                53.2302964
              ],
              [
                34.4549006,
                53.2301487
              ],
              [
                34.4551367,
                53.2298629
              ],
              [
                34.4572663,
                53.2293555
              ],
              [
                34.4590044,
                53.2285366
              ],
              [
                34.461413,
                53.2275893
              ],
              [
                34.461574,
                53.226992
              ],
              [
                34.4617081,
                53.2266548
              ],
              [
                34.4624752,
                53.225534
              ],
              [
                34.4651467,
                53.2254794
              ],
              [
                34.4663322,
                53.2251101
              ],
              [
                34.467507,
                53.2239282
              ],
              [
                34.468478,
                53.2236938
              ],
              [
                34.4692504,
                53.2229037
              ],
              [
                34.4696742,
                53.2228973
              ],
              [
                34.4696689,
                53.2227592
              ],
              [
                34.4702134,
                53.2226933
              ],
              [
                34.4708946,
                53.2226468
              ],
              [
                34.4712406,
                53.2225215
              ],
              [
                34.4717181,
                53.2224412
              ],
              [
                34.4727105,
                53.2224187
              ],
              [
                34.4747168,
                53.222165
              ],
              [
                34.4750225,
                53.2220044
              ],
              [
                34.4753337,
                53.2220108
              ],
              [
                34.4752961,
                53.222666
              ],
              [
                34.4762564,
                53.2227784
              ],
              [
                34.4784021,
                53.2231478
              ],
              [
                34.4782412,
                53.2227528
              ],
              [
                34.479019,
                53.2227222
              ],
              [
                34.4790807,
                53.2228555
              ],
              [
                34.479475,
                53.2227174
              ],
              [
                34.4800785,
                53.2225087
              ],
              [
                34.4801912,
                53.2226548
              ],
              [
                34.4807839,
                53.2225922
              ],
              [
                34.4829136,
                53.2225761
              ],
              [
                34.4833535,
                53.2229487
              ],
              [
                34.4836914,
                53.2229069
              ],
              [
                34.4841742,
                53.2231831
              ],
              [
                34.484185,
                53.2233951
              ],
              [
                34.4854724,
                53.2231863
              ],
              [
                34.4867223,
                53.223469
              ],
              [
                34.4871622,
                53.2239443
              ],
              [
                34.4883424,
                53.2240567
              ],
              [
                34.4905579,
                53.2243104
              ],
              [
                34.4907188,
                53.2241209
              ],
              [
                34.4912767,
                53.2242173
              ],
              [
                34.4924408,
                53.2245705
              ],
              [
                34.4944793,
                53.2248275
              ],
              [
                34.4945544,
                53.2247408
              ],
              [
                34.4948977,
                53.2246059
              ],
              [
                34.4956005,
                53.2245288
              ],
              [
                34.4960135,
                53.2245256
              ],
              [
                34.4964319,
                53.2246669
              ],
              [
                34.4967484,
                53.2248371
              ],
              [
                34.4959116,
                53.2248981
              ],
              [
                34.4953537,
                53.2249495
              ],
              [
                34.4950587,
                53.2251422
              ],
              [
                34.494828,
                53.2253766
              ],
              [
                34.4945329,
                53.2259194
              ],
              [
                34.4942486,
                53.2262662
              ],
              [
                34.4940931,
                53.2264396
              ],
              [
                34.4936907,
                53.226703
              ],
              [
                34.4929397,
                53.2268924
              ],
              [
                34.4926178,
                53.2269342
              ],
              [
                34.4922316,
                53.2269502
              ],
              [
                34.4916683,
                53.2270337
              ],
              [
                34.4913948,
                53.2270016
              ],
              [
                34.4907135,
                53.2268957
              ],
              [
                34.4897318,
                53.2266805
              ],
              [
                34.4888198,
                53.2264685
              ],
              [
                34.4881225,
                53.2262694
              ],
              [
                34.4875377,
                53.2261442
              ],
              [
                34.4871354,
                53.2261634
              ],
              [
                34.4867706,
                53.2262598
              ],
              [
                34.4859606,
                53.2268378
              ],
              [
                34.4849253,
                53.2277274
              ],
              [
                34.483729,
                53.228116
              ],
              [
                34.4833535,
                53.2281673
              ],
              [
                34.482817,
                53.2282027
              ],
              [
                34.4822699,
                53.2283054
              ],
              [
                34.4818675,
                53.228421
              ],
              [
                34.4816422,
                53.2286137
              ],
              [
                34.4815296,
                53.2288642
              ],
              [
                34.4815403,
                53.2292142
              ],
              [
                34.4815242,
                53.2299464
              ],
              [
                34.4814652,
                53.2302225
              ],
              [
                34.4812614,
                53.2303863
              ],
              [
                34.480918,
                53.2306111
              ],
              [
                34.4805908,
                53.2307492
              ],
              [
                34.4803601,
                53.2308359
              ],
              [
                34.4800597,
                53.2308551
              ],
              [
                34.4795501,
                53.2308391
              ],
              [
                34.4790727,
                53.230823
              ],
              [
                34.4783592,
                53.2307652
              ],
              [
                34.4772488,
                53.2306368
              ],
              [
                34.4767284,
                53.2305533
              ],
              [
                34.476133,
                53.230518
              ],
              [
                34.4757092,
                53.2306239
              ],
              [
                34.4751781,
                53.2308904
              ],
              [
                34.4742072,
                53.2314684
              ],
              [
                34.4737244,
                53.2318827
              ],
              [
                34.4729894,
                53.2327047
              ],
              [
                34.4725871,
                53.233045
              ],
              [
                34.4719541,
                53.2333629
              ],
              [
                34.4713426,
                53.2335973
              ],
              [
                34.4709134,
                53.2337033
              ],
              [
                34.4706345,
                53.2338028
              ],
              [
                34.4703555,
                53.2339473
              ],
              [
                34.4697332,
                53.2342202
              ],
              [
                34.4696367,
                53.2343872
              ],
              [
                34.4694114,
                53.2346441
              ],
              [
                34.4692236,
                53.234734
              ],
              [
                34.4689768,
                53.2349812
              ],
              [
                34.4688213,
                53.2352188
              ],
              [
                34.4688159,
                53.2356105
              ],
              [
                34.468832,
                53.236288
              ],
              [
                34.468714,
                53.236532
              ],
              [
                34.4683868,
                53.2367952
              ],
              [
                34.4679898,
                53.2370039
              ],
              [
                34.4676787,
                53.2371003
              ],
              [
                34.4673139,
                53.2370842
              ],
              [
                34.4669706,
                53.2370168
              ],
              [
                34.4665682,
                53.2369622
              ],
              [
                34.4663107,
                53.2368434
              ],
              [
                34.4659567,
                53.2365898
              ],
              [
                34.4655061,
                53.2363779
              ],
              [
                34.4650072,
                53.2363939
              ],
              [
                34.4645512,
                53.2364678
              ],
              [
                34.4640952,
                53.2366572
              ],
              [
                34.4637948,
                53.2368081
              ],
              [
                34.4625127,
                53.2371003
              ],
              [
                34.4619602,
                53.2373378
              ],
              [
                34.4617027,
                53.237569
              ],
              [
                34.4612038,
                53.2378901
              ],
              [
                34.4607747,
                53.238041
              ],
              [
                34.460426,
                53.2380666
              ],
              [
                34.4601738,
                53.2380121
              ],
              [
                34.4598734,
                53.2379157
              ],
              [
                34.4594657,
                53.2377584
              ],
              [
                34.4591278,
                53.2377006
              ],
              [
                34.4587952,
                53.2377038
              ],
              [
                34.458468,
                53.2377937
              ],
              [
                34.4582641,
                53.2379703
              ],
              [
                34.4580227,
                53.2382496
              ],
              [
                34.4579315,
                53.2385932
              ],
              [
                34.4579369,
                53.2387922
              ],
              [
                34.4581246,
                53.2389592
              ],
              [
                34.4584787,
                53.2390876
              ],
              [
                34.4586825,
                53.239139
              ],
              [
                34.4589829,
                53.2391069
              ],
              [
                34.4592297,
                53.2389913
              ],
              [
                34.4594657,
                53.2387665
              ],
              [
                34.4597447,
                53.2386092
              ],
              [
                34.460029,
                53.2385546
              ],
              [
                34.4602328,
                53.23859
              ],
              [
                34.4603509,
                53.2387665
              ],
              [
                34.4603723,
                53.2395114
              ],
              [
                34.4601363,
                53.239842
              ],
              [
                34.4597286,
                53.2399961
              ],
              [
                34.4593799,
                53.2400732
              ],
              [
                34.4589561,
                53.2402883
              ],
              [
                34.4588327,
                53.2404424
              ],
              [
                34.4587737,
                53.2406414
              ],
              [
                34.4590688,
                53.2410203
              ],
              [
                34.458999,
                53.2412257
              ],
              [
                34.4587737,
                53.241566
              ],
              [
                34.4583768,
                53.2417362
              ],
              [
                34.457851,
                53.2419545
              ],
              [
                34.4572556,
                53.2420026
              ],
              [
                34.4567513,
                53.2418806
              ],
              [
                34.4562632,
                53.2417137
              ],
              [
                34.4559199,
                53.2413766
              ],
              [
                34.4559413,
                53.2411198
              ],
              [
                34.455995,
                53.2408694
              ],
              [
                34.4558769,
                53.240497
              ],
              [
                34.4556516,
                53.240009
              ],
              [
                34.4552761,
                53.2395852
              ],
              [
                34.4548684,
                53.2394183
              ],
              [
                34.4544125,
                53.2393894
              ],
              [
                34.4539779,
                53.2394118
              ],
              [
                34.4536561,
                53.2395467
              ],
              [
                34.4535863,
                53.2397489
              ],
              [
                34.453817,
                53.2402787
              ],
              [
                34.4540691,
                53.2407089
              ],
              [
                34.4541013,
                53.2411262
              ],
              [
                34.4537097,
                53.2412482
              ],
              [
                34.4533127,
                53.2412225
              ],
              [
                34.4529802,
                53.2410909
              ],
              [
                34.4525456,
                53.2409272
              ],
              [
                34.4522184,
                53.2408983
              ],
              [
                34.4515908,
                53.2410267
              ],
              [
                34.4510436,
                53.2411744
              ],
              [
                34.4505501,
                53.2412065
              ],
              [
                34.4500083,
                53.2412771
              ],
              [
                34.4489515,
                53.24155
              ],
              [
                34.4482559,
                53.2417675
              ]
            ]
          ],
          [
            [
              [
                34.6810806,
                53.2076519
              ],
              [
                34.6813488,
                53.2083073
              ],
              [
                34.6792459,
                53.209708
              ],
              [
                34.6794973,
                53.2105653
              ],
              [
                34.6797824,
                53.2119472
              ],
              [
                34.6790099,
                53.2122106
              ],
              [
                34.6780282,
                53.2137076
              ],
              [
                34.6800023,
                53.2142473
              ],
              [
                34.6827489,
                53.2147773
              ],
              [
                34.683398,
                53.2148801
              ],
              [
                34.6839559,
                53.2151821
              ],
              [
                34.6879685,
                53.2173471
              ],
              [
                34.6895671,
                53.2176619
              ],
              [
                34.6899855,
                53.2178289
              ],
              [
                34.690125,
                53.2180859
              ],
              [
                34.6900391,
                53.2184649
              ],
              [
                34.6899855,
                53.2185099
              ],
              [
                34.690243,
                53.2190238
              ],
              [
                34.6904039,
                53.219133
              ],
              [
                34.6911228,
                53.2195377
              ],
              [
                34.6919811,
                53.2200259
              ],
              [
                34.6933222,
                53.2207004
              ],
              [
                34.6934831,
                53.2215227
              ],
              [
                34.6945077,
                53.2215548
              ],
              [
                34.6956718,
                53.2214263
              ],
              [
                34.6947813,
                53.2206265
              ],
              [
                34.6940893,
                53.220482
              ],
              [
                34.6935099,
                53.2201673
              ],
              [
                34.6933705,
                53.2196758
              ],
              [
                34.6947008,
                53.2203278
              ],
              [
                34.6970612,
                53.2209124
              ],
              [
                34.6977156,
                53.2208674
              ],
              [
                34.7002369,
                53.221195
              ],
              [
                34.700827,
                53.2212753
              ],
              [
                34.7010952,
                53.2212657
              ],
              [
                34.7013581,
                53.2212175
              ],
              [
                34.7016907,
                53.2212561
              ],
              [
                34.7017872,
                53.2213235
              ],
              [
                34.701916,
                53.2214648
              ],
              [
                34.7021091,
                53.2215869
              ],
              [
                34.70249,
                53.2216319
              ],
              [
                34.7027796,
                53.22168
              ],
              [
                34.7028279,
                53.2215676
              ],
              [
                34.7028387,
                53.2214295
              ],
              [
                34.7025007,
                53.221346
              ],
              [
                34.7025114,
                53.2212111
              ],
              [
                34.7025812,
                53.2210377
              ],
              [
                34.7027314,
                53.2209445
              ],
              [
                34.7029245,
                53.2210023
              ],
              [
                34.7029459,
                53.2211212
              ],
              [
                34.7030264,
                53.221179
              ],
              [
                34.7032034,
                53.2211661
              ],
              [
                34.7032785,
                53.2210537
              ],
              [
                34.7032893,
                53.2209381
              ],
              [
                34.7035897,
                53.2208835
              ],
              [
                34.7037613,
                53.2209413
              ],
              [
                34.7037345,
                53.2210216
              ],
              [
                34.7035682,
                53.2211148
              ],
              [
                34.7034877,
                53.22124
              ],
              [
                34.7035253,
                53.221346
              ],
              [
                34.7033912,
                53.2215002
              ],
              [
                34.7031391,
                53.221619
              ],
              [
                34.7030854,
                53.2217635
              ],
              [
                34.7032142,
                53.2219562
              ],
              [
                34.7035146,
                53.2221714
              ],
              [
                34.7036111,
                53.2223963
              ],
              [
                34.7037131,
                53.2225183
              ],
              [
                34.7041798,
                53.2225793
              ],
              [
                34.7043514,
                53.2226789
              ],
              [
                34.7044963,
                53.2228587
              ],
              [
                34.7050756,
                53.2230001
              ],
              [
                34.7055477,
                53.2230868
              ],
              [
                34.7058964,
                53.2231189
              ],
              [
                34.7063684,
                53.2231157
              ],
              [
                34.7066849,
                53.2229904
              ],
              [
                34.7067171,
                53.2228041
              ],
              [
                34.7065616,
                53.2226596
              ],
              [
                34.706583,
                53.2225344
              ],
              [
                34.7070229,
                53.2224701
              ],
              [
                34.7078061,
                53.2224284
              ],
              [
                34.7075379,
                53.222666
              ],
              [
                34.7072697,
                53.2230707
              ],
              [
                34.7069263,
                53.2233662
              ],
              [
                34.7064221,
                53.2234947
              ],
              [
                34.7056496,
                53.2235075
              ],
              [
                34.7051668,
                53.2234561
              ],
              [
                34.7046196,
                53.2232249
              ],
              [
                34.7039759,
                53.2231542
              ],
              [
                34.7032356,
                53.2232634
              ],
              [
                34.7029781,
                53.2233212
              ],
              [
                34.7029996,
                53.223424
              ],
              [
                34.7032356,
                53.2234304
              ],
              [
                34.7031391,
                53.223713
              ],
              [
                34.7031391,
                53.2240149
              ],
              [
                34.7030961,
                53.2242012
              ],
              [
                34.7027421,
                53.2245545
              ],
              [
                34.7021735,
                53.2249334
              ],
              [
                34.7022056,
                53.2250105
              ],
              [
                34.7025812,
                53.2250812
              ],
              [
                34.7032785,
                53.2250555
              ],
              [
                34.7039115,
                53.2251454
              ],
              [
                34.7045338,
                53.2252032
              ],
              [
                34.7048986,
                53.2252418
              ],
              [
                34.7051453,
                53.2253574
              ],
              [
                34.7053117,
                53.225465
              ],
              [
                34.7054136,
                53.225473
              ],
              [
                34.7054592,
                53.2254248
              ],
              [
                34.7053626,
                53.2252851
              ],
              [
                34.7054028,
                53.2252418
              ],
              [
                34.7056389,
                53.2252674
              ],
              [
                34.7062075,
                53.2252032
              ],
              [
                34.7063041,
                53.2250619
              ],
              [
                34.7065401,
                53.2250491
              ],
              [
                34.7068727,
                53.2259611
              ],
              [
                34.7061646,
                53.2267319
              ],
              [
                34.705081,
                53.227114
              ],
              [
                34.7034073,
                53.2274994
              ],
              [
                34.7028065,
                53.2279265
              ],
              [
                34.7026455,
                53.2278912
              ],
              [
                34.7026026,
                53.2276985
              ],
              [
                34.7026992,
                53.2274609
              ],
              [
                34.7027957,
                53.2271815
              ],
              [
                34.7027636,
                53.2269181
              ],
              [
                34.7025275,
                53.2266901
              ],
              [
                34.7021306,
                53.226369
              ],
              [
                34.7016907,
                53.2261795
              ],
              [
                34.7013366,
                53.2261474
              ],
              [
                34.7009879,
                53.2261506
              ],
              [
                34.7006822,
                53.2262116
              ],
              [
                34.7002906,
                53.2263561
              ],
              [
                34.7001189,
                53.2265585
              ],
              [
                34.6999097,
                53.2268154
              ],
              [
                34.6996683,
                53.226931
              ],
              [
                34.6994269,
                53.2269695
              ],
              [
                34.6991694,
                53.2271333
              ],
              [
                34.6988368,
                53.227281
              ],
              [
                34.6987241,
                53.2274673
              ],
              [
                34.6987402,
                53.2278526
              ],
              [
                34.6988743,
                53.2280132
              ],
              [
                34.6991372,
                53.2281031
              ],
              [
                34.6996039,
                53.2283022
              ],
              [
                34.699958,
                53.2283793
              ],
              [
                34.7001886,
                53.2285302
              ],
              [
                34.7002262,
                53.2287743
              ],
              [
                34.7005427,
                53.2289702
              ],
              [
                34.7005266,
                53.2292817
              ],
              [
                34.70065,
                53.229622
              ],
              [
                34.7008645,
                53.2297569
              ],
              [
                34.7009611,
                53.2298693
              ],
              [
                34.7010362,
                53.2299753
              ],
              [
                34.7012079,
                53.2300556
              ],
              [
                34.7010523,
                53.2300491
              ],
              [
                34.7006553,
                53.2298404
              ],
              [
                34.7004676,
                53.229789
              ],
              [
                34.7002101,
                53.2298468
              ],
              [
                34.7000706,
                53.2300138
              ],
              [
                34.7000492,
                53.2301744
              ],
              [
                34.7000384,
                53.230534
              ],
              [
                34.7001457,
                53.230868
              ],
              [
                34.7004247,
                53.2313817
              ],
              [
                34.7007894,
                53.23169
              ],
              [
                34.7013581,
                53.2317542
              ],
              [
                34.7013688,
                53.2319212
              ],
              [
                34.7008002,
                53.2318377
              ],
              [
                34.7006392,
                53.2318955
              ],
              [
                34.7005856,
                53.2321524
              ],
              [
                34.7006929,
                53.2325698
              ],
              [
                34.7005963,
                53.2326212
              ],
              [
                34.7004408,
                53.232557
              ],
              [
                34.7003818,
                53.2323515
              ],
              [
                34.700135,
                53.2319983
              ],
              [
                34.6999955,
                53.2319019
              ],
              [
                34.6998346,
                53.2316932
              ],
              [
                34.6997112,
                53.2314331
              ],
              [
                34.69962,
                53.2311024
              ],
              [
                34.6996307,
                53.2307652
              ],
              [
                34.6994215,
                53.2305533
              ],
              [
                34.6993464,
                53.230367
              ],
              [
                34.6993464,
                53.2301872
              ],
              [
                34.6994752,
                53.2298725
              ],
              [
                34.6995395,
                53.2295964
              ],
              [
                34.6995395,
                53.2293844
              ],
              [
                34.6994054,
                53.2292271
              ],
              [
                34.6990889,
                53.2290793
              ],
              [
                34.6987402,
                53.2290376
              ],
              [
                34.6983862,
                53.2290601
              ],
              [
                34.6980482,
                53.2291307
              ],
              [
                34.6977156,
                53.2291436
              ],
              [
                34.6975172,
                53.2290793
              ],
              [
                34.6974581,
                53.2288867
              ],
              [
                34.6973777,
                53.2286201
              ],
              [
                34.6973455,
                53.2283825
              ],
              [
                34.6972597,
                53.2282316
              ],
              [
                34.6971738,
                53.2280839
              ],
              [
                34.6971631,
                53.2279458
              ],
              [
                34.6971255,
                53.2276728
              ],
              [
                34.6970558,
                53.2274737
              ],
              [
                34.6968681,
                53.227342
              ],
              [
                34.6965998,
                53.2272361
              ],
              [
                34.6964389,
                53.2271365
              ],
              [
                34.6963316,
                53.2270466
              ],
              [
                34.696117,
                53.226947
              ],
              [
                34.6959025,
                53.2269149
              ],
              [
                34.6955591,
                53.2269374
              ],
              [
                34.6951944,
                53.2269085
              ],
              [
                34.6949637,
                53.2268475
              ],
              [
                34.6945935,
                53.2268507
              ],
              [
                34.6944272,
                53.2269695
              ],
              [
                34.6942824,
                53.2271718
              ],
              [
                34.6942502,
                53.227387
              ],
              [
                34.6943468,
                53.2276278
              ],
              [
                34.694497,
                53.2278526
              ],
              [
                34.6945506,
                53.2279522
              ],
              [
                34.6944702,
                53.2280935
              ],
              [
                34.6942073,
                53.2281738
              ],
              [
                34.6940249,
                53.2280871
              ],
              [
                34.6939874,
                53.2279008
              ],
              [
                34.6939713,
                53.2277402
              ],
              [
                34.6938962,
                53.2276728
              ],
              [
                34.6936923,
                53.2277306
              ],
              [
                34.6935368,
                53.2278815
              ],
              [
                34.6934777,
                53.2280325
              ],
              [
                34.6933865,
                53.2281031
              ],
              [
                34.6932417,
                53.2280806
              ],
              [
                34.6931076,
                53.2280132
              ],
              [
                34.6930003,
                53.2278751
              ],
              [
                34.6930271,
                53.2276921
              ],
              [
                34.6931076,
                53.2274609
              ],
              [
                34.6933383,
                53.227265
              ],
              [
                34.6933973,
                53.2271012
              ],
              [
                34.6932954,
                53.2269085
              ],
              [
                34.692952,
                53.2266869
              ],
              [
                34.6926355,
                53.2264364
              ],
              [
                34.6922654,
                53.2262566
              ],
              [
                34.6920186,
                53.2261474
              ],
              [
                34.691788,
                53.2260607
              ],
              [
                34.6915573,
                53.226051
              ],
              [
                34.6914554,
                53.22608
              ],
              [
                34.6914875,
                53.2263144
              ],
              [
                34.6916592,
                53.2265777
              ],
              [
                34.6918255,
                53.2268378
              ],
              [
                34.6919167,
                53.227265
              ],
              [
                34.6919489,
                53.2276311
              ],
              [
                34.691847,
                53.2280068
              ],
              [
                34.691627,
                53.2284981
              ],
              [
                34.6914822,
                53.2286169
              ],
              [
                34.6912569,
                53.2286812
              ],
              [
                34.6910262,
                53.2286779
              ],
              [
                34.6909136,
                53.2285431
              ],
              [
                34.690817,
                53.2283729
              ],
              [
                34.6906561,
                53.2282733
              ],
              [
                34.6905166,
                53.2282573
              ],
              [
                34.690243,
                53.2283151
              ],
              [
                34.6899587,
                53.2283857
              ],
              [
                34.6897227,
                53.2284307
              ],
              [
                34.6895134,
                53.2283857
              ],
              [
                34.689433,
                53.2282797
              ],
              [
                34.6892935,
                53.2282605
              ],
              [
                34.6891379,
                53.2283729
              ],
              [
                34.6890789,
                53.2284467
              ],
              [
                34.6888965,
                53.228466
              ],
              [
                34.6888322,
                53.2283632
              ],
              [
                34.6888,
                53.2281898
              ],
              [
                34.6886176,
                53.228055
              ],
              [
                34.6883547,
                53.227782
              ],
              [
                34.6882421,
                53.2275733
              ],
              [
                34.688226,
                53.2272971
              ],
              [
                34.6884888,
                53.2269246
              ],
              [
                34.6886229,
                53.2266195
              ],
              [
                34.6886873,
                53.2263176
              ],
              [
                34.6885371,
                53.2260061
              ],
              [
                34.6885747,
                53.2257171
              ],
              [
                34.688682,
                53.2253509
              ],
              [
                34.6886122,
                53.2250009
              ],
              [
                34.6884727,
                53.2248018
              ],
              [
                34.6882153,
                53.2245577
              ],
              [
                34.6879899,
                53.2243457
              ],
              [
                34.6876305,
                53.2242044
              ],
              [
                34.6873033,
                53.2240695
              ],
              [
                34.6868527,
                53.2238961
              ],
              [
                34.6866327,
                53.2238383
              ],
              [
                34.686209,
                53.2237419
              ],
              [
                34.6857798,
                53.2236809
              ],
              [
                34.6855867,
                53.2234914
              ],
              [
                34.6853882,
                53.223424
              ],
              [
                34.6848035,
                53.2232634
              ],
              [
                34.6845996,
                53.2230868
              ],
              [
                34.684267,
                53.2229294
              ],
              [
                34.6839344,
                53.222939
              ],
              [
                34.6834838,
                53.2229551
              ],
              [
                34.6831566,
                53.222817
              ],
              [
                34.6828401,
                53.2227078
              ],
              [
                34.6826899,
                53.2225215
              ],
              [
                34.6824807,
                53.2223481
              ],
              [
                34.68225,
                53.2221971
              ],
              [
                34.6817672,
                53.2217892
              ],
              [
                34.6815956,
                53.2215548
              ],
              [
                34.6811557,
                53.2212882
              ],
              [
                34.680174,
                53.2209638
              ],
              [
                34.6796054,
                53.2208
              ],
              [
                34.6788865,
                53.2207614
              ],
              [
                34.6783233,
                53.2207743
              ],
              [
                34.6777654,
                53.2207582
              ],
              [
                34.6773255,
                53.2207743
              ],
              [
                34.6771645,
                53.2208931
              ],
              [
                34.6770894,
                53.2209799
              ],
              [
                34.6766764,
                53.2209413
              ],
              [
                34.6764672,
                53.2208931
              ],
              [
                34.6760058,
                53.2208482
              ],
              [
                34.6756357,
                53.2209156
              ],
              [
                34.6753246,
                53.2208707
              ],
              [
                34.6751153,
                53.2207936
              ],
              [
                34.6746325,
                53.2207358
              ],
              [
                34.6741605,
                53.2206747
              ],
              [
                34.6726531,
                53.2205623
              ],
              [
                34.6721113,
                53.2205623
              ],
              [
                34.6714675,
                53.2206137
              ],
              [
                34.6711725,
                53.2207454
              ],
              [
                34.6708882,
                53.2207807
              ],
              [
                34.6707594,
                53.2206041
              ],
              [
                34.670459,
                53.2205045
              ],
              [
                34.6699494,
                53.220527
              ],
              [
                34.6696114,
                53.2206009
              ],
              [
                34.6692306,
                53.2208963
              ],
              [
                34.6691126,
                53.2209381
              ],
              [
                34.668839,
                53.220922
              ],
              [
                34.6685117,
                53.2208482
              ],
              [
                34.6680182,
                53.2208899
              ],
              [
                34.6674335,
                53.2209831
              ],
              [
                34.6717143,
                53.2239057
              ],
              [
                34.6715963,
                53.2243554
              ],
              [
                34.6701908,
                53.2250619
              ],
              [
                34.6700621,
                53.2254152
              ],
              [
                34.6656632,
                53.2263272
              ],
              [
                34.6655345,
                53.227265
              ],
              [
                34.6660924,
                53.2274769
              ],
              [
                34.6661031,
                53.2279393
              ],
              [
                34.6652233,
                53.2297633
              ],
              [
                34.6646225,
                53.2301679
              ],
              [
                34.6626592,
                53.2303157
              ],
              [
                34.6599984,
                53.2302835
              ],
              [
                34.6588182,
                53.2299432
              ],
              [
                34.6586251,
                53.2293138
              ],
              [
                34.6585393,
                53.2290761
              ],
              [
                34.659419,
                53.2240214
              ],
              [
                34.660213,
                53.2195377
              ],
              [
                34.6558678,
                53.2194927
              ],
              [
                34.6544516,
                53.2190816
              ],
              [
                34.6540224,
                53.2193771
              ],
              [
                34.654001,
                53.2195313
              ],
              [
                34.6538937,
                53.2196148
              ],
              [
                34.6535718,
                53.2195698
              ],
              [
                34.653132,
                53.2196598
              ],
              [
                34.6528315,
                53.2196951
              ],
              [
                34.6532714,
                53.2205206
              ],
              [
                34.6503532,
                53.2208289
              ],
              [
                34.6483362,
                53.2209702
              ],
              [
                34.6482074,
                53.2196341
              ],
              [
                34.6467161,
                53.2199488
              ],
              [
                34.6434867,
                53.2221907
              ],
              [
                34.6419847,
                53.2216447
              ],
              [
                34.6416306,
                53.2215997
              ],
              [
                34.6395814,
                53.2219595
              ],
              [
                34.6395063,
                53.2218695
              ],
              [
                34.6391415,
                53.2219402
              ],
              [
                34.6376181,
                53.2218503
              ],
              [
                34.6369421,
                53.2217475
              ],
              [
                34.6351612,
                53.2209702
              ],
              [
                34.6341741,
                53.2196469
              ],
              [
                34.6342599,
                53.2184778
              ],
              [
                34.6413624,
                53.2171672
              ],
              [
                34.643358,
                53.2155804
              ],
              [
                34.6429074,
                53.2150665
              ],
              [
                34.6404719,
                53.2158053
              ],
              [
                34.6401286,
                53.2157731
              ],
              [
                34.6360195,
                53.2159659
              ],
              [
                34.6355259,
                53.215786
              ],
              [
                34.6354401,
                53.2151178
              ],
              [
                34.6352041,
                53.2145075
              ],
              [
                34.6406114,
                53.2137687
              ],
              [
                34.640708,
                53.2135181
              ],
              [
                34.640665,
                53.2133318
              ],
              [
                34.6406543,
                53.2131872
              ],
              [
                34.6518874,
                53.2114107
              ],
              [
                34.6485186,
                53.2105048
              ],
              [
                34.6474993,
                53.2111923
              ],
              [
                34.6466303,
                53.2109738
              ],
              [
                34.6472847,
                53.2102542
              ],
              [
                34.6449941,
                53.2095956
              ],
              [
                34.6450531,
                53.2095056
              ],
              [
                34.6459114,
                53.2097273
              ],
              [
                34.6459973,
                53.2095731
              ],
              [
                34.6457183,
                53.2094382
              ],
              [
                34.6465874,
                53.2083008
              ],
              [
                34.6519196,
                53.2082944
              ],
              [
                34.6519947,
                53.2062125
              ],
              [
                34.6521664,
                53.205647
              ],
              [
                34.6523487,
                53.2056599
              ],
              [
                34.6527779,
                53.2006216
              ],
              [
                34.6562326,
                53.1998697
              ],
              [
                34.6561253,
                53.1983593
              ],
              [
                34.6557391,
                53.1968907
              ],
              [
                34.6588933,
                53.196489
              ],
              [
                34.6604329,
                53.2006248
              ],
              [
                34.6618009,
                53.2004224
              ],
              [
                34.6633565,
                53.2006409
              ],
              [
                34.6637911,
                53.1999821
              ],
              [
                34.6652126,
                53.2001492
              ],
              [
                34.6668702,
                53.2004063
              ],
              [
                34.6675998,
                53.2004673
              ],
              [
                34.6676052,
                53.1993459
              ],
              [
                34.6680236,
                53.1993426
              ],
              [
                34.6680611,
                53.1998536
              ],
              [
                34.6683133,
                53.1998568
              ],
              [
                34.6683186,
                53.2001878
              ],
              [
                34.6685117,
                53.2002038
              ],
              [
                34.6685976,
                53.2008144
              ],
              [
                34.6701801,
                53.2008819
              ],
              [
                34.6698421,
                53.2003517
              ],
              [
                34.6698636,
                53.1998279
              ],
              [
                34.6700969,
                53.1998343
              ],
              [
                34.6703598,
                53.1993475
              ],
              [
                34.6710598,
                53.1994712
              ],
              [
                34.6722829,
                53.1976845
              ],
              [
                34.6734631,
                53.1980412
              ],
              [
                34.6738815,
                53.198189
              ],
              [
                34.6723527,
                53.1994519
              ],
              [
                34.6717411,
                53.1998247
              ],
              [
                34.6715051,
                53.1999114
              ],
              [
                34.6714944,
                53.199995
              ],
              [
                34.6716124,
                53.200146
              ],
              [
                34.6717733,
                53.2003195
              ],
              [
                34.6718645,
                53.2003709
              ],
              [
                34.6723312,
                53.2003452
              ],
              [
                34.6724063,
                53.2004352
              ],
              [
                34.6725994,
                53.2004127
              ],
              [
                34.6727335,
                53.2003356
              ],
              [
                34.6727604,
                53.1998729
              ],
              [
                34.6734363,
                53.1998697
              ],
              [
                34.6737152,
                53.1998793
              ],
              [
                34.6741712,
                53.1998343
              ],
              [
                34.674477,
                53.1998182
              ],
              [
                34.6754479,
                53.1998536
              ],
              [
                34.6757859,
                53.1997508
              ],
              [
                34.6788865,
                53.1998086
              ],
              [
                34.6812522,
                53.19995
              ],
              [
                34.6814185,
                53.200387
              ],
              [
                34.6834731,
                53.2004384
              ],
              [
                34.683449,
                53.201833
              ],
              [
                34.6831673,
                53.201833
              ],
              [
                34.6831888,
                53.2020901
              ],
              [
                34.6840471,
                53.202074
              ],
              [
                34.6840578,
                53.2025496
              ],
              [
                34.6860856,
                53.2029705
              ],
              [
                34.6860802,
                53.2036035
              ],
              [
                34.6859193,
                53.203732
              ],
              [
                34.6856618,
                53.2039312
              ],
              [
                34.6854043,
                53.2040469
              ],
              [
                34.6854257,
                53.204214
              ],
              [
                34.6855545,
                53.2043297
              ],
              [
                34.6850717,
                53.204561
              ],
              [
                34.6847498,
                53.2047152
              ],
              [
                34.6831727,
                53.2048052
              ],
              [
                34.6830654,
                53.2056663
              ],
              [
                34.6820891,
                53.2056856
              ],
              [
                34.6817136,
                53.2064567
              ],
              [
                34.6810055,
                53.2064824
              ],
              [
                34.6810806,
                53.2076519
              ]
            ]
          ]
        ]
      },
      "id": "relation/5518657"
    },
    {
      "type": "Feature",
      "properties": {
        "@id": "relation/5518666",
        "admin_level": "9",
        "boundary": "administrative",
        "name": "Володарский район",
        "name2": "посёлок Снежка",
        "name:uk": "Володарський район",
        "type": "boundary",
        "wikidata": "Q4123745",
        "wikipedia": "ru:Володарский район (Брянск)"
      },
      "geometry": {
        "type": "MultiPolygon",
        "coordinates": [
          [
            [
              [
                34.3822371,
                53.2687319
              ],
              [
                34.3838439,
                53.2660755
              ],
              [
                34.3867193,
                53.2632648
              ],
              [
                34.3898735,
                53.2604539
              ],
              [
                34.3932337,
                53.2605584
              ],
              [
                34.3952365,
                53.2608171
              ],
              [
                34.3921336,
                53.2582394
              ],
              [
                34.4123891,
                53.2558444
              ],
              [
                34.4126652,
                53.2558024
              ],
              [
                34.4126992,
                53.2555921
              ],
              [
                34.412703,
                53.2554132
              ],
              [
                34.4126888,
                53.2551821
              ],
              [
                34.4126869,
                53.255151
              ],
              [
                34.41255,
                53.2547561
              ],
              [
                34.4118711,
                53.2539711
              ],
              [
                34.411326,
                53.2535239
              ],
              [
                34.4112035,
                53.2534235
              ],
              [
                34.4088184,
                53.2515739
              ],
              [
                34.4058446,
                53.2496144
              ],
              [
                34.4056288,
                53.2494254
              ],
              [
                34.4011763,
                53.246059
              ],
              [
                34.4003881,
                53.2454902
              ],
              [
                34.3994339,
                53.2447878
              ],
              [
                34.3968455,
                53.2428823
              ],
              [
                34.3956907,
                53.2420322
              ],
              [
                34.3938464,
                53.2405659
              ],
              [
                34.3937402,
                53.2404949
              ],
              [
                34.3927998,
                53.2398662
              ],
              [
                34.3922811,
                53.2394872
              ],
              [
                34.3913249,
                53.2391853
              ],
              [
                34.3904974,
                53.238954
              ],
              [
                34.3895823,
                53.2388922
              ],
              [
                34.3890092,
                53.2389008
              ],
              [
                34.3884379,
                53.2389348
              ],
              [
                34.3866356,
                53.2390676
              ],
              [
                34.38651,
                53.2390782
              ],
              [
                34.3852309,
                53.2391859
              ],
              [
                34.3792148,
                53.2396727
              ],
              [
                34.3762859,
                53.2352522
              ],
              [
                34.3766855,
                53.2350331
              ],
              [
                34.3773624,
                53.2344204
              ],
              [
                34.3774185,
                53.2342842
              ],
              [
                34.3774319,
                53.2342053
              ],
              [
                34.3773106,
                53.2340284
              ],
              [
                34.3773316,
                53.2338663
              ],
              [
                34.3774791,
                53.2337753
              ],
              [
                34.3776772,
                53.2336716
              ],
              [
                34.3785388,
                53.2333942
              ],
              [
                34.3789609,
                53.2334912
              ],
              [
                34.3794714,
                53.2336675
              ],
              [
                34.3798042,
                53.2337422
              ],
              [
                34.3800475,
                53.2337623
              ],
              [
                34.3803093,
                53.2337447
              ],
              [
                34.380536,
                53.2337052
              ],
              [
                34.3807414,
                53.2336305
              ],
              [
                34.3808325,
                53.2335039
              ],
              [
                34.3808562,
                53.2333746
              ],
              [
                34.3808416,
                53.2331406
              ],
              [
                34.3807035,
                53.2329825
              ],
              [
                34.3806004,
                53.2328564
              ],
              [
                34.3805652,
                53.2327508
              ],
              [
                34.3805986,
                53.2326315
              ],
              [
                34.3807096,
                53.232405
              ],
              [
                34.3808314,
                53.2323167
              ],
              [
                34.381043,
                53.2322938
              ],
              [
                34.3812529,
                53.2322992
              ],
              [
                34.3817885,
                53.2323439
              ],
              [
                34.3821923,
                53.2323903
              ],
              [
                34.3824394,
                53.2323949
              ],
              [
                34.3827159,
                53.2323692
              ],
              [
                34.382921,
                53.2323856
              ],
              [
                34.38306,
                53.2324832
              ],
              [
                34.3831581,
                53.2325976
              ],
              [
                34.3832767,
                53.2328855
              ],
              [
                34.3833383,
                53.2331927
              ],
              [
                34.3834461,
                53.2335059
              ],
              [
                34.3835209,
                53.2335995
              ],
              [
                34.3836752,
                53.2337047
              ],
              [
                34.3838005,
                53.2339232
              ],
              [
                34.3839361,
                53.2341231
              ],
              [
                34.3842429,
                53.234313
              ],
              [
                34.384651,
                53.2345302
              ],
              [
                34.3854087,
                53.2348328
              ],
              [
                34.3859561,
                53.2349706
              ],
              [
                34.3861954,
                53.2349935
              ],
              [
                34.3864275,
                53.2349706
              ],
              [
                34.386721,
                53.2349014
              ],
              [
                34.3869523,
                53.2348712
              ],
              [
                34.3872636,
                53.2348961
              ],
              [
                34.3875344,
                53.2349046
              ],
              [
                34.3878002,
                53.2348713
              ],
              [
                34.3880411,
                53.2348334
              ],
              [
                34.3883873,
                53.2348517
              ],
              [
                34.3886684,
                53.2349193
              ],
              [
                34.389256,
                53.2352226
              ],
              [
                34.3897007,
                53.2353717
              ],
              [
                34.3901543,
                53.2355509
              ],
              [
                34.3906791,
                53.2358419
              ],
              [
                34.3915656,
                53.236188
              ],
              [
                34.3920074,
                53.2363921
              ],
              [
                34.3928269,
                53.2367039
              ],
              [
                34.39405,
                53.2373187
              ],
              [
                34.394779,
                53.237503
              ],
              [
                34.3951664,
                53.2375197
              ],
              [
                34.3954308,
                53.2375492
              ],
              [
                34.3957265,
                53.2376565
              ],
              [
                34.3960714,
                53.2378468
              ],
              [
                34.3963037,
                53.2379267
              ],
              [
                34.3966123,
                53.2379963
              ],
              [
                34.3970144,
                53.238043
              ],
              [
                34.39726,
                53.2380065
              ],
              [
                34.3974836,
                53.2379148
              ],
              [
                34.3976543,
                53.2378332
              ],
              [
                34.3978705,
                53.2377669
              ],
              [
                34.3980791,
                53.2377728
              ],
              [
                34.3982696,
                53.2378263
              ],
              [
                34.3984753,
                53.2379051
              ],
              [
                34.3986926,
                53.2380503
              ],
              [
                34.398763,
                53.2381547
              ],
              [
                34.3987496,
                53.238279
              ],
              [
                34.3987778,
                53.2384481
              ],
              [
                34.3989133,
                53.2386715
              ],
              [
                34.3990373,
                53.2387635
              ],
              [
                34.3992395,
                53.2388325
              ],
              [
                34.3995021,
                53.2388468
              ],
              [
                34.3997792,
                53.2387872
              ],
              [
                34.4003387,
                53.2384983
              ],
              [
                34.4008853,
                53.2381284
              ],
              [
                34.4018633,
                53.2375784
              ],
              [
                34.4022742,
                53.2374901
              ],
              [
                34.4028128,
                53.2371983
              ],
              [
                34.4028272,
                53.2368859
              ],
              [
                34.4028846,
                53.2367209
              ],
              [
                34.4031273,
                53.2366315
              ],
              [
                34.4033529,
                53.2365682
              ],
              [
                34.4035548,
                53.2364564
              ],
              [
                34.4037319,
                53.2362934
              ],
              [
                34.4038977,
                53.2361942
              ],
              [
                34.4042857,
                53.2361514
              ],
              [
                34.4046006,
                53.2360825
              ],
              [
                34.4049587,
                53.2360779
              ],
              [
                34.4056712,
                53.236103
              ],
              [
                34.406165,
                53.2360607
              ],
              [
                34.4066313,
                53.235965
              ],
              [
                34.4071383,
                53.2357948
              ],
              [
                34.4074009,
                53.2356789
              ],
              [
                34.4075834,
                53.2355548
              ],
              [
                34.4080436,
                53.2346554
              ],
              [
                34.4087775,
                53.2341182
              ],
              [
                34.4098171,
                53.2338594
              ],
              [
                34.410456,
                53.2337798
              ],
              [
                34.4110402,
                53.2333752
              ],
              [
                34.411214,
                53.2332012
              ],
              [
                34.4119242,
                53.2330924
              ],
              [
                34.4127074,
                53.2331755
              ],
              [
                34.4134048,
                53.2334064
              ],
              [
                34.4141993,
                53.2338235
              ],
              [
                34.4147502,
                53.2341581
              ],
              [
                34.4154304,
                53.2344278
              ],
              [
                34.4161745,
                53.2345459
              ],
              [
                34.4181559,
                53.2348024
              ],
              [
                34.4189538,
                53.2348651
              ],
              [
                34.420488,
                53.2351939
              ],
              [
                34.4209997,
                53.2352497
              ],
              [
                34.4215871,
                53.2352093
              ],
              [
                34.4227162,
                53.2352022
              ],
              [
                34.4237018,
                53.2352751
              ],
              [
                34.4250129,
                53.2356029
              ],
              [
                34.4255472,
                53.2357374
              ],
              [
                34.4261898,
                53.2359243
              ],
              [
                34.4267413,
                53.2362768
              ],
              [
                34.4269891,
                53.236674
              ],
              [
                34.4267831,
                53.2370403
              ],
              [
                34.4262998,
                53.2375861
              ],
              [
                34.4262376,
                53.2378761
              ],
              [
                34.4263132,
                53.2381005
              ],
              [
                34.4267391,
                53.2382799
              ],
              [
                34.4271574,
                53.2384215
              ],
              [
                34.4280139,
                53.2384473
              ],
              [
                34.428336,
                53.2384359
              ],
              [
                34.4285828,
                53.2384423
              ],
              [
                34.4289476,
                53.2384872
              ],
              [
                34.4294143,
                53.2385486
              ],
              [
                34.4300463,
                53.2385663
              ],
              [
                34.4301814,
                53.2385386
              ],
              [
                34.4303262,
                53.2384551
              ],
              [
                34.4304442,
                53.2384359
              ],
              [
                34.4308975,
                53.2384462
              ],
              [
                34.4313079,
                53.2384455
              ],
              [
                34.4316566,
                53.2384712
              ],
              [
                34.4319314,
                53.2385246
              ],
              [
                34.4321877,
                53.2386156
              ],
              [
                34.4323841,
                53.2387246
              ],
              [
                34.4326973,
                53.2388966
              ],
              [
                34.4327697,
                53.2389383
              ],
              [
                34.4328153,
                53.239033
              ],
              [
                34.4328555,
                53.2391133
              ],
              [
                34.4329034,
                53.2391847
              ],
              [
                34.4330111,
                53.2392577
              ],
              [
                34.4331667,
                53.2392915
              ],
              [
                34.4334617,
                53.2393285
              ],
              [
                34.4340759,
                53.2393573
              ],
              [
                34.4345073,
                53.2393247
              ],
              [
                34.4349879,
                53.2392465
              ],
              [
                34.435409,
                53.2391678
              ],
              [
                34.4356692,
                53.2391012
              ],
              [
                34.4358596,
                53.239017
              ],
              [
                34.4360957,
                53.2388404
              ],
              [
                34.4362931,
                53.2386536
              ],
              [
                34.436518,
                53.2384944
              ],
              [
                34.4367099,
                53.2384166
              ],
              [
                34.436909,
                53.2383865
              ],
              [
                34.4371203,
                53.2383925
              ],
              [
                34.4375452,
                53.238487
              ],
              [
                34.4379282,
                53.2388267
              ],
              [
                34.4380688,
                53.2392315
              ],
              [
                34.4384362,
                53.2395969
              ],
              [
                34.4391331,
                53.2398733
              ],
              [
                34.4394678,
                53.2401199
              ],
              [
                34.4396905,
                53.2404188
              ],
              [
                34.4400525,
                53.2410034
              ],
              [
                34.4406088,
                53.241543
              ],
              [
                34.4414537,
                53.2419806
              ],
              [
                34.4424022,
                53.2420823
              ],
              [
                34.4433619,
                53.2420159
              ],
              [
                34.4438205,
                53.2419726
              ],
              [
                34.4443273,
                53.242037
              ],
              [
                34.4452913,
                53.2421956
              ],
              [
                34.4465698,
                53.2421388
              ],
              [
                34.4482559,
                53.2417675
              ],
              [
                34.4489515,
                53.24155
              ],
              [
                34.4500083,
                53.2412771
              ],
              [
                34.4505501,
                53.2412065
              ],
              [
                34.4510436,
                53.2411744
              ],
              [
                34.4515908,
                53.2410267
              ],
              [
                34.4522184,
                53.2408983
              ],
              [
                34.4525456,
                53.2409272
              ],
              [
                34.4529802,
                53.2410909
              ],
              [
                34.4533127,
                53.2412225
              ],
              [
                34.4537097,
                53.2412482
              ],
              [
                34.4541013,
                53.2411262
              ],
              [
                34.4540691,
                53.2407089
              ],
              [
                34.453817,
                53.2402787
              ],
              [
                34.4535863,
                53.2397489
              ],
              [
                34.4536561,
                53.2395467
              ],
              [
                34.4539779,
                53.2394118
              ],
              [
                34.4544125,
                53.2393894
              ],
              [
                34.4548684,
                53.2394183
              ],
              [
                34.4552761,
                53.2395852
              ],
              [
                34.4556516,
                53.240009
              ],
              [
                34.4558769,
                53.240497
              ],
              [
                34.455995,
                53.2408694
              ],
              [
                34.4559413,
                53.2411198
              ],
              [
                34.4559199,
                53.2413766
              ],
              [
                34.4562632,
                53.2417137
              ],
              [
                34.4567513,
                53.2418806
              ],
              [
                34.4572556,
                53.2420026
              ],
              [
                34.457851,
                53.2419545
              ],
              [
                34.4583768,
                53.2417362
              ],
              [
                34.4587737,
                53.241566
              ],
              [
                34.458999,
                53.2412257
              ],
              [
                34.4590688,
                53.2410203
              ],
              [
                34.4587737,
                53.2406414
              ],
              [
                34.4588327,
                53.2404424
              ],
              [
                34.4589561,
                53.2402883
              ],
              [
                34.4593799,
                53.2400732
              ],
              [
                34.4597286,
                53.2399961
              ],
              [
                34.4601363,
                53.239842
              ],
              [
                34.4603723,
                53.2395114
              ],
              [
                34.4603509,
                53.2387665
              ],
              [
                34.4602328,
                53.23859
              ],
              [
                34.460029,
                53.2385546
              ],
              [
                34.4597447,
                53.2386092
              ],
              [
                34.4594657,
                53.2387665
              ],
              [
                34.4592297,
                53.2389913
              ],
              [
                34.4589829,
                53.2391069
              ],
              [
                34.4586825,
                53.239139
              ],
              [
                34.4584787,
                53.2390876
              ],
              [
                34.4581246,
                53.2389592
              ],
              [
                34.4579369,
                53.2387922
              ],
              [
                34.4579315,
                53.2385932
              ],
              [
                34.4580227,
                53.2382496
              ],
              [
                34.4582641,
                53.2379703
              ],
              [
                34.458468,
                53.2377937
              ],
              [
                34.4587952,
                53.2377038
              ],
              [
                34.4591278,
                53.2377006
              ],
              [
                34.4594657,
                53.2377584
              ],
              [
                34.4598734,
                53.2379157
              ],
              [
                34.4601738,
                53.2380121
              ],
              [
                34.460426,
                53.2380666
              ],
              [
                34.4607747,
                53.238041
              ],
              [
                34.4612038,
                53.2378901
              ],
              [
                34.4617027,
                53.237569
              ],
              [
                34.4619602,
                53.2373378
              ],
              [
                34.4625127,
                53.2371003
              ],
              [
                34.4637948,
                53.2368081
              ],
              [
                34.4640952,
                53.2366572
              ],
              [
                34.4645512,
                53.2364678
              ],
              [
                34.4650072,
                53.2363939
              ],
              [
                34.4655061,
                53.2363779
              ],
              [
                34.4659567,
                53.2365898
              ],
              [
                34.4663107,
                53.2368434
              ],
              [
                34.4665682,
                53.2369622
              ],
              [
                34.4669706,
                53.2370168
              ],
              [
                34.4673139,
                53.2370842
              ],
              [
                34.4676787,
                53.2371003
              ],
              [
                34.4679898,
                53.2370039
              ],
              [
                34.4683868,
                53.2367952
              ],
              [
                34.468714,
                53.236532
              ],
              [
                34.468832,
                53.236288
              ],
              [
                34.4688159,
                53.2356105
              ],
              [
                34.4688213,
                53.2352188
              ],
              [
                34.4689768,
                53.2349812
              ],
              [
                34.4692236,
                53.234734
              ],
              [
                34.4694114,
                53.2346441
              ],
              [
                34.4696367,
                53.2343872
              ],
              [
                34.4697332,
                53.2342202
              ],
              [
                34.4703555,
                53.2339473
              ],
              [
                34.4706345,
                53.2338028
              ],
              [
                34.4709134,
                53.2337033
              ],
              [
                34.4713426,
                53.2335973
              ],
              [
                34.4719541,
                53.2333629
              ],
              [
                34.4725871,
                53.233045
              ],
              [
                34.4729894,
                53.2327047
              ],
              [
                34.4737244,
                53.2318827
              ],
              [
                34.4742072,
                53.2314684
              ],
              [
                34.4751781,
                53.2308904
              ],
              [
                34.4757092,
                53.2306239
              ],
              [
                34.476133,
                53.230518
              ],
              [
                34.4767284,
                53.2305533
              ],
              [
                34.4772488,
                53.2306368
              ],
              [
                34.4783592,
                53.2307652
              ],
              [
                34.4790727,
                53.230823
              ],
              [
                34.4795501,
                53.2308391
              ],
              [
                34.4800597,
                53.2308551
              ],
              [
                34.4803601,
                53.2308359
              ],
              [
                34.4805908,
                53.2307492
              ],
              [
                34.480918,
                53.2306111
              ],
              [
                34.4812614,
                53.2303863
              ],
              [
                34.4814652,
                53.2302225
              ],
              [
                34.4815242,
                53.2299464
              ],
              [
                34.4815403,
                53.2292142
              ],
              [
                34.4815296,
                53.2288642
              ],
              [
                34.4816422,
                53.2286137
              ],
              [
                34.4818675,
                53.228421
              ],
              [
                34.4822699,
                53.2283054
              ],
              [
                34.482817,
                53.2282027
              ],
              [
                34.4833535,
                53.2281673
              ],
              [
                34.483729,
                53.228116
              ],
              [
                34.4849253,
                53.2277274
              ],
              [
                34.4859606,
                53.2268378
              ],
              [
                34.4867706,
                53.2262598
              ],
              [
                34.4871354,
                53.2261634
              ],
              [
                34.4875377,
                53.2261442
              ],
              [
                34.4881225,
                53.2262694
              ],
              [
                34.4888198,
                53.2264685
              ],
              [
                34.4897318,
                53.2266805
              ],
              [
                34.4907135,
                53.2268957
              ],
              [
                34.4913948,
                53.2270016
              ],
              [
                34.4916683,
                53.2270337
              ],
              [
                34.4922316,
                53.2269502
              ],
              [
                34.4926178,
                53.2269342
              ],
              [
                34.4929397,
                53.2268924
              ],
              [
                34.4936907,
                53.226703
              ],
              [
                34.4940931,
                53.2264396
              ],
              [
                34.4942486,
                53.2262662
              ],
              [
                34.4945329,
                53.2259194
              ],
              [
                34.494828,
                53.2253766
              ],
              [
                34.4950587,
                53.2251422
              ],
              [
                34.4953537,
                53.2249495
              ],
              [
                34.4959116,
                53.2248981
              ],
              [
                34.4967484,
                53.2248371
              ],
              [
                34.4969845,
                53.2249367
              ],
              [
                34.4995594,
                53.225367
              ],
              [
                34.5011795,
                53.2255886
              ],
              [
                34.504559,
                53.2258808
              ],
              [
                34.5067638,
                53.2260928
              ],
              [
                34.510197,
                53.2264428
              ],
              [
                34.5112163,
                53.2264878
              ],
              [
                34.5120763,
                53.2265373
              ],
              [
                34.5133996,
                53.2266741
              ],
              [
                34.5133835,
                53.2267833
              ],
              [
                34.5137054,
                53.2268346
              ],
              [
                34.5137,
                53.2269406
              ],
              [
                34.5144242,
                53.2270177
              ],
              [
                34.5153737,
                53.2270819
              ],
              [
                34.5159423,
                53.2270594
              ],
              [
                34.5165002,
                53.2270691
              ],
              [
                34.5176858,
                53.2272939
              ],
              [
                34.5183831,
                53.2274544
              ],
              [
                34.5208669,
                53.2276953
              ],
              [
                34.5228678,
                53.227843
              ],
              [
                34.5240641,
                53.2279393
              ],
              [
                34.5248741,
                53.2279554
              ],
              [
                34.5264459,
                53.2279426
              ],
              [
                34.528774,
                53.227965
              ],
              [
                34.5297235,
                53.2279939
              ],
              [
                34.5336663,
                53.2278191
              ],
              [
                34.5377772,
                53.2276498
              ],
              [
                34.5553064,
                53.2252867
              ],
              [
                34.5574478,
                53.2304365
              ],
              [
                34.5645332,
                53.2304826
              ],
              [
                34.5645118,
                53.2330386
              ],
              [
                34.5644474,
                53.2341239
              ],
              [
                34.5644259,
                53.235222
              ],
              [
                34.5638573,
                53.2353376
              ],
              [
                34.5639324,
                53.2355174
              ],
              [
                34.5617545,
                53.2357036
              ],
              [
                34.5617652,
                53.2357742
              ],
              [
                34.5610356,
                53.2358128
              ],
              [
                34.5610785,
                53.2363265
              ],
              [
                34.5612502,
                53.2366155
              ],
              [
                34.5615077,
                53.2368338
              ],
              [
                34.560821,
                53.2366861
              ],
              [
                34.5603061,
                53.2364549
              ],
              [
                34.5596623,
                53.2359091
              ],
              [
                34.559319,
                53.235755
              ],
              [
                34.5588469,
                53.235755
              ],
              [
                34.5583641,
                53.2358963
              ],
              [
                34.5569074,
                53.2359716
              ],
              [
                34.5555693,
                53.2361563
              ],
              [
                34.5552367,
                53.2362462
              ],
              [
                34.5547056,
                53.236532
              ],
              [
                34.554314,
                53.2367728
              ],
              [
                34.5537293,
                53.2372608
              ],
              [
                34.5531714,
                53.2375979
              ],
              [
                34.5526296,
                53.2378066
              ],
              [
                34.5516908,
                53.2379896
              ],
              [
                34.5509988,
                53.2379832
              ],
              [
                34.5502961,
                53.2380121
              ],
              [
                34.5500439,
                53.2380795
              ],
              [
                34.5494538,
                53.2383492
              ],
              [
                34.5489442,
                53.2384359
              ],
              [
                34.5484132,
                53.2384005
              ],
              [
                34.5480215,
                53.2382818
              ],
              [
                34.5478553,
                53.2378965
              ],
              [
                34.5478713,
                53.2375112
              ],
              [
                34.5477641,
                53.2369526
              ],
              [
                34.5475334,
                53.2366636
              ],
              [
                34.5473027,
                53.2365352
              ],
              [
                34.5467985,
                53.2365159
              ],
              [
                34.5463479,
                53.2366283
              ],
              [
                34.5457264,
                53.2369265
              ],
              [
                34.5449316,
                53.2370938
              ],
              [
                34.5444542,
                53.2371548
              ],
              [
                34.5438588,
                53.237158
              ],
              [
                34.5466375,
                53.2420283
              ],
              [
                34.5473778,
                53.2430042
              ],
              [
                34.5483649,
                53.2439416
              ],
              [
                34.5496738,
                53.2450747
              ],
              [
                34.5512295,
                53.2458772
              ],
              [
                34.5520985,
                53.2462399
              ],
              [
                34.5480351,
                53.2472146
              ],
              [
                34.5456666,
                53.2478545
              ],
              [
                34.5464015,
                53.2542448
              ],
              [
                34.5466804,
                53.2576337
              ],
              [
                34.5468628,
                53.2583429
              ],
              [
                34.5470881,
                53.2590938
              ],
              [
                34.5473885,
                53.2591324
              ],
              [
                34.5475548,
                53.259235
              ],
              [
                34.5466053,
                53.2594532
              ],
              [
                34.5462513,
                53.2593313
              ],
              [
                34.5399856,
                53.2612855
              ],
              [
                34.5395565,
                53.2665733
              ],
              [
                34.5236812,
                53.2665833
              ],
              [
                34.5145047,
                53.2667979
              ],
              [
                34.5145154,
                53.2693389
              ],
              [
                34.4848716,
                53.2663808
              ],
              [
                34.4860947,
                53.2675166
              ],
              [
                34.4888413,
                53.2692042
              ],
              [
                34.4898391,
                53.2698073
              ],
              [
                34.4905686,
                53.2701602
              ],
              [
                34.4913089,
                53.2704746
              ],
              [
                34.4919419,
                53.2707248
              ],
              [
                34.492414,
                53.2711419
              ],
              [
                34.4934869,
                53.2724572
              ],
              [
                34.4938624,
                53.2728614
              ],
              [
                34.4951928,
                53.2739713
              ],
              [
                34.4984865,
                53.2769481
              ],
              [
                34.503057,
                53.2811307
              ],
              [
                34.5057821,
                53.2837413
              ],
              [
                34.505471,
                53.283876
              ],
              [
                34.5062542,
                53.2848702
              ],
              [
                34.5066941,
                53.2853834
              ],
              [
                34.5074022,
                53.2860761
              ],
              [
                34.5077562,
                53.2866084
              ],
              [
                34.5079493,
                53.2870638
              ],
              [
                34.508636,
                53.2873075
              ],
              [
                34.5091188,
                53.2877308
              ],
              [
                34.5066297,
                53.2891995
              ],
              [
                34.5044303,
                53.2898473
              ],
              [
                34.5029497,
                53.2888853
              ],
              [
                34.5027244,
                53.2885838
              ],
              [
                34.5023703,
                53.2878463
              ],
              [
                34.5017695,
                53.2865892
              ],
              [
                34.5011473,
                53.2853962
              ],
              [
                34.5003855,
                53.2846457
              ],
              [
                34.4992697,
                53.2836002
              ],
              [
                34.4986796,
                53.2829909
              ],
              [
                34.4946456,
                53.2794756
              ],
              [
                34.4924676,
                53.2775575
              ],
              [
                34.4919097,
                53.2772111
              ],
              [
                34.4914377,
                53.2770315
              ],
              [
                34.4906974,
                53.2768198
              ],
              [
                34.4902146,
                53.2765183
              ],
              [
                34.4899785,
                53.274908
              ],
              [
                34.4903433,
                53.2745102
              ],
              [
                34.4869852,
                53.2713857
              ],
              [
                34.4864488,
                53.2709301
              ],
              [
                34.4857943,
                53.2703655
              ],
              [
                34.4823718,
                53.2685304
              ],
              [
                34.4780159,
                53.2661562
              ],
              [
                34.4744646,
                53.2642375
              ],
              [
                34.4735229,
                53.2635915
              ],
              [
                34.4717279,
                53.2645245
              ],
              [
                34.4647824,
                53.2671798
              ],
              [
                34.4622981,
                53.2642953
              ],
              [
                34.4672441,
                53.2627551
              ],
              [
                34.466815,
                53.2622867
              ],
              [
                34.4684538,
                53.2612647
              ],
              [
                34.4676321,
                53.2604145
              ],
              [
                34.467625,
                53.2604031
              ],
              [
                34.467507,
                53.2600533
              ],
              [
                34.4655383,
                53.2601881
              ],
              [
                34.4639425,
                53.2600526
              ],
              [
                34.4638753,
                53.2600469
              ],
              [
                34.4628292,
                53.2597356
              ],
              [
                34.4618532,
                53.2595426
              ],
              [
                34.4614097,
                53.2594564
              ],
              [
                34.461295,
                53.259434
              ],
              [
                34.4614291,
                53.2590393
              ],
              [
                34.4627219,
                53.2591163
              ],
              [
                34.4628185,
                53.2579932
              ],
              [
                34.4623678,
                53.2578519
              ],
              [
                34.4587147,
                53.2574958
              ],
              [
                34.4544822,
                53.2571235
              ],
              [
                34.4509524,
                53.2568187
              ],
              [
                34.450775,
                53.2581366
              ],
              [
                34.4506681,
                53.2589302
              ],
              [
                34.4468057,
                53.2592318
              ],
              [
                34.4479108,
                53.2603678
              ],
              [
                34.4435012,
                53.2643595
              ],
              [
                34.4485116,
                53.2644172
              ],
              [
                34.4455075,
                53.274414
              ],
              [
                34.4462049,
                53.2742985
              ],
              [
                34.4468203,
                53.2746666
              ],
              [
                34.4470632,
                53.2748118
              ],
              [
                34.4467199,
                53.2753378
              ],
              [
                34.4468379,
                53.275556
              ],
              [
                34.4486081,
                53.275479
              ],
              [
                34.4503784,
                53.2758896
              ],
              [
                34.4500891,
                53.2764699
              ],
              [
                34.4498634,
                53.2769224
              ],
              [
                34.4492626,
                53.2768775
              ],
              [
                34.4469237,
                53.2769417
              ],
              [
                34.4467306,
                53.2771726
              ],
              [
                34.4446707,
                53.276993
              ],
              [
                34.4434905,
                53.2767043
              ],
              [
                34.4425034,
                53.2766658
              ],
              [
                34.4365275,
                53.275819
              ],
              [
                34.428513,
                53.2831641
              ],
              [
                34.4242859,
                53.2840492
              ],
              [
                34.4240283,
                53.2846265
              ],
              [
                34.4251442,
                53.2853224
              ],
              [
                34.4260561,
                53.285563
              ],
              [
                34.4273694,
                53.2854035
              ],
              [
                34.4276613,
                53.2854344
              ],
              [
                34.4283306,
                53.2855053
              ],
              [
                34.4286203,
                53.2855983
              ],
              [
                34.4290518,
                53.2858335
              ],
              [
                34.4294006,
                53.2861232
              ],
              [
                34.429816,
                53.2866449
              ],
              [
                34.4300151,
                53.2870735
              ],
              [
                34.4302297,
                53.287455
              ],
              [
                34.4296074,
                53.2876987
              ],
              [
                34.4284594,
                53.2872306
              ],
              [
                34.4274509,
                53.2868586
              ],
              [
                34.4252408,
                53.2862909
              ],
              [
                34.4229555,
                53.2860119
              ],
              [
                34.4229126,
                53.2868137
              ],
              [
                34.4225693,
                53.2873267
              ],
              [
                34.4223654,
                53.2875448
              ],
              [
                34.4165289,
                53.2873396
              ],
              [
                34.414072,
                53.2873524
              ],
              [
                34.4037723,
                53.2896549
              ],
              [
                34.4013369,
                53.2927909
              ],
              [
                34.3910694,
                53.2989276
              ],
              [
                34.3902647,
                53.2977414
              ],
              [
                34.3892991,
                53.2979658
              ],
              [
                34.3911874,
                53.3004601
              ],
              [
                34.3933439,
                53.3033773
              ],
              [
                34.3951249,
                53.3058264
              ],
              [
                34.3969166,
                53.3082112
              ],
              [
                34.3987405,
                53.3104676
              ],
              [
                34.3997598,
                53.311442
              ],
              [
                34.4006824,
                53.3121022
              ],
              [
                34.4023132,
                53.3130252
              ],
              [
                34.4037509,
                53.3136278
              ],
              [
                34.4062292,
                53.3144546
              ],
              [
                34.405725,
                53.3150764
              ],
              [
                34.4045555,
                53.314679
              ],
              [
                34.4047272,
                53.3143585
              ],
              [
                34.4037616,
                53.3140764
              ],
              [
                34.4025493,
                53.3136278
              ],
              [
                34.4010472,
                53.3129804
              ],
              [
                34.3997168,
                53.3122817
              ],
              [
                34.3987834,
                53.3113907
              ],
              [
                34.3970239,
                53.3092304
              ],
              [
                34.3951142,
                53.3065828
              ],
              [
                34.3905222,
                53.300319
              ],
              [
                34.3888807,
                53.2980748
              ],
              [
                34.3885642,
                53.2981486
              ],
              [
                34.3874967,
                53.2968437
              ],
              [
                34.3859839,
                53.295683
              ],
              [
                34.3811238,
                53.2929384
              ],
              [
                34.3789351,
                53.2918226
              ],
              [
                34.3774438,
                53.2905976
              ],
              [
                34.3771005,
                53.289982
              ],
              [
                34.3769288,
                53.2892829
              ],
              [
                34.3775189,
                53.2883273
              ],
              [
                34.3745577,
                53.2891546
              ],
              [
                34.3717682,
                53.2898216
              ],
              [
                34.3695259,
                53.2915468
              ],
              [
                34.3575525,
                53.2942723
              ],
              [
                34.357928,
                53.3016911
              ],
              [
                34.3542588,
                53.302781
              ],
              [
                34.3473494,
                53.3049609
              ],
              [
                34.3424141,
                53.3065444
              ],
              [
                34.3418026,
                53.306429
              ],
              [
                34.3417919,
                53.3049673
              ],
              [
                34.3446779,
                53.3041723
              ],
              [
                34.3444419,
                53.3034607
              ],
              [
                34.3431222,
                53.29937
              ],
              [
                34.3500209,
                53.3004793
              ],
              [
                34.3504929,
                53.2998638
              ],
              [
                34.3523919,
                53.2972669
              ],
              [
                34.3480146,
                53.294362
              ],
              [
                34.3451071,
                53.2924254
              ],
              [
                34.3411374,
                53.289796
              ],
              [
                34.3348932,
                53.2897126
              ],
              [
                34.3347216,
                53.2893727
              ],
              [
                34.334743,
                53.289129
              ],
              [
                34.3349361,
                53.2888789
              ],
              [
                34.3351936,
                53.2874615
              ],
              [
                34.3352902,
                53.2872562
              ],
              [
                34.3359232,
                53.287237
              ],
              [
                34.3359446,
                53.287051
              ],
              [
                34.3358803,
                53.2868201
              ],
              [
                34.335773,
                53.2864866
              ],
              [
                34.3358481,
                53.2861787
              ],
              [
                34.3359232,
                53.2859542
              ],
              [
                34.3357944,
                53.2856656
              ],
              [
                34.3359554,
                53.285486
              ],
              [
                34.3359125,
                53.285377
              ],
              [
                34.336157,
                53.2847914
              ],
              [
                34.3380776,
                53.2841598
              ],
              [
                34.3420536,
                53.2831048
              ],
              [
                34.3434783,
                53.2827017
              ],
              [
                34.3440182,
                53.2826549
              ],
              [
                34.3474428,
                53.281614
              ],
              [
                34.3508271,
                53.2803917
              ],
              [
                34.3518679,
                53.2801979
              ],
              [
                34.3545619,
                53.2795102
              ],
              [
                34.3578235,
                53.2795215
              ],
              [
                34.3591545,
                53.2796813
              ],
              [
                34.3603738,
                53.2789913
              ],
              [
                34.3620238,
                53.2785445
              ],
              [
                34.3632546,
                53.2784415
              ],
              [
                34.3645021,
                53.2784675
              ],
              [
                34.3655638,
                53.2781278
              ],
              [
                34.3660923,
                53.2773381
              ],
              [
                34.3663848,
                53.2765803
              ],
              [
                34.367584,
                53.2758062
              ],
              [
                34.3740803,
                53.2734612
              ],
              [
                34.3781948,
                53.2710777
              ],
              [
                34.3808234,
                53.2695057
              ],
              [
                34.3822371,
                53.2687319
              ]
            ],
            [
              [
                34.5037544,
                53.285781
              ],
              [
                34.5054442,
                53.2873556
              ],
              [
                34.5066297,
                53.2869484
              ],
              [
                34.5059431,
                53.2861402
              ],
              [
                34.504779,
                53.2854186
              ],
              [
                34.5037544,
                53.285781
              ]
            ],
            [
              [
                34.5033225,
                53.2887997
              ],
              [
                34.5047162,
                53.2889278
              ],
              [
                34.5058119,
                53.2884603
              ],
              [
                34.504641,
                53.2873521
              ],
              [
                34.5041694,
                53.2868126
              ],
              [
                34.5027506,
                53.2873521
              ],
              [
                34.5028138,
                53.2883296
              ],
              [
                34.5033225,
                53.2887997
              ]
            ]
          ],
          [
            [
              [
                34.5420456,
                53.1889844
              ],
              [
                34.5407152,
                53.1895501
              ],
              [
                34.5400768,
                53.1897847
              ],
              [
                34.5396423,
                53.1900547
              ],
              [
                34.5399857,
                53.1902797
              ],
              [
                34.5371471,
                53.190942
              ],
              [
                34.5370416,
                53.190647
              ],
              [
                34.5350109,
                53.1909736
              ],
              [
                34.530466,
                53.1910578
              ],
              [
                34.5286667,
                53.1914593
              ],
              [
                34.5271379,
                53.1918418
              ],
              [
                34.5258397,
                53.1923142
              ],
              [
                34.5257163,
                53.1921696
              ],
              [
                34.5258504,
                53.1921278
              ],
              [
                34.5253247,
                53.1914432
              ],
              [
                34.5259094,
                53.1912054
              ],
              [
                34.5260167,
                53.1907168
              ],
              [
                34.5260489,
                53.1903312
              ],
              [
                34.5284951,
                53.1900997
              ],
              [
                34.5329529,
                53.1897494
              ],
              [
                34.5352328,
                53.1897108
              ],
              [
                34.5360804,
                53.1897494
              ],
              [
                34.5363647,
                53.1899005
              ],
              [
                34.5372552,
                53.1898394
              ],
              [
                34.5372981,
                53.189624
              ],
              [
                34.5387304,
                53.1894794
              ],
              [
                34.538961,
                53.1897012
              ],
              [
                34.539637,
                53.1895501
              ],
              [
                34.5395404,
                53.1892158
              ],
              [
                34.5400608,
                53.1889651
              ],
              [
                34.540447,
                53.1889491
              ],
              [
                34.5407152,
                53.1889073
              ],
              [
                34.541604,
                53.1884875
              ],
              [
                34.5420456,
                53.1889844
              ]
            ]
          ],
          [
            [
              [
                34.5062026,
                53.2165755
              ],
              [
                34.5059967,
                53.2170195
              ],
              [
                34.5039046,
                53.2169552
              ],
              [
                34.5041084,
                53.2137044
              ],
              [
                34.5041563,
                53.2131531
              ],
              [
                34.5088372,
                53.2132997
              ],
              [
                34.5088506,
                53.2130748
              ],
              [
                34.5089444,
                53.2109706
              ],
              [
                34.5096874,
                53.2107409
              ],
              [
                34.5101407,
                53.2105096
              ],
              [
                34.5102346,
                53.210349
              ],
              [
                34.51024,
                53.2097578
              ],
              [
                34.5100522,
                53.2092325
              ],
              [
                34.5096981,
                53.2085033
              ],
              [
                34.5093548,
                53.2080856
              ],
              [
                34.5086306,
                53.2080824
              ],
              [
                34.5076436,
                53.2078575
              ],
              [
                34.5076919,
                53.2077354
              ],
              [
                34.5092744,
                53.2073145
              ],
              [
                34.5092153,
                53.2069675
              ],
              [
                34.5106771,
                53.2068246
              ],
              [
                34.5111036,
                53.2079025
              ],
              [
                34.5112693,
                53.2081258
              ],
              [
                34.5119624,
                53.2086937
              ],
              [
                34.5126361,
                53.2090809
              ],
              [
                34.5128497,
                53.2091795
              ],
              [
                34.513126,
                53.2092839
              ],
              [
                34.5133084,
                53.209337
              ],
              [
                34.5137054,
                53.2094414
              ],
              [
                34.5140165,
                53.2094703
              ],
              [
                34.5145368,
                53.2096004
              ],
              [
                34.5151001,
                53.2097931
              ],
              [
                34.5154542,
                53.2096052
              ],
              [
                34.5159853,
                53.2092986
              ],
              [
                34.5159182,
                53.2091394
              ],
              [
                34.5157573,
                53.2088791
              ],
              [
                34.5159423,
                53.2088085
              ],
              [
                34.515548,
                53.2082462
              ],
              [
                34.5160523,
                53.2080502
              ],
              [
                34.5166048,
                53.2080085
              ],
              [
                34.5169455,
                53.2080326
              ],
              [
                34.5170286,
                53.2080776
              ],
              [
                34.5175167,
                53.2080983
              ],
              [
                34.5188659,
                53.2098108
              ],
              [
                34.518984,
                53.2101482
              ],
              [
                34.5168489,
                53.2112115
              ],
              [
                34.5164251,
                53.2115585
              ],
              [
                34.5159209,
                53.2121785
              ],
              [
                34.5165244,
                53.2127215
              ],
              [
                34.5168167,
                53.2133221
              ],
              [
                34.5168919,
                53.2134876
              ],
              [
                34.5180666,
                53.2134378
              ],
              [
                34.5186943,
                53.2134892
              ],
              [
                34.5216018,
                53.213661
              ],
              [
                34.5219478,
                53.2136675
              ],
              [
                34.5222509,
                53.2136851
              ],
              [
                34.5222375,
                53.2140465
              ],
              [
                34.5221999,
                53.2143517
              ],
              [
                34.5219988,
                53.2144914
              ],
              [
                34.521685,
                53.2145894
              ],
              [
                34.5187694,
                53.2142152
              ],
              [
                34.5188284,
                53.2145204
              ],
              [
                34.5208722,
                53.2147356
              ],
              [
                34.5217735,
                53.2151757
              ],
              [
                34.5218056,
                53.215892
              ],
              [
                34.519515,
                53.2163337
              ],
              [
                34.5193407,
                53.2161104
              ],
              [
                34.5191824,
                53.2159225
              ],
              [
                34.5185012,
                53.2158599
              ],
              [
                34.5176858,
                53.2157635
              ],
              [
                34.5168918,
                53.216512
              ],
              [
                34.5166129,
                53.2166147
              ],
              [
                34.5161301,
                53.2164349
              ],
              [
                34.5156634,
                53.2163546
              ],
              [
                34.514789,
                53.2165923
              ],
              [
                34.5139529,
                53.2167354
              ],
              [
                34.5106255,
                53.2163866
              ],
              [
                34.5083168,
                53.2161393
              ],
              [
                34.5077643,
                53.2160799
              ],
              [
                34.50726,
                53.2160655
              ],
              [
                34.50639,
                53.2161713
              ],
              [
                34.5062026,
                53.2165755
              ]
            ]
          ]
        ]
      },
      "id": "relation/5518666"
    }
  ]
}