{
  "type": "FeatureCollection",
  "generator": "overpass-turbo",
  "copyright": "The data included in this document is from www.openstreetmap.org. The data is made available under ODbL.",
  "timestamp": "2026-06-14T21:37:42Z",
  "features": [
    {
      "type": "Feature",
      "properties": {
        "@id": "relation/20374103",
        "admin_level": "9",
        "boundary": "administrative",
        "name": "Северный промышленный район",
        "type": "boundary"
      },
      "geometry": {
        "type": "Polygon",
        "coordinates": [
          [
            [
              73.3736848,
              61.2755304
            ],
            [
              73.3734681,
              61.2750285
            ],
            [
              73.3726238,
              61.2731257
            ],
            [
              73.3724675,
              61.2727735
            ],
            [
              73.3723607,
              61.2725328
            ],
            [
              73.3722831,
              61.2723532
            ],
            [
              73.3720634,
              61.2718525
            ],
            [
              73.3718886,
              61.2714355
            ],
            [
              73.3717545,
              61.2711448
            ],
            [
              73.3714099,
              61.270292
            ],
            [
              73.3713416,
              61.270128
            ],
            [
              73.3712304,
              61.2698751
            ],
            [
              73.3716076,
              61.269833
            ],
            [
              73.3726362,
              61.2697243
            ],
            [
              73.3741285,
              61.2695512
            ],
            [
              73.3742384,
              61.2695379
            ],
            [
              73.3756402,
              61.2693781
            ],
            [
              73.3765156,
              61.2692772
            ],
            [
              73.3769024,
              61.2692338
            ],
            [
              73.3771477,
              61.2692077
            ],
            [
              73.3777579,
              61.2691312
            ],
            [
              73.3778523,
              61.2691202
            ],
            [
              73.3780528,
              61.2690966
            ],
            [
              73.3788185,
              61.2690065
            ],
            [
              73.3795582,
              61.2689202
            ],
            [
              73.3799797,
              61.2688694
            ],
            [
              73.3814386,
              61.2686933
            ],
            [
              73.3817781,
              61.2686533
            ],
            [
              73.382056,
              61.2686181
            ],
            [
              73.3836445,
              61.2684366
            ],
            [
              73.3844021,
              61.2683432
            ],
            [
              73.3847703,
              61.2683013
            ],
            [
              73.3854457,
              61.2682242
            ],
            [
              73.3862702,
              61.2681294
            ],
            [
              73.3864542,
              61.2681082
            ],
            [
              73.3873659,
              61.2680033
            ],
            [
              73.3875068,
              61.2679871
            ],
            [
              73.3886047,
              61.2678614
            ],
            [
              73.3891476,
              61.2677992
            ],
            [
              73.3892329,
              61.2677894
            ],
            [
              73.3893922,
              61.2677711
            ],
            [
              73.3896054,
              61.2677467
            ],
            [
              73.3898274,
              61.2677213
            ],
            [
              73.3903799,
              61.267658
            ],
            [
              73.3916501,
              61.2675034
            ],
            [
              73.3919717,
              61.2674678
            ],
            [
              73.392236,
              61.2674359
            ],
            [
              73.3939279,
              61.267253
            ],
            [
              73.3945636,
              61.2671818
            ],
            [
              73.3962736,
              61.2669809
            ],
            [
              73.396532,
              61.2669512
            ],
            [
              73.3967926,
              61.2669186
            ],
            [
              73.3970378,
              61.266891
            ],
            [
              73.397588,
              61.266829
            ],
            [
              73.397931,
              61.2667899
            ],
            [
              73.3982867,
              61.2667497
            ],
            [
              73.3998444,
              61.2665734
            ],
            [
              73.4020029,
              61.2663244
            ],
            [
              73.4024746,
              61.2662712
            ],
            [
              73.4030098,
              61.2662075
            ],
            [
              73.4039594,
              61.2660946
            ],
            [
              73.4044707,
              61.2660355
            ],
            [
              73.404981,
              61.2659765
            ],
            [
              73.4052552,
              61.2659448
            ],
            [
              73.4058241,
              61.2658818
            ],
            [
              73.4063566,
              61.265822
            ],
            [
              73.40653,
              61.2658025
            ],
            [
              73.4066827,
              61.2657854
            ],
            [
              73.4068592,
              61.2657656
            ],
            [
              73.4072287,
              61.2657253
            ],
            [
              73.4074406,
              61.2657021
            ],
            [
              73.4079014,
              61.2656497
            ],
            [
              73.4080792,
              61.2656302
            ],
            [
              73.4083651,
              61.2655991
            ],
            [
              73.408959,
              61.26553
            ],
            [
              73.4094139,
              61.265477
            ],
            [
              73.4114444,
              61.2652336
            ],
            [
              73.4121065,
              61.2651572
            ],
            [
              73.4125689,
              61.2651027
            ],
            [
              73.4126981,
              61.2650871
            ],
            [
              73.413159,
              61.2650344
            ],
            [
              73.414225,
              61.264913
            ],
            [
              73.4143257,
              61.264901
            ],
            [
              73.4148836,
              61.2648368
            ],
            [
              73.4153007,
              61.2647886
            ],
            [
              73.4155673,
              61.2647579
            ],
            [
              73.4157206,
              61.2647402
            ],
            [
              73.4167101,
              61.2646309
            ],
            [
              73.4168574,
              61.2646146
            ],
            [
              73.4172138,
              61.2645737
            ],
            [
              73.4175125,
              61.2645388
            ],
            [
              73.418023,
              61.2644823
            ],
            [
              73.4181745,
              61.2644652
            ],
            [
              73.4187445,
              61.2644008
            ],
            [
              73.4199064,
              61.2642777
            ],
            [
              73.4200575,
              61.2642601
            ],
            [
              73.4204704,
              61.2642169
            ],
            [
              73.4212332,
              61.2641233
            ],
            [
              73.421692,
              61.2640647
            ],
            [
              73.4219702,
              61.2640265
            ],
            [
              73.4229024,
              61.2638827
            ],
            [
              73.4236603,
              61.2637708
            ],
            [
              73.4244856,
              61.2636489
            ],
            [
              73.4249848,
              61.2635774
            ],
            [
              73.4259738,
              61.2634359
            ],
            [
              73.4262632,
              61.2633945
            ],
            [
              73.4266586,
              61.2633379
            ],
            [
              73.4272339,
              61.2632555
            ],
            [
              73.4275374,
              61.2632121
            ],
            [
              73.4277084,
              61.2631876
            ],
            [
              73.4279352,
              61.2631551
            ],
            [
              73.4281506,
              61.2631243
            ],
            [
              73.4291803,
              61.2629769
            ],
            [
              73.4296218,
              61.2629137
            ],
            [
              73.4306848,
              61.2627616
            ],
            [
              73.4310507,
              61.2627093
            ],
            [
              73.4311594,
              61.2626937
            ],
            [
              73.4320634,
              61.2625643
            ],
            [
              73.4323217,
              61.2625274
            ],
            [
              73.432424,
              61.2625128
            ],
            [
              73.4326151,
              61.2624854
            ],
            [
              73.4327786,
              61.262462
            ],
            [
              73.4331218,
              61.2624129
            ],
            [
              73.4334498,
              61.2623659
            ],
            [
              73.4335339,
              61.2623539
            ],
            [
              73.4340618,
              61.2622783
            ],
            [
              73.4345928,
              61.2622023
            ],
            [
              73.4349214,
              61.2621512
            ],
            [
              73.4352223,
              61.2621064
            ],
            [
              73.4356949,
              61.2620066
            ],
            [
              73.4359322,
              61.2619453
            ],
            [
              73.4361234,
              61.2618959
            ],
            [
              73.4369154,
              61.2616458
            ],
            [
              73.4374053,
              61.2614944
            ],
            [
              73.4378033,
              61.2613977
            ],
            [
              73.4383706,
              61.2612954
            ],
            [
              73.4389297,
              61.2612072
            ],
            [
              73.4392683,
              61.2611597
            ],
            [
              73.4403692,
              61.2610051
            ],
            [
              73.4408137,
              61.2609427
            ],
            [
              73.443571,
              61.2605357
            ],
            [
              73.4451366,
              61.2603051
            ],
            [
              73.4476988,
              61.2599277
            ],
            [
              73.4488019,
              61.2597713
            ],
            [
              73.4490598,
              61.2597346
            ],
            [
              73.4501948,
              61.2595738
            ],
            [
              73.4509467,
              61.2594695
            ],
            [
              73.4513253,
              61.2594099
            ],
            [
              73.4517462,
              61.2593413
            ],
            [
              73.4520144,
              61.259285
            ],
            [
              73.4523166,
              61.2592075
            ],
            [
              73.4525984,
              61.2591006
            ],
            [
              73.4528195,
              61.2589858
            ],
            [
              73.4530079,
              61.2588438
            ],
            [
              73.453164,
              61.2586846
            ],
            [
              73.453366,
              61.2584356
            ],
            [
              73.4535143,
              61.2582711
            ],
            [
              73.4535987,
              61.2583065
            ],
            [
              73.4538548,
              61.2583524
            ],
            [
              73.4549071,
              61.2585176
            ],
            [
              73.4554253,
              61.2585862
            ],
            [
              73.4566304,
              61.2587659
            ],
            [
              73.4581838,
              61.258975
            ],
            [
              73.4586957,
              61.2590397
            ],
            [
              73.459435,
              61.2591284
            ],
            [
              73.4608124,
              61.2592675
            ],
            [
              73.4617943,
              61.2593571
            ],
            [
              73.462902,
              61.2594461
            ],
            [
              73.4631101,
              61.2594623
            ],
            [
              73.4635569,
              61.2594961
            ],
            [
              73.4639562,
              61.2595247
            ],
            [
              73.4643348,
              61.2595478
            ],
            [
              73.4653087,
              61.2596157
            ],
            [
              73.4666461,
              61.2597011
            ],
            [
              73.4676122,
              61.2597552
            ],
            [
              73.4707235,
              61.2599415
            ],
            [
              73.4722174,
              61.2600253
            ],
            [
              73.4726063,
              61.2600364
            ],
            [
              73.4740033,
              61.2601206
            ],
            [
              73.4743737,
              61.2601341
            ],
            [
              73.4746563,
              61.2601491
            ],
            [
              73.4750134,
              61.2601753
            ],
            [
              73.4752359,
              61.2602184
            ],
            [
              73.4754002,
              61.2602698
            ],
            [
              73.4755601,
              61.2603363
            ],
            [
              73.475675,
              61.2604179
            ],
            [
              73.4757313,
              61.2604749
            ],
            [
              73.4758096,
              61.2605255
            ],
            [
              73.4759168,
              61.2605987
            ],
            [
              73.4761617,
              61.2607442
            ],
            [
              73.4763344,
              61.2608876
            ],
            [
              73.4764174,
              61.2610167
            ],
            [
              73.4764695,
              61.2611257
            ],
            [
              73.4765178,
              61.2612546
            ],
            [
              73.4765767,
              61.2613785
            ],
            [
              73.4765631,
              61.2617167
            ],
            [
              73.476532,
              61.2623826
            ],
            [
              73.476506,
              61.2630357
            ],
            [
              73.4764991,
              61.2631878
            ],
            [
              73.4764209,
              61.2649706
            ],
            [
              73.4764047,
              61.2654136
            ],
            [
              73.4763424,
              61.266629
            ],
            [
              73.4762876,
              61.2677239
            ],
            [
              73.476283,
              61.2680564
            ],
            [
              73.4761366,
              61.2702941
            ],
            [
              73.4759461,
              61.2703339
            ],
            [
              73.4713837,
              61.27129
            ],
            [
              73.4694408,
              61.2717898
            ],
            [
              73.4684674,
              61.2720906
            ],
            [
              73.4675641,
              61.2724402
            ],
            [
              73.4666348,
              61.2728162
            ],
            [
              73.4657856,
              61.2732149
            ],
            [
              73.4649164,
              61.2736994
            ],
            [
              73.4641015,
              61.274206
            ],
            [
              73.4632333,
              61.274841
            ],
            [
              73.4624917,
              61.2754736
            ],
            [
              73.4622331,
              61.2757055
            ],
            [
              73.4608625,
              61.276893
            ],
            [
              73.4606954,
              61.2770378
            ],
            [
              73.4596577,
              61.2779196
            ],
            [
              73.4590258,
              61.2784551
            ],
            [
              73.4586004,
              61.2787783
            ],
            [
              73.4576502,
              61.2793862
            ],
            [
              73.4569831,
              61.2797459
            ],
            [
              73.4562903,
              61.2800463
            ],
            [
              73.4557144,
              61.2802841
            ],
            [
              73.4551521,
              61.2805045
            ],
            [
              73.4539487,
              61.2808993
            ],
            [
              73.4532694,
              61.2810814
            ],
            [
              73.4524906,
              61.2812674
            ],
            [
              73.4518212,
              61.2814018
            ],
            [
              73.4511099,
              61.281525
            ],
            [
              73.4503915,
              61.281636
            ],
            [
              73.4493332,
              61.2817798
            ],
            [
              73.4482946,
              61.2819148
            ],
            [
              73.4463727,
              61.2821749
            ],
            [
              73.4434931,
              61.2825709
            ],
            [
              73.4414634,
              61.2828432
            ],
            [
              73.4336478,
              61.2839171
            ],
            [
              73.423964,
              61.2852313
            ],
            [
              73.4224044,
              61.2854331
            ],
            [
              73.419055,
              61.2858912
            ],
            [
              73.4172057,
              61.2861424
            ],
            [
              73.414005,
              61.2865865
            ],
            [
              73.4124044,
              61.2868269
            ],
            [
              73.4110023,
              61.2871367
            ],
            [
              73.4099956,
              61.2874113
            ],
            [
              73.4089218,
              61.2877661
            ],
            [
              73.4079599,
              61.2881348
            ],
            [
              73.4070965,
              61.2885137
            ],
            [
              73.405602,
              61.2893406
            ],
            [
              73.404154,
              61.290181
            ],
            [
              73.4010097,
              61.2919833
            ],
            [
              73.3978268,
              61.2937827
            ],
            [
              73.3952579,
              61.2952437
            ],
            [
              73.3939921,
              61.2959828
            ],
            [
              73.3932899,
              61.2963468
            ],
            [
              73.392584,
              61.2966849
            ],
            [
              73.3917909,
              61.296984
            ],
            [
              73.3908994,
              61.2972547
            ],
            [
              73.3899384,
              61.2974601
            ],
            [
              73.3889134,
              61.2976147
            ],
            [
              73.3882849,
              61.297692
            ],
            [
              73.3876215,
              61.2977499
            ],
            [
              73.3869425,
              61.2977707
            ],
            [
              73.3862361,
              61.2977735
            ],
            [
              73.3848477,
              61.2977084
            ],
            [
              73.3836751,
              61.2975745
            ],
            [
              73.3835579,
              61.2973364
            ],
            [
              73.3828287,
              61.2958121
            ],
            [
              73.3818077,
              61.2935519
            ],
            [
              73.3812914,
              61.292409
            ],
            [
              73.3812545,
              61.292328
            ],
            [
              73.381184,
              61.292161
            ],
            [
              73.380925,
              61.2915671
            ],
            [
              73.3803899,
              61.2903915
            ],
            [
              73.3797025,
              61.2889114
            ],
            [
              73.3796446,
              61.2887872
            ],
            [
              73.3790614,
              61.2874467
            ],
            [
              73.3787678,
              61.2867723
            ],
            [
              73.3782563,
              61.2855973
            ],
            [
              73.3782086,
              61.28549
            ],
            [
              73.3781604,
              61.2853816
            ],
            [
              73.3780634,
              61.2851498
            ],
            [
              73.3776246,
              61.2841897
            ],
            [
              73.3772977,
              61.2834744
            ],
            [
              73.3770869,
              61.2830219
            ],
            [
              73.3765829,
              61.2818577
            ],
            [
              73.3764655,
              61.2816036
            ],
            [
              73.3764119,
              61.2814876
            ],
            [
              73.3760907,
              61.2807925
            ],
            [
              73.3760006,
              61.2805976
            ],
            [
              73.3759758,
              61.280544
            ],
            [
              73.3753664,
              61.2792399
            ],
            [
              73.3752982,
              61.2790818
            ],
            [
              73.3752532,
              61.2789776
            ],
            [
              73.37513,
              61.278716
            ],
            [
              73.3746771,
              61.2777594
            ],
            [
              73.3743593,
              61.2770883
            ],
            [
              73.3740788,
              61.2764544
            ],
            [
              73.374001,
              61.2762786
            ],
            [
              73.3737305,
              61.2756386
            ],
            [
              73.3736848,
              61.2755304
            ]
          ]
        ]
      },
      "id": "relation/20374103"
    },
    {
      "type": "Feature",
      "properties": {
        "@id": "relation/20377831",
        "admin_level": "9",
        "boundary": "administrative",
        "name": "Северный жилой район",
        "type": "boundary"
      },
      "geometry": {
        "type": "MultiPolygon",
        "coordinates": [
          [
            [
              [
                73.356051,
                61.2952961
              ],
              [
                73.3551292,
                61.2954349
              ],
              [
                73.3544741,
                61.2955275
              ],
              [
                73.3536196,
                61.295653
              ],
              [
                73.3529267,
                61.2957548
              ],
              [
                73.3517703,
                61.2959275
              ],
              [
                73.3485503,
                61.2963966
              ],
              [
                73.3474961,
                61.2965536
              ],
              [
                73.3466216,
                61.2966851
              ],
              [
                73.3456491,
                61.2968342
              ],
              [
                73.3453017,
                61.2968813
              ],
              [
                73.3445621,
                61.2969873
              ],
              [
                73.3439532,
                61.2970756
              ],
              [
                73.3430829,
                61.2971953
              ],
              [
                73.3420163,
                61.2973602
              ],
              [
                73.341481,
                61.2974328
              ],
              [
                73.3408109,
                61.2975309
              ],
              [
                73.3403532,
                61.297582
              ],
              [
                73.3398629,
                61.2976212
              ],
              [
                73.3393031,
                61.2976703
              ],
              [
                73.3384981,
                61.297686
              ],
              [
                73.3376072,
                61.2976585
              ],
              [
                73.3369739,
                61.2976212
              ],
              [
                73.336222,
                61.2975564
              ],
              [
                73.3355192,
                61.2974858
              ],
              [
                73.3305788,
                61.2969186
              ],
              [
                73.3236076,
                61.2961375
              ],
              [
                73.3221785,
                61.2961126
              ],
              [
                73.3199271,
                61.2957368
              ],
              [
                73.3187692,
                61.2955652
              ],
              [
                73.3186916,
                61.2955737
              ],
              [
                73.3185653,
                61.2955876
              ],
              [
                73.3168276,
                61.2957785
              ],
              [
                73.316487,
                61.2962045
              ],
              [
                73.3163795,
                61.2963389
              ],
              [
                73.3157233,
                61.296262
              ],
              [
                73.3151793,
                61.2961869
              ],
              [
                73.3141923,
                61.2960632
              ],
              [
                73.3133367,
                61.2959409
              ],
              [
                73.3123657,
                61.2958004
              ],
              [
                73.3122584,
                61.2957811
              ],
              [
                73.3121967,
                61.2957335
              ],
              [
                73.3122128,
                61.2956806
              ],
              [
                73.3116952,
                61.2956227
              ],
              [
                73.3113331,
                61.295566
              ],
              [
                73.31081,
                61.2955054
              ],
              [
                73.3098364,
                61.2953972
              ],
              [
                73.3096352,
                61.2953663
              ],
              [
                73.3095038,
                61.2953869
              ],
              [
                73.3093321,
                61.2953573
              ],
              [
                73.3089781,
                61.2952723
              ],
              [
                73.3086669,
                61.2952143
              ],
              [
                73.3059981,
                61.2947376
              ],
              [
                73.3051869,
                61.2946431
              ],
              [
                73.3049038,
                61.2946165
              ],
              [
                73.3039208,
                61.2946861
              ],
              [
                73.3032583,
                61.2945579
              ],
              [
                73.3030009,
                61.2945088
              ],
              [
                73.3029002,
                61.2944896
              ],
              [
                73.3021237,
                61.2943557
              ],
              [
                73.3018889,
                61.2943436
              ],
              [
                73.3016854,
                61.2948071
              ],
              [
                73.3009119,
                61.2947307
              ],
              [
                73.3007128,
                61.294711
              ],
              [
                73.2997281,
                61.2966857
              ],
              [
                73.2988762,
                61.2982589
              ],
              [
                73.2945851,
                61.2977538
              ],
              [
                73.2953014,
                61.2962915
              ],
              [
                73.2953644,
                61.2961697
              ],
              [
                73.2956453,
                61.2956652
              ],
              [
                73.295715,
                61.2950545
              ],
              [
                73.2943015,
                61.2949308
              ],
              [
                73.2946142,
                61.2941877
              ],
              [
                73.2923323,
                61.2940986
              ],
              [
                73.2921338,
                61.2945727
              ],
              [
                73.2902375,
                61.2943381
              ],
              [
                73.2886094,
                61.294145
              ],
              [
                73.2895337,
                61.2923568
              ],
              [
                73.2895777,
                61.2922911
              ],
              [
                73.2896715,
                61.2921404
              ],
              [
                73.289698,
                61.2920886
              ],
              [
                73.2897681,
                61.2919909
              ],
              [
                73.2898325,
                61.2918531
              ],
              [
                73.2898968,
                61.2917178
              ],
              [
                73.2900901,
                61.2913392
              ],
              [
                73.2866687,
                61.2907106
              ],
              [
                73.2821088,
                61.2898703
              ],
              [
                73.2811888,
                61.2896474
              ],
              [
                73.2802797,
                61.2893924
              ],
              [
                73.2795844,
                61.2891375
              ],
              [
                73.2789529,
                61.2888675
              ],
              [
                73.2780005,
                61.2883884
              ],
              [
                73.2771656,
                61.2878719
              ],
              [
                73.2750456,
                61.2863048
              ],
              [
                73.2742733,
                61.2857608
              ],
              [
                73.2737327,
                61.2854415
              ],
              [
                73.2731424,
                61.2851383
              ],
              [
                73.2723829,
                61.284808
              ],
              [
                73.2715778,
                61.2845185
              ],
              [
                73.270801,
                61.2842787
              ],
              [
                73.2698007,
                61.2840508
              ],
              [
                73.2689601,
                61.2838946
              ],
              [
                73.2679361,
                61.2837465
              ],
              [
                73.2648693,
                61.2833754
              ],
              [
                73.2648043,
                61.2833714
              ],
              [
                73.2638741,
                61.2833138
              ],
              [
                73.2624925,
                61.2832323
              ],
              [
                73.2618913,
                61.2831935
              ],
              [
                73.2608546,
                61.2831267
              ],
              [
                73.2600922,
                61.2830563
              ],
              [
                73.2586907,
                61.2828867
              ],
              [
                73.2476448,
                61.2815431
              ],
              [
                73.2436465,
                61.281052
              ],
              [
                73.2431305,
                61.2809896
              ],
              [
                73.2404939,
                61.2806744
              ],
              [
                73.2371548,
                61.2802569
              ],
              [
                73.2352522,
                61.2800295
              ],
              [
                73.2351855,
                61.2792492
              ],
              [
                73.2235395,
                61.2780228
              ],
              [
                73.2205566,
                61.277102
              ],
              [
                73.2192799,
                61.2763959
              ],
              [
                73.220242,
                61.2766927
              ],
              [
                73.2261056,
                61.2767122
              ],
              [
                73.2276159,
                61.2762583
              ],
              [
                73.2285151,
                61.2761289
              ],
              [
                73.2313191,
                61.2760742
              ],
              [
                73.2313209,
                61.27575
              ],
              [
                73.2683963,
                61.2755382
              ],
              [
                73.2781225,
                61.2754854
              ],
              [
                73.2824371,
                61.275458
              ],
              [
                73.2822686,
                61.2746418
              ],
              [
                73.2819033,
                61.2732229
              ],
              [
                73.2817274,
                61.2727441
              ],
              [
                73.2814372,
                61.2722389
              ],
              [
                73.2810241,
                61.2716484
              ],
              [
                73.280508,
                61.2710755
              ],
              [
                73.2801658,
                61.2707356
              ],
              [
                73.2797205,
                61.2703411
              ],
              [
                73.279225,
                61.2699495
              ],
              [
                73.2755169,
                61.2671045
              ],
              [
                73.2732392,
                61.2653479
              ],
              [
                73.2714252,
                61.2639349
              ],
              [
                73.2717372,
                61.2638721
              ],
              [
                73.2719989,
                61.2638272
              ],
              [
                73.2722684,
                61.2637996
              ],
              [
                73.2726006,
                61.2637809
              ],
              [
                73.2728773,
                61.2637848
              ],
              [
                73.2731736,
                61.2638002
              ],
              [
                73.2734284,
                61.2638288
              ],
              [
                73.2735692,
                61.263852
              ],
              [
                73.2742883,
                61.2639491
              ],
              [
                73.2759262,
                61.2641898
              ],
              [
                73.2763776,
                61.2642572
              ],
              [
                73.2768461,
                61.2643031
              ],
              [
                73.2770304,
                61.2643121
              ],
              [
                73.2771794,
                61.2643178
              ],
              [
                73.277324,
                61.2640065
              ],
              [
                73.2778727,
                61.2632086
              ],
              [
                73.2781372,
                61.2630202
              ],
              [
                73.2800604,
                61.2621238
              ],
              [
                73.2808297,
                61.261909
              ],
              [
                73.2813121,
                61.2615861
              ],
              [
                73.2818886,
                61.2613187
              ],
              [
                73.2994245,
                61.2653595
              ],
              [
                73.3056839,
                61.2661449
              ],
              [
                73.3150015,
                61.2657754
              ],
              [
                73.327496,
                61.2635333
              ],
              [
                73.3416527,
                61.2605924
              ],
              [
                73.3423418,
                61.2618213
              ],
              [
                73.3425246,
                61.2620661
              ],
              [
                73.3426864,
                61.2622198
              ],
              [
                73.3429604,
                61.262421
              ],
              [
                73.343522,
                61.2628176
              ],
              [
                73.3439549,
                61.2631217
              ],
              [
                73.3447453,
                61.2636823
              ],
              [
                73.3450963,
                61.2639311
              ],
              [
                73.3455043,
                61.2642149
              ],
              [
                73.3466012,
                61.2649802
              ],
              [
                73.3474115,
                61.2655521
              ],
              [
                73.3479023,
                61.2658912
              ],
              [
                73.3485165,
                61.2663271
              ],
              [
                73.3491441,
                61.2667603
              ],
              [
                73.3495304,
                61.2670336
              ],
              [
                73.3498039,
                61.26724
              ],
              [
                73.3499703,
                61.2673908
              ],
              [
                73.3501499,
                61.2675773
              ],
              [
                73.3501875,
                61.2676216
              ],
              [
                73.3503142,
                61.2677987
              ],
              [
                73.3506934,
                61.2677337
              ],
              [
                73.3511474,
                61.2676685
              ],
              [
                73.3525086,
                61.2675135
              ],
              [
                73.3529675,
                61.2674612
              ],
              [
                73.3535852,
                61.2673925
              ],
              [
                73.3557601,
                61.267141
              ],
              [
                73.3562171,
                61.2670855
              ],
              [
                73.3566467,
                61.2670277
              ],
              [
                73.3568952,
                61.266978
              ],
              [
                73.3571916,
                61.2669166
              ],
              [
                73.3577994,
                61.2667531
              ],
              [
                73.3582797,
                61.2666195
              ],
              [
                73.3587712,
                61.266478
              ],
              [
                73.358975,
                61.266416
              ],
              [
                73.3592332,
                61.2663039
              ],
              [
                73.3594757,
                61.2661966
              ],
              [
                73.3597797,
                61.2660282
              ],
              [
                73.3602067,
                61.2657864
              ],
              [
                73.3606019,
                61.2655685
              ],
              [
                73.3606878,
                61.2655123
              ],
              [
                73.3608821,
                61.2653968
              ],
              [
                73.361011,
                61.2653194
              ],
              [
                73.3614571,
                61.2655386
              ],
              [
                73.3616052,
                61.2654332
              ],
              [
                73.361741,
                61.2653224
              ],
              [
                73.3619159,
                61.2651584
              ],
              [
                73.3620369,
                61.2650451
              ],
              [
                73.3621129,
                61.2649786
              ],
              [
                73.3624338,
                61.2646775
              ],
              [
                73.3625425,
                61.2645754
              ],
              [
                73.3626766,
                61.2644487
              ],
              [
                73.3632737,
                61.2638843
              ],
              [
                73.3637185,
                61.2634833
              ],
              [
                73.3637723,
                61.2634374
              ],
              [
                73.36386,
                61.2633557
              ],
              [
                73.363917,
                61.2633043
              ],
              [
                73.3640129,
                61.2632178
              ],
              [
                73.3645336,
                61.2627476
              ],
              [
                73.3646453,
                61.2626468
              ],
              [
                73.3650203,
                61.2623028
              ],
              [
                73.3654758,
                61.2619055
              ],
              [
                73.3660899,
                61.2620613
              ],
              [
                73.3662323,
                61.2620974
              ],
              [
                73.3664632,
                61.2621557
              ],
              [
                73.3669701,
                61.2622861
              ],
              [
                73.3684311,
                61.262662
              ],
              [
                73.3696808,
                61.2629835
              ],
              [
                73.3698282,
                61.2630215
              ],
              [
                73.3701255,
                61.2630974
              ],
              [
                73.3712316,
                61.2633692
              ],
              [
                73.3725321,
                61.2636903
              ],
              [
                73.37304,
                61.2638169
              ],
              [
                73.3733533,
                61.2638949
              ],
              [
                73.373599,
                61.2639563
              ],
              [
                73.3738364,
                61.264021
              ],
              [
                73.3739849,
                61.2639103
              ],
              [
                73.3748378,
                61.2631944
              ],
              [
                73.3752407,
                61.2628577
              ],
              [
                73.3754757,
                61.2626831
              ],
              [
                73.3757498,
                61.2625175
              ],
              [
                73.3759005,
                61.262445
              ],
              [
                73.3760386,
                61.2623987
              ],
              [
                73.3763881,
                61.2623258
              ],
              [
                73.3767292,
                61.2622679
              ],
              [
                73.3770499,
                61.2622305
              ],
              [
                73.3782249,
                61.2620955
              ],
              [
                73.3783956,
                61.2620441
              ],
              [
                73.3785251,
                61.2619893
              ],
              [
                73.378627,
                61.2619184
              ],
              [
                73.3787048,
                61.2618346
              ],
              [
                73.3794611,
                61.2618327
              ],
              [
                73.3795592,
                61.2618215
              ],
              [
                73.380332,
                61.2617248
              ],
              [
                73.3803919,
                61.2617189
              ],
              [
                73.3804312,
                61.2617175
              ],
              [
                73.3843654,
                61.2612684
              ],
              [
                73.3844347,
                61.2612576
              ],
              [
                73.3844758,
                61.2612526
              ],
              [
                73.3880369,
                61.2608206
              ],
              [
                73.3881727,
                61.2608047
              ],
              [
                73.3883836,
                61.2607834
              ],
              [
                73.3884119,
                61.2607818
              ],
              [
                73.3884627,
                61.2607749
              ],
              [
                73.3885004,
                61.2607712
              ],
              [
                73.3887236,
                61.2607502
              ],
              [
                73.3889992,
                61.2607241
              ],
              [
                73.3890403,
                61.2607175
              ],
              [
                73.3890762,
                61.2607153
              ],
              [
                73.3891192,
                61.2607116
              ],
              [
                73.3933377,
                61.2602326
              ],
              [
                73.3933698,
                61.2602302
              ],
              [
                73.3934203,
                61.2602239
              ],
              [
                73.3934636,
                61.2602162
              ],
              [
                73.3936577,
                61.2601945
              ],
              [
                73.3938273,
                61.2601766
              ],
              [
                73.3939034,
                61.2601683
              ],
              [
                73.3939396,
                61.2601652
              ],
              [
                73.3939883,
                61.2601579
              ],
              [
                73.3986373,
                61.2596225
              ],
              [
                73.3986898,
                61.2596168
              ],
              [
                73.3987306,
                61.2596116
              ],
              [
                73.3987744,
                61.2596006
              ],
              [
                73.3991484,
                61.2595654
              ],
              [
                73.3994579,
                61.2595387
              ],
              [
                73.3995062,
                61.2595317
              ],
              [
                73.3995471,
                61.2595268
              ],
              [
                73.3995854,
                61.2595224
              ],
              [
                73.4011843,
                61.2593279
              ],
              [
                73.4013222,
                61.2593119
              ],
              [
                73.4038022,
                61.2590229
              ],
              [
                73.403841,
                61.2590175
              ],
              [
                73.4038814,
                61.2590129
              ],
              [
                73.4089118,
                61.2584327
              ],
              [
                73.4089553,
                61.2584269
              ],
              [
                73.40899,
                61.2584213
              ],
              [
                73.4090353,
                61.2584156
              ],
              [
                73.4093518,
                61.2583818
              ],
              [
                73.409761,
                61.2583309
              ],
              [
                73.412857,
                61.257972
              ],
              [
                73.4171288,
                61.2574618
              ],
              [
                73.4176293,
                61.2574044
              ],
              [
                73.4176936,
                61.2575145
              ],
              [
                73.4177799,
                61.2576629
              ],
              [
                73.4182658,
                61.2584182
              ],
              [
                73.4186327,
                61.2590099
              ],
              [
                73.4191846,
                61.259905
              ],
              [
                73.4196946,
                61.2607342
              ],
              [
                73.4199836,
                61.2612215
              ],
              [
                73.4202781,
                61.2617243
              ],
              [
                73.420305,
                61.2617702
              ],
              [
                73.420401,
                61.2619209
              ],
              [
                73.4209031,
                61.2626999
              ],
              [
                73.4211199,
                61.2630435
              ],
              [
                73.4212081,
                61.2631906
              ],
              [
                73.4215516,
                61.2638297
              ],
              [
                73.421692,
                61.2640647
              ],
              [
                73.4212332,
                61.2641233
              ],
              [
                73.4204704,
                61.2642169
              ],
              [
                73.4200575,
                61.2642601
              ],
              [
                73.4199064,
                61.2642777
              ],
              [
                73.4187445,
                61.2644008
              ],
              [
                73.4181745,
                61.2644652
              ],
              [
                73.418023,
                61.2644823
              ],
              [
                73.4175125,
                61.2645388
              ],
              [
                73.4172138,
                61.2645737
              ],
              [
                73.4168574,
                61.2646146
              ],
              [
                73.4167101,
                61.2646309
              ],
              [
                73.4157206,
                61.2647402
              ],
              [
                73.4155673,
                61.2647579
              ],
              [
                73.4153007,
                61.2647886
              ],
              [
                73.4148836,
                61.2648368
              ],
              [
                73.4143257,
                61.264901
              ],
              [
                73.414225,
                61.264913
              ],
              [
                73.413159,
                61.2650344
              ],
              [
                73.4126981,
                61.2650871
              ],
              [
                73.4125689,
                61.2651027
              ],
              [
                73.4121065,
                61.2651572
              ],
              [
                73.4114444,
                61.2652336
              ],
              [
                73.4094139,
                61.265477
              ],
              [
                73.408959,
                61.26553
              ],
              [
                73.4083651,
                61.2655991
              ],
              [
                73.4080792,
                61.2656302
              ],
              [
                73.4079014,
                61.2656497
              ],
              [
                73.4074406,
                61.2657021
              ],
              [
                73.4072287,
                61.2657253
              ],
              [
                73.4068592,
                61.2657656
              ],
              [
                73.4066827,
                61.2657854
              ],
              [
                73.40653,
                61.2658025
              ],
              [
                73.4063566,
                61.265822
              ],
              [
                73.4058241,
                61.2658818
              ],
              [
                73.4052552,
                61.2659448
              ],
              [
                73.404981,
                61.2659765
              ],
              [
                73.4044707,
                61.2660355
              ],
              [
                73.4039594,
                61.2660946
              ],
              [
                73.4030098,
                61.2662075
              ],
              [
                73.4024746,
                61.2662712
              ],
              [
                73.4020029,
                61.2663244
              ],
              [
                73.3998444,
                61.2665734
              ],
              [
                73.3982867,
                61.2667497
              ],
              [
                73.397931,
                61.2667899
              ],
              [
                73.397588,
                61.266829
              ],
              [
                73.3970378,
                61.266891
              ],
              [
                73.3967926,
                61.2669186
              ],
              [
                73.396532,
                61.2669512
              ],
              [
                73.3962736,
                61.2669809
              ],
              [
                73.3945636,
                61.2671818
              ],
              [
                73.3939279,
                61.267253
              ],
              [
                73.392236,
                61.2674359
              ],
              [
                73.3919717,
                61.2674678
              ],
              [
                73.3916501,
                61.2675034
              ],
              [
                73.3903799,
                61.267658
              ],
              [
                73.3898274,
                61.2677213
              ],
              [
                73.3896054,
                61.2677467
              ],
              [
                73.3893922,
                61.2677711
              ],
              [
                73.3892329,
                61.2677894
              ],
              [
                73.3891476,
                61.2677992
              ],
              [
                73.3886047,
                61.2678614
              ],
              [
                73.3875068,
                61.2679871
              ],
              [
                73.3873659,
                61.2680033
              ],
              [
                73.3864542,
                61.2681082
              ],
              [
                73.3862702,
                61.2681294
              ],
              [
                73.3854457,
                61.2682242
              ],
              [
                73.3847703,
                61.2683013
              ],
              [
                73.3844021,
                61.2683432
              ],
              [
                73.3836445,
                61.2684366
              ],
              [
                73.382056,
                61.2686181
              ],
              [
                73.3817781,
                61.2686533
              ],
              [
                73.3814386,
                61.2686933
              ],
              [
                73.3799797,
                61.2688694
              ],
              [
                73.3795582,
                61.2689202
              ],
              [
                73.3788185,
                61.2690065
              ],
              [
                73.3780528,
                61.2690966
              ],
              [
                73.3778523,
                61.2691202
              ],
              [
                73.3777579,
                61.2691312
              ],
              [
                73.3771477,
                61.2692077
              ],
              [
                73.3769024,
                61.2692338
              ],
              [
                73.3765156,
                61.2692772
              ],
              [
                73.3756402,
                61.2693781
              ],
              [
                73.3742384,
                61.2695379
              ],
              [
                73.3741285,
                61.2695512
              ],
              [
                73.3726362,
                61.2697243
              ],
              [
                73.3716076,
                61.269833
              ],
              [
                73.3712304,
                61.2698751
              ],
              [
                73.3713416,
                61.270128
              ],
              [
                73.3714099,
                61.270292
              ],
              [
                73.3717545,
                61.2711448
              ],
              [
                73.3718886,
                61.2714355
              ],
              [
                73.3720634,
                61.2718525
              ],
              [
                73.3722831,
                61.2723532
              ],
              [
                73.3723607,
                61.2725328
              ],
              [
                73.3724675,
                61.2727735
              ],
              [
                73.3726238,
                61.2731257
              ],
              [
                73.3734681,
                61.2750285
              ],
              [
                73.3736848,
                61.2755304
              ],
              [
                73.3737305,
                61.2756386
              ],
              [
                73.374001,
                61.2762786
              ],
              [
                73.3740788,
                61.2764544
              ],
              [
                73.3743593,
                61.2770883
              ],
              [
                73.3746771,
                61.2777594
              ],
              [
                73.37513,
                61.278716
              ],
              [
                73.3752532,
                61.2789776
              ],
              [
                73.3752982,
                61.2790818
              ],
              [
                73.3753664,
                61.2792399
              ],
              [
                73.3759758,
                61.280544
              ],
              [
                73.3760006,
                61.2805976
              ],
              [
                73.3760907,
                61.2807925
              ],
              [
                73.3764119,
                61.2814876
              ],
              [
                73.3764655,
                61.2816036
              ],
              [
                73.3765829,
                61.2818577
              ],
              [
                73.3770869,
                61.2830219
              ],
              [
                73.3772977,
                61.2834744
              ],
              [
                73.3776246,
                61.2841897
              ],
              [
                73.3780634,
                61.2851498
              ],
              [
                73.3781604,
                61.2853816
              ],
              [
                73.3782086,
                61.28549
              ],
              [
                73.3782563,
                61.2855973
              ],
              [
                73.3787678,
                61.2867723
              ],
              [
                73.3790614,
                61.2874467
              ],
              [
                73.3796446,
                61.2887872
              ],
              [
                73.3797025,
                61.2889114
              ],
              [
                73.3803899,
                61.2903915
              ],
              [
                73.380925,
                61.2915671
              ],
              [
                73.381184,
                61.292161
              ],
              [
                73.3812545,
                61.292328
              ],
              [
                73.3812914,
                61.292409
              ],
              [
                73.3818077,
                61.2935519
              ],
              [
                73.3828287,
                61.2958121
              ],
              [
                73.3835579,
                61.2973364
              ],
              [
                73.3836751,
                61.2975745
              ],
              [
                73.3837784,
                61.2977915
              ],
              [
                73.383112,
                61.2977238
              ],
              [
                73.3825226,
                61.2976808
              ],
              [
                73.3822024,
                61.2976748
              ],
              [
                73.381865,
                61.2976851
              ],
              [
                73.3814007,
                61.2977212
              ],
              [
                73.3809471,
                61.2977727
              ],
              [
                73.3804375,
                61.2978448
              ],
              [
                73.380187,
                61.2978934
              ],
              [
                73.3800644,
                61.29791
              ],
              [
                73.3791606,
                61.298032
              ],
              [
                73.3788577,
                61.2980496
              ],
              [
                73.3785005,
                61.2980499
              ],
              [
                73.3780262,
                61.2980316
              ],
              [
                73.3775574,
                61.2979983
              ],
              [
                73.3719595,
                61.2973473
              ],
              [
                73.3709339,
                61.2972693
              ],
              [
                73.3683428,
                61.2971376
              ],
              [
                73.3668496,
                61.2970494
              ],
              [
                73.3661599,
                61.2969784
              ],
              [
                73.3653645,
                61.2968274
              ],
              [
                73.3637413,
                61.2964824
              ],
              [
                73.3621751,
                61.2960612
              ],
              [
                73.3610379,
                61.2958699
              ],
              [
                73.356051,
                61.2952961
              ]
            ]
          ],
          [
            [
              [
                73.3651677,
                61.3456881
              ],
              [
                73.3649349,
                61.3453187
              ],
              [
                73.364861,
                61.3448073
              ],
              [
                73.3646424,
                61.3441258
              ],
              [
                73.3642258,
                61.343807
              ],
              [
                73.364217,
                61.3436908
              ],
              [
                73.3642342,
                61.3436193
              ],
              [
                73.3642672,
                61.3435902
              ],
              [
                73.3649703,
                61.3433607
              ],
              [
                73.3650353,
                61.3432842
              ],
              [
                73.3649657,
                61.3423107
              ],
              [
                73.3652057,
                61.3420341
              ],
              [
                73.3657219,
                61.3415178
              ],
              [
                73.3664333,
                61.3410504
              ],
              [
                73.3666744,
                61.34077
              ],
              [
                73.3746425,
                61.3415186
              ],
              [
                73.3748158,
                61.3414704
              ],
              [
                73.3751193,
                61.3414695
              ],
              [
                73.3760735,
                61.3414666
              ],
              [
                73.37639,
                61.3414595
              ],
              [
                73.3776198,
                61.341383
              ],
              [
                73.3778188,
                61.3413708
              ],
              [
                73.3778647,
                61.3413679
              ],
              [
                73.3787195,
                61.3413154
              ],
              [
                73.3794893,
                61.3412717
              ],
              [
                73.3799198,
                61.3412376
              ],
              [
                73.3805041,
                61.3412067
              ],
              [
                73.3811785,
                61.341171
              ],
              [
                73.3817612,
                61.3411443
              ],
              [
                73.3825631,
                61.341098
              ],
              [
                73.3833061,
                61.341053
              ],
              [
                73.384033,
                61.3410131
              ],
              [
                73.3843602,
                61.3410101
              ],
              [
                73.3845698,
                61.3410082
              ],
              [
                73.385236,
                61.3410022
              ],
              [
                73.3870545,
                61.3409925
              ],
              [
                73.3873549,
                61.3409951
              ],
              [
                73.3873536,
                61.3408781
              ],
              [
                73.3875909,
                61.3408768
              ],
              [
                73.3875909,
                61.3409932
              ],
              [
                73.3894077,
                61.3409808
              ],
              [
                73.3902249,
                61.3409752
              ],
              [
                73.3902772,
                61.3401686
              ],
              [
                73.3915056,
                61.3401763
              ],
              [
                73.3943072,
                61.3401885
              ],
              [
                73.394322,
                61.3396431
              ],
              [
                73.394326,
                61.3394939
              ],
              [
                73.3943474,
                61.3390404
              ],
              [
                73.3943608,
                61.3388494
              ],
              [
                73.3942643,
                61.3388024
              ],
              [
                73.394267,
                61.3386648
              ],
              [
                73.3943474,
                61.3386281
              ],
              [
                73.3943649,
                61.3383869
              ],
              [
                73.3945513,
                61.3382859
              ],
              [
                73.3951642,
                61.3378839
              ],
              [
                73.3951722,
                61.3376124
              ],
              [
                73.3952205,
                61.3371287
              ],
              [
                73.3952259,
                61.3369814
              ],
              [
                73.3952862,
                61.3367858
              ],
              [
                73.3955531,
                61.3361831
              ],
              [
                73.3956845,
                61.3359142
              ],
              [
                73.3957559,
                61.335714
              ],
              [
                73.3943099,
                61.3356742
              ],
              [
                73.3939295,
                61.3356482
              ],
              [
                73.3937346,
                61.3356125
              ],
              [
                73.3936024,
                61.3355835
              ],
              [
                73.3934406,
                61.3355316
              ],
              [
                73.3932663,
                61.3354557
              ],
              [
                73.3931175,
                61.3353492
              ],
              [
                73.3928679,
                61.3351695
              ],
              [
                73.3927632,
                61.3350898
              ],
              [
                73.3927686,
                61.3350089
              ],
              [
                73.3927595,
                61.3343455
              ],
              [
                73.3927439,
                61.3342886
              ],
              [
                73.3927499,
                61.3342501
              ],
              [
                73.3927213,
                61.3337845
              ],
              [
                73.3928553,
                61.3337091
              ],
              [
                73.3924844,
                61.3328052
              ],
              [
                73.3922967,
                61.3323949
              ],
              [
                73.3924446,
                61.3322467
              ],
              [
                73.3926286,
                61.3321944
              ],
              [
                73.3929686,
                61.3321477
              ],
              [
                73.3935903,
                61.3321096
              ],
              [
                73.3936057,
                61.331983
              ],
              [
                73.3937835,
                61.3319805
              ],
              [
                73.3936934,
                61.3317079
              ],
              [
                73.3941373,
                61.3317078
              ],
              [
                73.3942236,
                61.3315258
              ],
              [
                73.3951774,
                61.33146
              ],
              [
                73.3957346,
                61.3314188
              ],
              [
                73.3957308,
                61.3314086
              ],
              [
                73.3956933,
                61.3313087
              ],
              [
                73.3954592,
                61.3313043
              ],
              [
                73.3955382,
                61.33124
              ],
              [
                73.3956288,
                61.3311727
              ],
              [
                73.3956619,
                61.3310656
              ],
              [
                73.3957531,
                61.3307617
              ],
              [
                73.3957667,
                61.3307163
              ],
              [
                73.3957759,
                61.3304609
              ],
              [
                73.395771,
                61.3302076
              ],
              [
                73.3958032,
                61.3298354
              ],
              [
                73.3961116,
                61.3296466
              ],
              [
                73.3963642,
                61.3295429
              ],
              [
                73.396775,
                61.3294379
              ],
              [
                73.3971761,
                61.3293279
              ],
              [
                73.3972598,
                61.3293289
              ],
              [
                73.3987283,
                61.3293461
              ],
              [
                73.3995313,
                61.3293555
              ],
              [
                73.4003613,
                61.3294103
              ],
              [
                73.4006339,
                61.3295136
              ],
              [
                73.4009966,
                61.3296418
              ],
              [
                73.4013805,
                61.3297936
              ],
              [
                73.402047,
                61.3301065
              ],
              [
                73.4033939,
                61.3301039
              ],
              [
                73.4036614,
                61.3301034
              ],
              [
                73.403915,
                61.3301029
              ],
              [
                73.4030041,
                61.3292985
              ],
              [
                73.4033798,
                61.3291308
              ],
              [
                73.4037068,
                61.3290709
              ],
              [
                73.4039168,
                61.3290256
              ],
              [
                73.4033167,
                61.3283909
              ],
              [
                73.4032527,
                61.328319
              ],
              [
                73.4035424,
                61.3282416
              ],
              [
                73.4040205,
                61.3287046
              ],
              [
                73.4069806,
                61.3282562
              ],
              [
                73.4071627,
                61.328011
              ],
              [
                73.4081131,
                61.3280445
              ],
              [
                73.4086397,
                61.3282285
              ],
              [
                73.4089627,
                61.3287459
              ],
              [
                73.4090654,
                61.3289402
              ],
              [
                73.4091988,
                61.3292393
              ],
              [
                73.4092243,
                61.3293072
              ],
              [
                73.4093576,
                61.329662
              ],
              [
                73.4094122,
                61.3298186
              ],
              [
                73.4094591,
                61.3299532
              ],
              [
                73.4094752,
                61.3300158
              ],
              [
                73.4095388,
                61.3302622
              ],
              [
                73.4100965,
                61.3302905
              ],
              [
                73.4100845,
                61.3336964
              ],
              [
                73.4098079,
                61.335757
              ],
              [
                73.4098424,
                61.3366269
              ],
              [
                73.4098462,
                61.3368777
              ],
              [
                73.4098551,
                61.3372749
              ],
              [
                73.4098476,
                61.3376823
              ],
              [
                73.4098527,
                61.3380456
              ],
              [
                73.4098473,
                61.3382473
              ],
              [
                73.4110697,
                61.3382621
              ],
              [
                73.4117764,
                61.3382383
              ],
              [
                73.4125677,
                61.338201
              ],
              [
                73.4129325,
                61.3381656
              ],
              [
                73.4134515,
                61.3381238
              ],
              [
                73.4143245,
                61.3374554
              ],
              [
                73.4149535,
                61.3374677
              ],
              [
                73.4159251,
                61.3374977
              ],
              [
                73.4170564,
                61.3375429
              ],
              [
                73.4173286,
                61.3375597
              ],
              [
                73.417346,
                61.3375429
              ],
              [
                73.4178329,
                61.3375925
              ],
              [
                73.4180059,
                61.337613
              ],
              [
                73.4182325,
                61.3376079
              ],
              [
                73.4183465,
                61.3376111
              ],
              [
                73.4184389,
                61.3376197
              ],
              [
                73.4185061,
                61.3376259
              ],
              [
                73.4189674,
                61.3376806
              ],
              [
                73.4210314,
                61.3379604
              ],
              [
                73.4213257,
                61.3382734
              ],
              [
                73.4217918,
                61.338769
              ],
              [
                73.422052,
                61.3391395
              ],
              [
                73.4221834,
                61.339391
              ],
              [
                73.422575,
                61.3397962
              ],
              [
                73.4239912,
                61.3398547
              ],
              [
                73.425115,
                61.339903
              ],
              [
                73.4253256,
                61.339903
              ],
              [
                73.4258419,
                61.3404098
              ],
              [
                73.4273185,
                61.3407681
              ],
              [
                73.4281071,
                61.3409713
              ],
              [
                73.4285657,
                61.34108
              ],
              [
                73.4290056,
                61.3411919
              ],
              [
                73.4301965,
                61.3413418
              ],
              [
                73.4328988,
                61.3407552
              ],
              [
                73.4330705,
                61.340816
              ],
              [
                73.4347147,
                61.3416775
              ],
              [
                73.4347267,
                61.341701
              ],
              [
                73.4347422,
                61.3417296
              ],
              [
                73.4360585,
                61.3421477
              ],
              [
                73.4379494,
                61.3426776
              ],
              [
                73.4383652,
                61.3427915
              ],
              [
                73.4386025,
                61.3429079
              ],
              [
                73.439261,
                61.3437324
              ],
              [
                73.4391658,
                61.3439716
              ],
              [
                73.4391054,
                61.3441377
              ],
              [
                73.4385167,
                61.3444765
              ],
              [
                73.4381533,
                61.3446527
              ],
              [
                73.4355086,
                61.345908
              ],
              [
                73.4346516,
                61.3463113
              ],
              [
                73.4335372,
                61.3470354
              ],
              [
                73.4294696,
                61.346526
              ],
              [
                73.428842,
                61.3464405
              ],
              [
                73.4278563,
                61.3464257
              ],
              [
                73.4266828,
                61.3463981
              ],
              [
                73.4257869,
                61.3464013
              ],
              [
                73.4215142,
                61.3464154
              ],
              [
                73.4213982,
                61.3464129
              ],
              [
                73.4213445,
                61.3464135
              ],
              [
                73.4212328,
                61.3464176
              ],
              [
                73.4210744,
                61.3464234
              ],
              [
                73.4198821,
                61.3464875
              ],
              [
                73.4186831,
                61.3465511
              ],
              [
                73.4183285,
                61.3465697
              ],
              [
                73.4181136,
                61.3470022
              ],
              [
                73.4174117,
                61.3470238
              ],
              [
                73.416675,
                61.3470406
              ],
              [
                73.415487,
                61.34692
              ],
              [
                73.4151278,
                61.3468849
              ],
              [
                73.4150447,
                61.346809
              ],
              [
                73.4149602,
                61.3467215
              ],
              [
                73.4148771,
                61.3466386
              ],
              [
                73.4148221,
                61.346582
              ],
              [
                73.4135641,
                61.3466064
              ],
              [
                73.4132543,
                61.3466096
              ],
              [
                73.4127232,
                61.3466096
              ],
              [
                73.4121686,
                61.3466043
              ],
              [
                73.4118381,
                61.3465833
              ],
              [
                73.4111461,
                61.3464926
              ],
              [
                73.4104514,
                61.3464823
              ],
              [
                73.4102422,
                61.3464746
              ],
              [
                73.4090639,
                61.3467564
              ],
              [
                73.4089113,
                61.3467929
              ],
              [
                73.4087449,
                61.3468315
              ],
              [
                73.4087073,
                61.3468267
              ],
              [
                73.4086228,
                61.3468193
              ],
              [
                73.4082245,
                61.3467752
              ],
              [
                73.408083,
                61.3467608
              ],
              [
                73.4075479,
                61.346709
              ],
              [
                73.4067459,
                61.3466264
              ],
              [
                73.4055855,
                61.3464768
              ],
              [
                73.4053234,
                61.3464831
              ],
              [
                73.4012885,
                61.3465805
              ],
              [
                73.4010489,
                61.3465884
              ],
              [
                73.4009725,
                61.3462849
              ],
              [
                73.3987918,
                61.3462322
              ],
              [
                73.3970001,
                61.3462399
              ],
              [
                73.3951172,
                61.3462302
              ],
              [
                73.3950797,
                61.3463383
              ],
              [
                73.393946,
                61.346344
              ],
              [
                73.393064,
                61.3462489
              ],
              [
                73.3927824,
                61.3462212
              ],
              [
                73.3914319,
                61.3461865
              ],
              [
                73.3907814,
                61.3461936
              ],
              [
                73.3895141,
                61.3462
              ],
              [
                73.3887564,
                61.3461974
              ],
              [
                73.3864269,
                61.3461569
              ],
              [
                73.3858837,
                61.3461653
              ],
              [
                73.3843503,
                61.3463242
              ],
              [
                73.3842221,
                61.3463421
              ],
              [
                73.3841014,
                61.3463453
              ],
              [
                73.3829601,
                61.3463453
              ],
              [
                73.3819422,
                61.3462984
              ],
              [
                73.3815064,
                61.3462791
              ],
              [
                73.3813494,
                61.3462752
              ],
              [
                73.3811054,
                61.3462662
              ],
              [
                73.3797562,
                61.3462199
              ],
              [
                73.3787557,
                61.3461813
              ],
              [
                73.3780396,
                61.3461633
              ],
              [
                73.377825,
                61.3461685
              ],
              [
                73.3768004,
                61.346173
              ],
              [
                73.3766368,
                61.3461807
              ],
              [
                73.3762814,
                61.3461897
              ],
              [
                73.3750798,
                61.3462334
              ],
              [
                73.3744964,
                61.3462553
              ],
              [
                73.3742832,
                61.3462733
              ],
              [
                73.3739009,
                61.3462984
              ],
              [
                73.3729662,
                61.3463531
              ],
              [
                73.3726363,
                61.3463608
              ],
              [
                73.3723547,
                61.3463666
              ],
              [
                73.3714534,
                61.3463916
              ],
              [
                73.3712563,
                61.346391
              ],
              [
                73.3696429,
                61.3461987
              ],
              [
                73.3691896,
                61.3461312
              ],
              [
                73.3685513,
                61.3460547
              ],
              [
                73.3664793,
                61.3458058
              ],
              [
                73.3660381,
                61.3457678
              ],
              [
                73.3651677,
                61.3456881
              ]
            ]
          ]
        ]
      },
      "id": "relation/20377831"
    },
    {
      "type": "Feature",
      "properties": {
        "@id": "relation/20377867",
        "admin_level": "9",
        "boundary": "administrative",
        "name": "Северо-Восточный жилой район",
        "type": "boundary"
      },
      "geometry": {
        "type": "Polygon",
        "coordinates": [
          [
            [
              73.4212081,
              61.2631906
            ],
            [
              73.4211199,
              61.2630435
            ],
            [
              73.4209031,
              61.2626999
            ],
            [
              73.420401,
              61.2619209
            ],
            [
              73.420305,
              61.2617702
            ],
            [
              73.4202781,
              61.2617243
            ],
            [
              73.4199836,
              61.2612215
            ],
            [
              73.4196946,
              61.2607342
            ],
            [
              73.4191846,
              61.259905
            ],
            [
              73.4186327,
              61.2590099
            ],
            [
              73.4182658,
              61.2584182
            ],
            [
              73.4177799,
              61.2576629
            ],
            [
              73.4176936,
              61.2575145
            ],
            [
              73.4176293,
              61.2574044
            ],
            [
              73.4175758,
              61.2573129
            ],
            [
              73.4174269,
              61.2570795
            ],
            [
              73.4172188,
              61.2567312
            ],
            [
              73.4171285,
              61.2565872
            ],
            [
              73.4168771,
              61.2561564
            ],
            [
              73.4168245,
              61.2560793
            ],
            [
              73.4166479,
              61.255797
            ],
            [
              73.4165864,
              61.2556854
            ],
            [
              73.4164925,
              61.2555363
            ],
            [
              73.4164443,
              61.2554366
            ],
            [
              73.4164076,
              61.2553458
            ],
            [
              73.4163694,
              61.255253
            ],
            [
              73.4163574,
              61.2551835
            ],
            [
              73.416363,
              61.2550971
            ],
            [
              73.4163678,
              61.2550041
            ],
            [
              73.4164009,
              61.25488
            ],
            [
              73.4164526,
              61.2547372
            ],
            [
              73.4165049,
              61.254613
            ],
            [
              73.4166256,
              61.2544294
            ],
            [
              73.4168395,
              61.2541406
            ],
            [
              73.4169164,
              61.2540325
            ],
            [
              73.4172422,
              61.2536188
            ],
            [
              73.41733,
              61.2535073
            ],
            [
              73.4173925,
              61.253428
            ],
            [
              73.4176038,
              61.2531584
            ],
            [
              73.4178403,
              61.2528456
            ],
            [
              73.4181215,
              61.25247
            ],
            [
              73.4197675,
              61.2503878
            ],
            [
              73.4212206,
              61.2485713
            ],
            [
              73.422091,
              61.2474249
            ],
            [
              73.4225643,
              61.247497
            ],
            [
              73.4261704,
              61.2481455
            ],
            [
              73.4273945,
              61.2482843
            ],
            [
              73.4288827,
              61.2483299
            ],
            [
              73.4306472,
              61.2482771
            ],
            [
              73.4338211,
              61.2482775
            ],
            [
              73.4350495,
              61.2484075
            ],
            [
              73.4392942,
              61.2491482
            ],
            [
              73.4396986,
              61.2492213
            ],
            [
              73.451034,
              61.2512544
            ],
            [
              73.4576293,
              61.2524329
            ],
            [
              73.4579333,
              61.25248
            ],
            [
              73.4578788,
              61.2525474
            ],
            [
              73.4578035,
              61.252662
            ],
            [
              73.4578078,
              61.2526846
            ],
            [
              73.4577892,
              61.2527066
            ],
            [
              73.4577472,
              61.2527543
            ],
            [
              73.4559505,
              61.2550825
            ],
            [
              73.455899,
              61.2551585
            ],
            [
              73.4536737,
              61.2579999
            ],
            [
              73.4535572,
              61.2582131
            ],
            [
              73.4535143,
              61.2582711
            ],
            [
              73.453366,
              61.2584356
            ],
            [
              73.453164,
              61.2586846
            ],
            [
              73.4530079,
              61.2588438
            ],
            [
              73.4528195,
              61.2589858
            ],
            [
              73.4525984,
              61.2591006
            ],
            [
              73.4523166,
              61.2592075
            ],
            [
              73.4520144,
              61.259285
            ],
            [
              73.4517462,
              61.2593413
            ],
            [
              73.4513253,
              61.2594099
            ],
            [
              73.4509467,
              61.2594695
            ],
            [
              73.4501948,
              61.2595738
            ],
            [
              73.4490598,
              61.2597346
            ],
            [
              73.4488019,
              61.2597713
            ],
            [
              73.4476988,
              61.2599277
            ],
            [
              73.4451366,
              61.2603051
            ],
            [
              73.443571,
              61.2605357
            ],
            [
              73.4408137,
              61.2609427
            ],
            [
              73.4403692,
              61.2610051
            ],
            [
              73.4392683,
              61.2611597
            ],
            [
              73.4389297,
              61.2612072
            ],
            [
              73.4383706,
              61.2612954
            ],
            [
              73.4378033,
              61.2613977
            ],
            [
              73.4374053,
              61.2614944
            ],
            [
              73.4369154,
              61.2616458
            ],
            [
              73.4361234,
              61.2618959
            ],
            [
              73.4359322,
              61.2619453
            ],
            [
              73.4356949,
              61.2620066
            ],
            [
              73.4352223,
              61.2621064
            ],
            [
              73.4349214,
              61.2621512
            ],
            [
              73.4345928,
              61.2622023
            ],
            [
              73.4340618,
              61.2622783
            ],
            [
              73.4335339,
              61.2623539
            ],
            [
              73.4334498,
              61.2623659
            ],
            [
              73.4331218,
              61.2624129
            ],
            [
              73.4327786,
              61.262462
            ],
            [
              73.4326151,
              61.2624854
            ],
            [
              73.432424,
              61.2625128
            ],
            [
              73.4323217,
              61.2625274
            ],
            [
              73.4320634,
              61.2625643
            ],
            [
              73.4311594,
              61.2626937
            ],
            [
              73.4310507,
              61.2627093
            ],
            [
              73.4306848,
              61.2627616
            ],
            [
              73.4296218,
              61.2629137
            ],
            [
              73.4291803,
              61.2629769
            ],
            [
              73.4281506,
              61.2631243
            ],
            [
              73.4279352,
              61.2631551
            ],
            [
              73.4277084,
              61.2631876
            ],
            [
              73.4275374,
              61.2632121
            ],
            [
              73.4272339,
              61.2632555
            ],
            [
              73.4266586,
              61.2633379
            ],
            [
              73.4262632,
              61.2633945
            ],
            [
              73.4259738,
              61.2634359
            ],
            [
              73.4249848,
              61.2635774
            ],
            [
              73.4244856,
              61.2636489
            ],
            [
              73.4236603,
              61.2637708
            ],
            [
              73.4229024,
              61.2638827
            ],
            [
              73.4219702,
              61.2640265
            ],
            [
              73.421692,
              61.2640647
            ],
            [
              73.4215516,
              61.2638297
            ],
            [
              73.4212081,
              61.2631906
            ]
          ]
        ]
      },
      "id": "relation/20377867"
    },
    {
      "type": "Feature",
      "properties": {
        "@id": "relation/20377965",
        "admin_level": "9",
        "boundary": "administrative",
        "name": "Центральный район",
        "type": "boundary"
      },
      "geometry": {
        "type": "Polygon",
        "coordinates": [
          [
            [
              73.3603332,
              61.2350363
            ],
            [
              73.3651988,
              61.2340879
            ],
            [
              73.3702493,
              61.232843
            ],
            [
              73.3826912,
              61.2294005
            ],
            [
              73.3876125,
              61.2280799
            ],
            [
              73.3906299,
              61.227502
            ],
            [
              73.3949727,
              61.2271785
            ],
            [
              73.4013312,
              61.2270737
            ],
            [
              73.4033072,
              61.2271148
            ],
            [
              73.4034951,
              61.2278131
            ],
            [
              73.4036849,
              61.2284304
            ],
            [
              73.4040454,
              61.2289807
            ],
            [
              73.4043789,
              61.2293824
            ],
            [
              73.4045276,
              61.2297274
            ],
            [
              73.4043611,
              61.2302237
            ],
            [
              73.4039872,
              61.2305625
            ],
            [
              73.4031933,
              61.2313266
            ],
            [
              73.4028232,
              61.2317448
            ],
            [
              73.4025818,
              61.2319642
            ],
            [
              73.4023638,
              61.232105
            ],
            [
              73.4021795,
              61.2326949
            ],
            [
              73.4019614,
              61.2328295
            ],
            [
              73.4043515,
              61.2328925
            ],
            [
              73.4051084,
              61.2328936
            ],
            [
              73.4064066,
              61.2327387
            ],
            [
              73.4073722,
              61.232589
            ],
            [
              73.4081554,
              61.2325787
            ],
            [
              73.4090888,
              61.2326665
            ],
            [
              73.4097969,
              61.232873
            ],
            [
              73.4106231,
              61.2332964
            ],
            [
              73.4111917,
              61.2335752
            ],
            [
              73.4117174,
              61.2338385
            ],
            [
              73.4119856,
              61.2341483
            ],
            [
              73.412168,
              61.2344942
            ],
            [
              73.4119374,
              61.2346981
            ],
            [
              73.4117201,
              61.2349202
            ],
            [
              73.4116155,
              61.2351628
            ],
            [
              73.4116799,
              61.2354442
            ],
            [
              73.4118032,
              61.2358675
            ],
            [
              73.4120608,
              61.236438
            ],
            [
              73.4129405,
              61.2369827
            ],
            [
              73.4144854,
              61.2376538
            ],
            [
              73.4154939,
              61.2382423
            ],
            [
              73.4156764,
              61.238614
            ],
            [
              73.4157515,
              61.2389831
            ],
            [
              73.4157139,
              61.2396
            ],
            [
              73.4155369,
              61.240173
            ],
            [
              73.4151936,
              61.2408931
            ],
            [
              73.4148663,
              61.2414196
            ],
            [
              73.4144211,
              61.2421139
            ],
            [
              73.4141636,
              61.2424003
            ],
            [
              73.41389,
              61.242692
            ],
            [
              73.4138203,
              61.2430326
            ],
            [
              73.4139275,
              61.2433036
            ],
            [
              73.4143084,
              61.2435101
            ],
            [
              73.4146947,
              61.243603
            ],
            [
              73.4151131,
              61.2436288
            ],
            [
              73.4156764,
              61.2437243
            ],
            [
              73.4162611,
              61.2438301
            ],
            [
              73.4167385,
              61.2439643
            ],
            [
              73.4172428,
              61.244114
            ],
            [
              73.4176719,
              61.2442301
            ],
            [
              73.4182566,
              61.2443488
            ],
            [
              73.4185141,
              61.2444469
            ],
            [
              73.418895,
              61.2446843
            ],
            [
              73.4190077,
              61.2448004
            ],
            [
              73.4189674,
              61.2449591
            ],
            [
              73.4189996,
              61.2450456
            ],
            [
              73.4191444,
              61.2451062
            ],
            [
              73.4192786,
              61.2451566
            ],
            [
              73.4194422,
              61.2452391
            ],
            [
              73.4195602,
              61.2453411
            ],
            [
              73.4196353,
              61.2454366
            ],
            [
              73.4196568,
              61.2455604
            ],
            [
              73.4196192,
              61.2456378
            ],
            [
              73.4195387,
              61.2457256
            ],
            [
              73.4194449,
              61.2457966
            ],
            [
              73.4194127,
              61.2458688
            ],
            [
              73.4194234,
              61.2459449
            ],
            [
              73.419477,
              61.2459914
            ],
            [
              73.4196299,
              61.2460365
            ],
            [
              73.4196916,
              61.2460907
            ],
            [
              73.4198472,
              61.246163
            ],
            [
              73.4199384,
              61.246234
            ],
            [
              73.4200215,
              61.246283
            ],
            [
              73.420051,
              61.2463823
            ],
            [
              73.4200591,
              61.2464701
            ],
            [
              73.4201047,
              61.2465862
            ],
            [
              73.4201637,
              61.2466391
            ],
            [
              73.4202763,
              61.2467049
            ],
            [
              73.4203783,
              61.2468055
            ],
            [
              73.4205031,
              61.2468473
            ],
            [
              73.4205955,
              61.2468584
            ],
            [
              73.420786,
              61.2468855
            ],
            [
              73.4210381,
              61.2469565
            ],
            [
              73.4210873,
              61.2469736
            ],
            [
              73.4212763,
              61.2470068
            ],
            [
              73.4219757,
              61.2471298
            ],
            [
              73.4220744,
              61.2471904
            ],
            [
              73.422091,
              61.2474249
            ],
            [
              73.4212206,
              61.2485713
            ],
            [
              73.4197675,
              61.2503878
            ],
            [
              73.4181215,
              61.25247
            ],
            [
              73.4178403,
              61.2528456
            ],
            [
              73.4176038,
              61.2531584
            ],
            [
              73.4173925,
              61.253428
            ],
            [
              73.41733,
              61.2535073
            ],
            [
              73.4172422,
              61.2536188
            ],
            [
              73.4169164,
              61.2540325
            ],
            [
              73.4168395,
              61.2541406
            ],
            [
              73.4166256,
              61.2544294
            ],
            [
              73.4165049,
              61.254613
            ],
            [
              73.4164526,
              61.2547372
            ],
            [
              73.4164009,
              61.25488
            ],
            [
              73.4163678,
              61.2550041
            ],
            [
              73.416363,
              61.2550971
            ],
            [
              73.4163574,
              61.2551835
            ],
            [
              73.4163694,
              61.255253
            ],
            [
              73.4164076,
              61.2553458
            ],
            [
              73.4164443,
              61.2554366
            ],
            [
              73.4164925,
              61.2555363
            ],
            [
              73.4165864,
              61.2556854
            ],
            [
              73.4166479,
              61.255797
            ],
            [
              73.4168245,
              61.2560793
            ],
            [
              73.4168771,
              61.2561564
            ],
            [
              73.4171285,
              61.2565872
            ],
            [
              73.4172188,
              61.2567312
            ],
            [
              73.4174269,
              61.2570795
            ],
            [
              73.4175758,
              61.2573129
            ],
            [
              73.4176293,
              61.2574044
            ],
            [
              73.4171288,
              61.2574618
            ],
            [
              73.412857,
              61.257972
            ],
            [
              73.409761,
              61.2583309
            ],
            [
              73.4093518,
              61.2583818
            ],
            [
              73.4090353,
              61.2584156
            ],
            [
              73.40899,
              61.2584213
            ],
            [
              73.4089553,
              61.2584269
            ],
            [
              73.4089118,
              61.2584327
            ],
            [
              73.4038814,
              61.2590129
            ],
            [
              73.403841,
              61.2590175
            ],
            [
              73.4038022,
              61.2590229
            ],
            [
              73.4013222,
              61.2593119
            ],
            [
              73.4011843,
              61.2593279
            ],
            [
              73.3995854,
              61.2595224
            ],
            [
              73.3995471,
              61.2595268
            ],
            [
              73.3995062,
              61.2595317
            ],
            [
              73.3994579,
              61.2595387
            ],
            [
              73.3991484,
              61.2595654
            ],
            [
              73.3987744,
              61.2596006
            ],
            [
              73.3987306,
              61.2596116
            ],
            [
              73.3986898,
              61.2596168
            ],
            [
              73.3986373,
              61.2596225
            ],
            [
              73.3939883,
              61.2601579
            ],
            [
              73.3939396,
              61.2601652
            ],
            [
              73.3939034,
              61.2601683
            ],
            [
              73.3938273,
              61.2601766
            ],
            [
              73.3936577,
              61.2601945
            ],
            [
              73.3934636,
              61.2602162
            ],
            [
              73.3934203,
              61.2602239
            ],
            [
              73.3933698,
              61.2602302
            ],
            [
              73.3933377,
              61.2602326
            ],
            [
              73.3891192,
              61.2607116
            ],
            [
              73.3890762,
              61.2607153
            ],
            [
              73.3890403,
              61.2607175
            ],
            [
              73.3889992,
              61.2607241
            ],
            [
              73.3887236,
              61.2607502
            ],
            [
              73.3885004,
              61.2607712
            ],
            [
              73.3884627,
              61.2607749
            ],
            [
              73.3884119,
              61.2607818
            ],
            [
              73.3883836,
              61.2607834
            ],
            [
              73.3881727,
              61.2608047
            ],
            [
              73.3880369,
              61.2608206
            ],
            [
              73.3844758,
              61.2612526
            ],
            [
              73.3844347,
              61.2612576
            ],
            [
              73.3843654,
              61.2612684
            ],
            [
              73.3804312,
              61.2617175
            ],
            [
              73.3803919,
              61.2617189
            ],
            [
              73.380332,
              61.2617248
            ],
            [
              73.3795592,
              61.2618215
            ],
            [
              73.3794611,
              61.2618327
            ],
            [
              73.3787048,
              61.2618346
            ],
            [
              73.378627,
              61.2619184
            ],
            [
              73.3785251,
              61.2619893
            ],
            [
              73.3783956,
              61.2620441
            ],
            [
              73.3782249,
              61.2620955
            ],
            [
              73.3770499,
              61.2622305
            ],
            [
              73.3767292,
              61.2622679
            ],
            [
              73.3763881,
              61.2623258
            ],
            [
              73.3760386,
              61.2623987
            ],
            [
              73.3759005,
              61.262445
            ],
            [
              73.3757498,
              61.2625175
            ],
            [
              73.3754757,
              61.2626831
            ],
            [
              73.3752407,
              61.2628577
            ],
            [
              73.3748378,
              61.2631944
            ],
            [
              73.3739849,
              61.2639103
            ],
            [
              73.3738364,
              61.264021
            ],
            [
              73.373599,
              61.2639563
            ],
            [
              73.3733533,
              61.2638949
            ],
            [
              73.37304,
              61.2638169
            ],
            [
              73.3725321,
              61.2636903
            ],
            [
              73.3712316,
              61.2633692
            ],
            [
              73.3701255,
              61.2630974
            ],
            [
              73.3698282,
              61.2630215
            ],
            [
              73.3696808,
              61.2629835
            ],
            [
              73.3684311,
              61.262662
            ],
            [
              73.3669701,
              61.2622861
            ],
            [
              73.3664632,
              61.2621557
            ],
            [
              73.3662323,
              61.2620974
            ],
            [
              73.3660899,
              61.2620613
            ],
            [
              73.3654758,
              61.2619055
            ],
            [
              73.3650203,
              61.2623028
            ],
            [
              73.3646453,
              61.2626468
            ],
            [
              73.3645336,
              61.2627476
            ],
            [
              73.3640129,
              61.2632178
            ],
            [
              73.363917,
              61.2633043
            ],
            [
              73.36386,
              61.2633557
            ],
            [
              73.3637723,
              61.2634374
            ],
            [
              73.3637185,
              61.2634833
            ],
            [
              73.3632737,
              61.2638843
            ],
            [
              73.3626766,
              61.2644487
            ],
            [
              73.3625425,
              61.2645754
            ],
            [
              73.3624338,
              61.2646775
            ],
            [
              73.3621129,
              61.2649786
            ],
            [
              73.3620369,
              61.2650451
            ],
            [
              73.3619159,
              61.2651584
            ],
            [
              73.361741,
              61.2653224
            ],
            [
              73.3616052,
              61.2654332
            ],
            [
              73.3614571,
              61.2655386
            ],
            [
              73.361011,
              61.2653194
            ],
            [
              73.3608821,
              61.2653968
            ],
            [
              73.3606878,
              61.2655123
            ],
            [
              73.3606019,
              61.2655685
            ],
            [
              73.3602067,
              61.2657864
            ],
            [
              73.3597797,
              61.2660282
            ],
            [
              73.3594757,
              61.2661966
            ],
            [
              73.3592332,
              61.2663039
            ],
            [
              73.358975,
              61.266416
            ],
            [
              73.3587712,
              61.266478
            ],
            [
              73.3582797,
              61.2666195
            ],
            [
              73.3577994,
              61.2667531
            ],
            [
              73.3571916,
              61.2669166
            ],
            [
              73.3568952,
              61.266978
            ],
            [
              73.3566467,
              61.2670277
            ],
            [
              73.3562171,
              61.2670855
            ],
            [
              73.3557601,
              61.267141
            ],
            [
              73.3535852,
              61.2673925
            ],
            [
              73.3529675,
              61.2674612
            ],
            [
              73.3525086,
              61.2675135
            ],
            [
              73.3511474,
              61.2676685
            ],
            [
              73.3506934,
              61.2677337
            ],
            [
              73.3503142,
              61.2677987
            ],
            [
              73.3501875,
              61.2676216
            ],
            [
              73.3501499,
              61.2675773
            ],
            [
              73.3499703,
              61.2673908
            ],
            [
              73.3498039,
              61.26724
            ],
            [
              73.3495304,
              61.2670336
            ],
            [
              73.3491441,
              61.2667603
            ],
            [
              73.3485165,
              61.2663271
            ],
            [
              73.3479023,
              61.2658912
            ],
            [
              73.3474115,
              61.2655521
            ],
            [
              73.3466012,
              61.2649802
            ],
            [
              73.3455043,
              61.2642149
            ],
            [
              73.3450963,
              61.2639311
            ],
            [
              73.3447453,
              61.2636823
            ],
            [
              73.3439549,
              61.2631217
            ],
            [
              73.343522,
              61.2628176
            ],
            [
              73.3429604,
              61.262421
            ],
            [
              73.3426864,
              61.2622198
            ],
            [
              73.3425246,
              61.2620661
            ],
            [
              73.3423418,
              61.2618213
            ],
            [
              73.3416527,
              61.2605924
            ],
            [
              73.3412343,
              61.2598199
            ],
            [
              73.3411458,
              61.2596045
            ],
            [
              73.3410832,
              61.2594317
            ],
            [
              73.3410546,
              61.259304
            ],
            [
              73.3410385,
              61.2591685
            ],
            [
              73.3410358,
              61.2590112
            ],
            [
              73.3410385,
              61.2587958
            ],
            [
              73.3410975,
              61.258534
            ],
            [
              73.3411351,
              61.2584218
            ],
            [
              73.3411753,
              61.2582954
            ],
            [
              73.3412584,
              61.2581509
            ],
            [
              73.3413469,
              61.2579974
            ],
            [
              73.3414381,
              61.2578504
            ],
            [
              73.3415588,
              61.2576879
            ],
            [
              73.341701,
              61.2575267
            ],
            [
              73.3419177,
              61.2572963
            ],
            [
              73.3423342,
              61.2569078
            ],
            [
              73.3427817,
              61.2564904
            ],
            [
              73.3433358,
              61.2559526
            ],
            [
              73.3440389,
              61.2552752
            ],
            [
              73.3448528,
              61.2545277
            ],
            [
              73.3453385,
              61.2540634
            ],
            [
              73.3455022,
              61.2539068
            ],
            [
              73.3473418,
              61.2521479
            ],
            [
              73.3481259,
              61.2514167
            ],
            [
              73.3482294,
              61.2513161
            ],
            [
              73.3491259,
              61.2504709
            ],
            [
              73.3494887,
              61.2501222
            ],
            [
              73.3502293,
              61.2494104
            ],
            [
              73.3505089,
              61.2491495
            ],
            [
              73.3508343,
              61.2488408
            ],
            [
              73.3510187,
              61.248639
            ],
            [
              73.3514329,
              61.2482409
            ],
            [
              73.3518338,
              61.2479174
            ],
            [
              73.3522362,
              61.2476278
            ],
            [
              73.3526076,
              61.247392
            ],
            [
              73.3529474,
              61.2471928
            ],
            [
              73.3533102,
              61.2469951
            ],
            [
              73.3536914,
              61.2467931
            ],
            [
              73.3541767,
              61.2465831
            ],
            [
              73.3574853,
              61.2380298
            ],
            [
              73.3603332,
              61.2350363
            ]
          ]
        ]
      },
      "id": "relation/20377965"
    },
    {
      "type": "Feature",
      "properties": {
        "@id": "relation/20378026",
        "admin_level": "9",
        "boundary": "administrative",
        "name": "Восточный район",
        "type": "boundary"
      },
      "geometry": {
        "type": "Polygon",
        "coordinates": [
          [
            [
              73.4154939,
              61.2382423
            ],
            [
              73.4144854,
              61.2376538
            ],
            [
              73.4129405,
              61.2369827
            ],
            [
              73.4120608,
              61.236438
            ],
            [
              73.4118032,
              61.2358675
            ],
            [
              73.4116799,
              61.2354442
            ],
            [
              73.4116155,
              61.2351628
            ],
            [
              73.4117201,
              61.2349202
            ],
            [
              73.4119374,
              61.2346981
            ],
            [
              73.412168,
              61.2344942
            ],
            [
              73.4119856,
              61.2341483
            ],
            [
              73.4117174,
              61.2338385
            ],
            [
              73.4111917,
              61.2335752
            ],
            [
              73.4106231,
              61.2332964
            ],
            [
              73.4097969,
              61.232873
            ],
            [
              73.4090888,
              61.2326665
            ],
            [
              73.4081554,
              61.2325787
            ],
            [
              73.4073722,
              61.232589
            ],
            [
              73.4064066,
              61.2327387
            ],
            [
              73.4051084,
              61.2328936
            ],
            [
              73.4043515,
              61.2328925
            ],
            [
              73.4019614,
              61.2328295
            ],
            [
              73.4021795,
              61.2326949
            ],
            [
              73.4023638,
              61.232105
            ],
            [
              73.4025818,
              61.2319642
            ],
            [
              73.4028232,
              61.2317448
            ],
            [
              73.4031933,
              61.2313266
            ],
            [
              73.4039872,
              61.2305625
            ],
            [
              73.4043611,
              61.2302237
            ],
            [
              73.4045276,
              61.2297274
            ],
            [
              73.4043789,
              61.2293824
            ],
            [
              73.4040454,
              61.2289807
            ],
            [
              73.4036849,
              61.2284304
            ],
            [
              73.4034951,
              61.2278131
            ],
            [
              73.4033072,
              61.2271148
            ],
            [
              73.4071737,
              61.2270844
            ],
            [
              73.4078083,
              61.2270538
            ],
            [
              73.4100849,
              61.2269688
            ],
            [
              73.4147885,
              61.2267592
            ],
            [
              73.4180548,
              61.2264657
            ],
            [
              73.4229984,
              61.2259592
            ],
            [
              73.4353742,
              61.2247891
            ],
            [
              73.4432549,
              61.2260029
            ],
            [
              73.4472268,
              61.226595
            ],
            [
              73.4517645,
              61.2269566
            ],
            [
              73.457895,
              61.2271012
            ],
            [
              73.4688911,
              61.2282927
            ],
            [
              73.4717576,
              61.2288855
            ],
            [
              73.4772852,
              61.2312347
            ],
            [
              73.4915892,
              61.2337128
            ],
            [
              73.5046852,
              61.2365514
            ],
            [
              73.5080443,
              61.2390025
            ],
            [
              73.5111893,
              61.2407959
            ],
            [
              73.5150914,
              61.2421969
            ],
            [
              73.5214397,
              61.2426733
            ],
            [
              73.5273476,
              61.2433713
            ],
            [
              73.5297698,
              61.2441166
            ],
            [
              73.5310304,
              61.245022
            ],
            [
              73.5314643,
              61.2460781
            ],
            [
              73.5317761,
              61.2471915
            ],
            [
              73.5327983,
              61.2488925
            ],
            [
              73.5344846,
              61.2519374
            ],
            [
              73.5332333,
              61.2541811
            ],
            [
              73.5324108,
              61.2551963
            ],
            [
              73.530679,
              61.2561595
            ],
            [
              73.5276702,
              61.2571671
            ],
            [
              73.524132,
              61.2585458
            ],
            [
              73.5233106,
              61.2588998
            ],
            [
              73.5228816,
              61.2592089
            ],
            [
              73.522397,
              61.2596116
            ],
            [
              73.5221256,
              61.2599804
            ],
            [
              73.5219288,
              61.2604929
            ],
            [
              73.5218534,
              61.261322
            ],
            [
              73.5218238,
              61.2621481
            ],
            [
              73.521286,
              61.2634981
            ],
            [
              73.5185763,
              61.264659
            ],
            [
              73.5178182,
              61.2662047
            ],
            [
              73.5190963,
              61.2691512
            ],
            [
              73.5208559,
              61.2711419
            ],
            [
              73.5236883,
              61.2713997
            ],
            [
              73.5264563,
              61.2728436
            ],
            [
              73.5272288,
              61.2743081
            ],
            [
              73.5218429,
              61.2763912
            ],
            [
              73.523581,
              61.2786495
            ],
            [
              73.5218429,
              61.2825986
            ],
            [
              73.5178465,
              61.2825957
            ],
            [
              73.5126913,
              61.2824687
            ],
            [
              73.508521,
              61.2823062
            ],
            [
              73.5047395,
              61.2829327
            ],
            [
              73.4921657,
              61.2864038
            ],
            [
              73.4898054,
              61.2856718
            ],
            [
              73.4862434,
              61.286744
            ],
            [
              73.4842693,
              61.2861564
            ],
            [
              73.4834539,
              61.2854347
            ],
            [
              73.4807717,
              61.2857028
            ],
            [
              73.4787332,
              61.2867749
            ],
            [
              73.470036,
              61.2890718
            ],
            [
              73.4698883,
              61.2870806
            ],
            [
              73.469936,
              61.2868091
            ],
            [
              73.4699629,
              61.2850633
            ],
            [
              73.4699964,
              61.2833807
            ],
            [
              73.4699968,
              61.2832356
            ],
            [
              73.4700662,
              61.2818759
            ],
            [
              73.4700919,
              61.2810721
            ],
            [
              73.4701719,
              61.2809033
            ],
            [
              73.4702805,
              61.2807564
            ],
            [
              73.4691582,
              61.2807037
            ],
            [
              73.4659764,
              61.2811904
            ],
            [
              73.4659674,
              61.2811703
            ],
            [
              73.4657925,
              61.2809818
            ],
            [
              73.4657527,
              61.2808799
            ],
            [
              73.465644,
              61.28075
            ],
            [
              73.4653048,
              61.2803463
            ],
            [
              73.4649364,
              61.2798624
            ],
            [
              73.4646794,
              61.279516
            ],
            [
              73.4642023,
              61.2789696
            ],
            [
              73.4639665,
              61.2786907
            ],
            [
              73.4637465,
              61.2784436
            ],
            [
              73.4632096,
              61.2781545
            ],
            [
              73.46282,
              61.2779342
            ],
            [
              73.462547,
              61.2777737
            ],
            [
              73.4623668,
              61.2776808
            ],
            [
              73.4608625,
              61.276893
            ],
            [
              73.4622331,
              61.2757055
            ],
            [
              73.4624917,
              61.2754736
            ],
            [
              73.4632333,
              61.274841
            ],
            [
              73.4641015,
              61.274206
            ],
            [
              73.4649164,
              61.2736994
            ],
            [
              73.4657856,
              61.2732149
            ],
            [
              73.4666348,
              61.2728162
            ],
            [
              73.4675641,
              61.2724402
            ],
            [
              73.4684674,
              61.2720906
            ],
            [
              73.4694408,
              61.2717898
            ],
            [
              73.4713837,
              61.27129
            ],
            [
              73.4759461,
              61.2703339
            ],
            [
              73.4761366,
              61.2702941
            ],
            [
              73.476283,
              61.2680564
            ],
            [
              73.4762876,
              61.2677239
            ],
            [
              73.4763424,
              61.266629
            ],
            [
              73.4764047,
              61.2654136
            ],
            [
              73.4764209,
              61.2649706
            ],
            [
              73.4764991,
              61.2631878
            ],
            [
              73.476506,
              61.2630357
            ],
            [
              73.476532,
              61.2623826
            ],
            [
              73.4765631,
              61.2617167
            ],
            [
              73.4765767,
              61.2613785
            ],
            [
              73.4765178,
              61.2612546
            ],
            [
              73.4764695,
              61.2611257
            ],
            [
              73.4764174,
              61.2610167
            ],
            [
              73.4763344,
              61.2608876
            ],
            [
              73.4761617,
              61.2607442
            ],
            [
              73.4759168,
              61.2605987
            ],
            [
              73.4758096,
              61.2605255
            ],
            [
              73.4757313,
              61.2604749
            ],
            [
              73.475675,
              61.2604179
            ],
            [
              73.4755601,
              61.2603363
            ],
            [
              73.4754002,
              61.2602698
            ],
            [
              73.4752359,
              61.2602184
            ],
            [
              73.4750134,
              61.2601753
            ],
            [
              73.4746563,
              61.2601491
            ],
            [
              73.4743737,
              61.2601341
            ],
            [
              73.4740033,
              61.2601206
            ],
            [
              73.4726063,
              61.2600364
            ],
            [
              73.4722174,
              61.2600253
            ],
            [
              73.4707235,
              61.2599415
            ],
            [
              73.4676122,
              61.2597552
            ],
            [
              73.4666461,
              61.2597011
            ],
            [
              73.4653087,
              61.2596157
            ],
            [
              73.4643348,
              61.2595478
            ],
            [
              73.4639562,
              61.2595247
            ],
            [
              73.4635569,
              61.2594961
            ],
            [
              73.4631101,
              61.2594623
            ],
            [
              73.462902,
              61.2594461
            ],
            [
              73.4617943,
              61.2593571
            ],
            [
              73.4608124,
              61.2592675
            ],
            [
              73.459435,
              61.2591284
            ],
            [
              73.4586957,
              61.2590397
            ],
            [
              73.4581838,
              61.258975
            ],
            [
              73.4566304,
              61.2587659
            ],
            [
              73.4554253,
              61.2585862
            ],
            [
              73.4549071,
              61.2585176
            ],
            [
              73.4538548,
              61.2583524
            ],
            [
              73.4535987,
              61.2583065
            ],
            [
              73.4535143,
              61.2582711
            ],
            [
              73.4535572,
              61.2582131
            ],
            [
              73.4536737,
              61.2579999
            ],
            [
              73.455899,
              61.2551585
            ],
            [
              73.4559505,
              61.2550825
            ],
            [
              73.4577472,
              61.2527543
            ],
            [
              73.4577892,
              61.2527066
            ],
            [
              73.4578078,
              61.2526846
            ],
            [
              73.4578035,
              61.252662
            ],
            [
              73.4578788,
              61.2525474
            ],
            [
              73.4579333,
              61.25248
            ],
            [
              73.4576293,
              61.2524329
            ],
            [
              73.451034,
              61.2512544
            ],
            [
              73.4396986,
              61.2492213
            ],
            [
              73.4392942,
              61.2491482
            ],
            [
              73.4350495,
              61.2484075
            ],
            [
              73.4338211,
              61.2482775
            ],
            [
              73.4306472,
              61.2482771
            ],
            [
              73.4288827,
              61.2483299
            ],
            [
              73.4273945,
              61.2482843
            ],
            [
              73.4261704,
              61.2481455
            ],
            [
              73.4225643,
              61.247497
            ],
            [
              73.422091,
              61.2474249
            ],
            [
              73.4220744,
              61.2471904
            ],
            [
              73.4219757,
              61.2471298
            ],
            [
              73.4212763,
              61.2470068
            ],
            [
              73.4210873,
              61.2469736
            ],
            [
              73.4210381,
              61.2469565
            ],
            [
              73.420786,
              61.2468855
            ],
            [
              73.4205955,
              61.2468584
            ],
            [
              73.4205031,
              61.2468473
            ],
            [
              73.4203783,
              61.2468055
            ],
            [
              73.4202763,
              61.2467049
            ],
            [
              73.4201637,
              61.2466391
            ],
            [
              73.4201047,
              61.2465862
            ],
            [
              73.4200591,
              61.2464701
            ],
            [
              73.420051,
              61.2463823
            ],
            [
              73.4200215,
              61.246283
            ],
            [
              73.4199384,
              61.246234
            ],
            [
              73.4198472,
              61.246163
            ],
            [
              73.4196916,
              61.2460907
            ],
            [
              73.4196299,
              61.2460365
            ],
            [
              73.419477,
              61.2459914
            ],
            [
              73.4194234,
              61.2459449
            ],
            [
              73.4194127,
              61.2458688
            ],
            [
              73.4194449,
              61.2457966
            ],
            [
              73.4195387,
              61.2457256
            ],
            [
              73.4196192,
              61.2456378
            ],
            [
              73.4196568,
              61.2455604
            ],
            [
              73.4196353,
              61.2454366
            ],
            [
              73.4195602,
              61.2453411
            ],
            [
              73.4194422,
              61.2452391
            ],
            [
              73.4192786,
              61.2451566
            ],
            [
              73.4191444,
              61.2451062
            ],
            [
              73.4189996,
              61.2450456
            ],
            [
              73.4189674,
              61.2449591
            ],
            [
              73.4190077,
              61.2448004
            ],
            [
              73.418895,
              61.2446843
            ],
            [
              73.4185141,
              61.2444469
            ],
            [
              73.4182566,
              61.2443488
            ],
            [
              73.4176719,
              61.2442301
            ],
            [
              73.4172428,
              61.244114
            ],
            [
              73.4167385,
              61.2439643
            ],
            [
              73.4162611,
              61.2438301
            ],
            [
              73.4156764,
              61.2437243
            ],
            [
              73.4151131,
              61.2436288
            ],
            [
              73.4146947,
              61.243603
            ],
            [
              73.4143084,
              61.2435101
            ],
            [
              73.4139275,
              61.2433036
            ],
            [
              73.4138203,
              61.2430326
            ],
            [
              73.41389,
              61.242692
            ],
            [
              73.4141636,
              61.2424003
            ],
            [
              73.4144211,
              61.2421139
            ],
            [
              73.4148663,
              61.2414196
            ],
            [
              73.4151936,
              61.2408931
            ],
            [
              73.4155369,
              61.240173
            ],
            [
              73.4157139,
              61.2396
            ],
            [
              73.4157515,
              61.2389831
            ],
            [
              73.4156764,
              61.238614
            ],
            [
              73.4154939,
              61.2382423
            ]
          ]
        ]
      },
      "id": "relation/20378026"
    }
  ]
}