{
"type": "FeatureCollection",
"name": "rivers",
"crs": { "type": "name", "properties": { "name": "urn:ogc:def:crs:OGC:1.3:CRS84" } },
"features": [
{ "type": "Feature", "properties": { "river_id": 1 }, "geometry": { "type": "Polygon", "coordinates": [ [ [ 52.199576230387549, 53.19270651485877 ], [ 52.202258040939576, 53.194667270771184 ], [ 52.205324220005174, 53.197058046102818 ], [ 52.205424864412294, 53.19712901248743 ], [ 52.205536617748606, 53.19719370687617 ], [ 52.205658401744486, 53.197251505028291 ], [ 52.205789041329112, 53.197301849243047 ], [ 52.205927275969238, 53.197344253741875 ], [ 52.206071771833138, 53.197378309356495 ], [ 52.206221134662592, 53.197403687477703 ], [ 52.206373923228277, 53.197420143226793 ], [ 52.206528663238942, 53.197427517818838 ], [ 52.206683861569864, 53.197425740095149 ], [ 52.206838020673146, 53.197414827209975 ], [ 52.206989653030845, 53.197394884464948 ], [ 52.207137295511117, 53.19736610429279 ], [ 52.207279523488872, 53.197328764400119 ], [ 52.207414964594491, 53.197283225087219 ], [ 52.209516789251154, 53.196492664739047 ], [ 52.211378810266694, 53.197263941086113 ], [ 52.214316262156231, 53.200763054191029 ], [ 52.214394934614525, 53.200846080186246 ], [ 52.214487109654662, 53.200923936290316 ], [ 52.214591853329871, 53.200995833581629 ], [ 52.214708104318461, 53.201061043515949 ], [ 52.214834684677385, 53.201118905309883 ], [ 52.214970311778266, 53.201168832637642 ], [ 52.215113611305092, 53.201210319573285 ], [ 52.215263131181672, 53.201242945718278 ], [ 52.215417356287801, 53.201266380462208 ], [ 52.215574723814825, 53.201280386333679 ], [ 52.218594111086588, 53.201456393405067 ], [ 52.218761556146241, 53.20146079039808 ], [ 52.218928835063757, 53.201454514807182 ], [ 52.219094066370566, 53.201437637217687 ], [ 52.22107099941551, 53.201170235532764 ], [ 52.223550233675098, 53.203263730704435 ], [ 52.223651111528717, 53.203340248920547 ], [ 52.223764544614482, 53.203410141818161 ], [ 52.223889333313565, 53.203472670205564 ], [ 52.224024157891769, 53.203527172775672 ], [ 52.224167592457334, 53.203573073101097 ], [ 52.22431812004244, 53.203609885731638 ], [ 52.224474148648717, 53.203637221329203 ], [ 52.224634028087003, 53.203654790786388 ], [ 52.224796067433104, 53.203662408284622 ], [ 52.224958552914828, 53.203659993259834 ], [ 52.227438750171501, 53.203546284988406 ], [ 52.229855855543889, 53.204482857894718 ], [ 52.232785700695111, 53.206480635407637 ], [ 52.232892066594125, 53.206546453198065 ], [ 52.233008517923459, 53.206605799421162 ], [ 52.233133967130534, 53.206658119816289 ], [ 52.233267242614275, 53.20670292573832 ], [ 52.233407099667915, 53.206739798722104 ], [ 52.233552232105147, 53.206768394391361 ], [ 52.233701284460963, 53.206788445675585 ], [ 52.233852864653173, 53.206799765304787 ], [ 52.234005556986212, 53.206802247558876 ], [ 52.234157935375706, 53.206795869255146 ], [ 52.234308576670124, 53.20678068996488 ], [ 52.234456073945054, 53.206756851456788 ], [ 52.234599049645745, 53.206724576372743 ], [ 52.234736168455051, 53.206684166147959 ], [ 52.234866149766596, 53.206635998195154 ], [ 52.234987779646396, 53.206580522379106 ], [ 52.235099922171322, 53.206518256814419 ], [ 52.23712196549895, 53.205281431524206 ], [ 52.238863175741713, 53.206017773595867 ], [ 52.241797769009423, 53.208431909384714 ], [ 52.241894380083529, 53.208503759700505 ], [ 52.242002165845207, 53.208569632666119 ], [ 52.242120105742636, 53.208628904545051 ], [ 52.242247083062566, 53.208681014102694 ], [ 52.242381895504373, 53.208725467921383 ], [ 52.242523266565243, 53.208761845073234 ], [ 52.242669857628485, 53.208789801106548 ], [ 52.242820280640565, 53.208809071307897 ], [ 52.245191216492486, 53.209041032606891 ], [ 52.247899646588273, 53.211333323299776 ], [ 52.247998859323921, 53.211408859936434 ], [ 52.248110301091579, 53.211477978940451 ], [ 52.248232826822161, 53.211539970077062 ], [ 52.248365177536172, 53.21159419635142 ], [ 52.248505993280666, 53.211640100555044 ], [ 52.248653827104441, 53.211677210992356 ], [ 52.24880715992807, 53.211705146328555 ], [ 52.24896441615568, 53.211723619508739 ], [ 52.24912397986806, 53.211732440708133 ], [ 52.249284211430421, 53.211731519283049 ], [ 52.24944346434421, 53.21172086470245 ], [ 52.249600102169403, 53.211700586450597 ], [ 52.249752515343381, 53.211670892901815 ], [ 52.249899137723325, 53.211632089178813 ], [ 52.252561492434801, 53.210828359839319 ], [ 52.254151118282287, 53.210817253029141 ], [ 52.25688229099655, 53.214678967931782 ], [ 52.256949831919023, 53.214762772331895 ], [ 52.257030728033087, 53.214842200851635 ], [ 52.257124200821316, 53.214916489027551 ], [ 52.257229350707654, 53.214984921865977 ], [ 52.257345165714113, 53.215046840725321 ], [ 52.257470531199999, 53.215101649656162 ], [ 52.257604240589956, 53.21514882113788 ], [ 52.257745006987456, 53.215187901156661 ], [ 52.257891475562076, 53.215218513576083 ], [ 52.25804223659113, 53.215240363757886 ], [ 52.258195839030144, 53.215253241398372 ], [ 52.258350804481395, 53.215257022552912 ], [ 52.258505641425984, 53.215251670829026 ], [ 52.258658859582305, 53.215237237736829 ], [ 52.258808984252582, 53.215213862193018 ], [ 52.258954570519286, 53.215181769183623 ], [ 52.259094217154583, 53.215141267598035 ], [ 52.259226580108965, 53.215092747255589 ], [ 52.259350385448919, 53.215036675152767 ], [ 52.259464441619322, 53.214973590967887 ], [ 52.261673937074136, 53.213625315526642 ], [ 52.263722911647839, 53.21414436709015 ], [ 52.263868002705408, 53.214176202534105 ], [ 52.264017577481745, 53.214199385311829 ], [ 52.264170207638372, 53.21421369404311 ], [ 52.26432443565438, 53.214218992089108 ], [ 52.264478788747461, 53.214215228857341 ], [ 52.264631792940868, 53.2142024402849 ], [ 52.264781987141717, 53.214180748495238 ], [ 52.264927937096196, 53.214150360631599 ], [ 52.265068249088159, 53.214111566878685 ], [ 52.26520158325031, 53.214064737690947 ], [ 52.2653266663606, 53.214010320254381 ], [ 52.265442304001759, 53.213948834215458 ], [ 52.267443361923213, 53.212775183406016 ], [ 52.269416487541996, 53.213651581368566 ], [ 52.26951950319534, 53.213693668310839 ], [ 52.269627721290469, 53.213730753807326 ], [ 52.272671149282296, 53.214680210822458 ], [ 52.27280959025628, 53.214718429358484 ], [ 52.272953518185091, 53.214748469503689 ], [ 52.273101595804988, 53.214770052147529 ], [ 52.273252447289131, 53.214782976760048 ], [ 52.273404671033056, 53.214787123255434 ], [ 52.273556852679903, 53.214782453107887 ], [ 52.273707578264172, 53.214769009709741 ], [ 52.273855447351941, 53.214746917968043 ], [ 52.273999086055156, 53.214716383143902 ], [ 52.274137159799004, 53.214677688944889 ], [ 52.274268385723751, 53.214631194888533 ], [ 52.274391544605592, 53.214577332961397 ], [ 52.27450549218571, 53.214516603604665 ], [ 52.276330307093531, 53.21344526326201 ], [ 52.27829742109099, 53.214671015572705 ], [ 52.278406919489761, 53.214733040820434 ], [ 52.278525750998547, 53.214788532228354 ], [ 52.278652837848227, 53.214836986489502 ], [ 52.278787027381533, 53.214877964122373 ], [ 52.278927102508497, 53.214911093457651 ], [ 52.279071792746876, 53.214936074009856 ], [ 52.279219785747181, 53.214952679203279 ], [ 52.279369739197897, 53.214960758427431 ], [ 52.279520293002662, 53.214960238403229 ], [ 52.279670081618924, 53.21495112384796 ], [ 52.279817746446014, 53.214933497432256 ], [ 52.279961948150252, 53.214907519030241 ], [ 52.280101378815026, 53.214873424269058 ], [ 52.280234773805731, 53.214831522391407 ], [ 52.280360923241695, 53.214782193450013 ], [ 52.280478682971101, 53.214725884860073 ], [ 52.282974965514057, 53.213410812291471 ], [ 52.285364180789472, 53.21346306123597 ], [ 52.285518207238844, 53.213461919987481 ], [ 52.285671317390474, 53.213451785410733 ], [ 52.285822057436995, 53.213432753735894 ], [ 52.285968996080193, 53.213405005672449 ], [ 52.286110738123888, 53.21336880469299 ], [ 52.2878661896737, 53.21285844931608 ], [ 52.290198096874462, 53.214935083956291 ], [ 52.290290069589638, 53.215008964979056 ], [ 52.290393556453353, 53.215077137652955 ], [ 52.290507579937604, 53.215138957991087 ], [ 52.290631062967016, 53.215193842010784 ], [ 52.290762839093205, 53.215241271250989 ], [ 52.290901663514184, 53.215280797670673 ], [ 52.291046224834467, 53.215312047881895 ], [ 52.291195157454794, 53.215334726677717 ], [ 52.291347054474393, 53.215348619821334 ], [ 52.291500480983743, 53.215353596070308 ], [ 52.291653987622176, 53.215349608416574 ], [ 52.291806124272107, 53.215336694530471 ], [ 52.291955453760423, 53.21531497640494 ], [ 52.292100565437501, 53.215284659202752 ], [ 52.292240088505352, 53.215246029318116 ], [ 52.292372704968969, 53.215199451670628 ], [ 52.292497162088431, 53.215145366257474 ], [ 52.292612284214023, 53.215084283996227 ], [ 52.292716983892483, 53.215016781897774 ], [ 52.292810272139462, 53.214943497614691 ], [ 52.292891267781215, 53.214865123416999 ], [ 52.295740406829609, 53.211783023740907 ], [ 52.297529303095075, 53.210484333818151 ], [ 52.299369196777036, 53.211512735887247 ], [ 52.299488456538434, 53.21157308143637 ], [ 52.29961704264732, 53.21162607768607 ], [ 52.299753703198881, 53.211671208656405 ], [ 52.299897107660868, 53.211708034943641 ], [ 52.300045859829375, 53.211736197999222 ], [ 52.300198511424384, 53.211755423621163 ], [ 52.300353576192997, 53.211765524624312 ], [ 52.300509544382578, 53.211766402663159 ], [ 52.300664897443028, 53.211758049189491 ], [ 52.300818122814661, 53.211740545535598 ], [ 52.300967728657838, 53.211714062122269 ], [ 52.301112258380542, 53.211678856799189 ], [ 52.30125030482246, 53.211635272333886 ], [ 52.301380523957434, 53.211583733073908 ], [ 52.301501647980494, 53.211524740814568 ], [ 52.301612497652307, 53.211458869912484 ], [ 52.301711993780536, 53.211386761692864 ], [ 52.301799167726557, 53.211309118204447 ], [ 52.301873170834888, 53.211226695383651 ], [ 52.304072828809289, 53.208457591346487 ], [ 52.305664824587964, 53.208954759814716 ], [ 52.305803099148342, 53.208992980075678 ], [ 52.305946856687932, 53.209023037726475 ], [ 52.306094763848698, 53.209044653979547 ], [ 52.30624544877724, 53.209057628341924 ], [ 52.306397513851138, 53.209061840475165 ], [ 52.30654954864459, 53.209057251311719 ], [ 52.306700143012876, 53.209043903417289 ], [ 52.306847900174247, 53.209021920595973 ], [ 52.306991449667713, 53.20899150674169 ], [ 52.307129460066449, 53.208952943946699 ], [ 52.307260651328846, 53.208906589884648 ], [ 52.307383806672483, 53.208852874492464 ], [ 52.307497783860875, 53.208792295982086 ], [ 52.307601525798191, 53.208725416218655 ], [ 52.307694070333739, 53.208652855508596 ], [ 52.307774559185177, 53.208575286845445 ], [ 52.307842245897739, 53.208493429667222 ], [ 52.310382949264849, 53.205008588153291 ], [ 52.31203763099326, 53.204866961674135 ], [ 52.314643543414881, 53.205630673159696 ], [ 52.314792162202657, 53.205668709717351 ], [ 52.314946472028666, 53.205697438583755 ], [ 52.315104860550385, 53.205716559577631 ], [ 52.315265672799825, 53.205725872908012 ], [ 52.315427228479194, 53.205725281262289 ], [ 52.315587839521427, 53.205714790823173 ], [ 52.31574582773198, 53.20569451120398 ], [ 52.318745747881302, 53.20521193938081 ], [ 52.31889319375906, 53.205183502782496 ], [ 52.319035296426662, 53.205146538846535 ], [ 52.319170691534481, 53.205101402473879 ], [ 52.319298079145433, 53.205048527029845 ], [ 52.319416236217194, 53.204988420182644 ], [ 52.319524028345555, 53.20492165902823 ], [ 52.322426846412696, 53.202937803656205 ], [ 52.325314638913277, 53.2013071309716 ], [ 52.328259917235336, 53.199757249319042 ], [ 52.328376567922575, 53.199689176905011 ], [ 52.328480947399107, 53.199614264813945 ], [ 52.328571949861271, 53.199533306718394 ], [ 52.33112340429831, 53.196990187647629 ], [ 52.333416524905047, 53.196751606574267 ], [ 52.333586466714877, 53.196728057761987 ], [ 52.333751051798416, 53.196693405831567 ], [ 52.333908275192677, 53.196648072914044 ], [ 52.336240801739571, 53.195877625915884 ], [ 52.338586296921903, 53.19643374407633 ], [ 52.338734217285946, 53.196463831383163 ], [ 52.338886360994373, 53.196485003121012 ], [ 52.339041241863903, 53.196497052478321 ], [ 52.339197346968746, 53.196499861753686 ], [ 52.339353151422245, 53.196493403505798 ], [ 52.339507133275383, 53.196477740821592 ], [ 52.339657788386596, 53.196453026699736 ], [ 52.339803645117463, 53.196419502555919 ], [ 52.339943278710557, 53.19637749586407 ], [ 52.340075325208915, 53.196327416956898 ], [ 52.340198494781099, 53.196269755016985 ], [ 52.340311584321476, 53.196205073297456 ], [ 52.34041348920271, 53.196134003619292 ], [ 52.343356570825051, 53.193863402474868 ], [ 52.343436927868034, 53.193795442631441 ], [ 52.343507044752855, 53.193723510132244 ], [ 52.343566380559835, 53.193648159957959 ], [ 52.345615170451154, 53.190719933827573 ], [ 52.347033778110941, 53.191444251603066 ], [ 52.347158259409049, 53.191501662903569 ], [ 52.347291610575255, 53.191551373551228 ], [ 52.347432515765625, 53.191592893016001 ], [ 52.347579584582348, 53.191625811594889 ], [ 52.347731365795589, 53.191649804455459 ], [ 52.347886361665971, 53.191664634841828 ], [ 52.348043042726623, 53.191670156411327 ], [ 52.348199862878474, 53.19166631467882 ], [ 52.348355274649869, 53.191653147554398 ], [ 52.348507744469728, 53.191630784969313 ], [ 52.348655767803407, 53.191599447593404 ], [ 52.348797884001705, 53.191559444657287 ], [ 52.34893269071646, 53.191511170900228 ], [ 52.349058857740282, 53.191455102674382 ], [ 52.349175140133802, 53.191391793243334 ], [ 52.349280390510813, 53.191321867321918 ], [ 52.352141603845602, 53.189219717692829 ], [ 52.354314299114122, 53.188081927401328 ], [ 52.356481508186441, 53.188535076588735 ], [ 52.356631117851634, 53.188561463653869 ], [ 52.356784329528899, 53.188578864231125 ], [ 52.356939650802609, 53.188587108824031 ], [ 52.357095568703954, 53.18858611712345 ], [ 52.357250564451526, 53.188575898790091 ], [ 52.357403128248457, 53.188556553360321 ], [ 52.360401666757383, 53.188082359060111 ], [ 52.360549925472419, 53.188054156894665 ], [ 52.360692849460889, 53.18801733622886 ], [ 52.360829053822862, 53.187972253850774 ], [ 52.363807528067646, 53.186868204155878 ], [ 52.363944707663428, 53.18681113122156 ], [ 52.364071099378791, 53.18674568534361 ], [ 52.364185293076261, 53.186672596721635 ], [ 52.364286014734454, 53.186592680823509 ], [ 52.364372140661629, 53.186506829285911 ], [ 52.366862197914024, 53.183698971589315 ], [ 52.368879806683978, 53.183633390205166 ], [ 52.371753740460107, 53.183764418149856 ], [ 52.37473339785857, 53.183994926161837 ], [ 52.374888683096728, 53.184002285809306 ], [ 52.375044420048816, 53.184000423024898 ], [ 52.375199094453656, 53.183989355921476 ], [ 52.375351202383655, 53.183969192107199 ], [ 52.375499264870626, 53.18394012763904 ], [ 52.375641842288594, 53.183902445116075 ], [ 52.375777548353767, 53.183856510931157 ], [ 52.375905063605352, 53.183802771707853 ], [ 52.37602314823603, 53.183741749957065 ], [ 52.376130654147367, 53.183674038995818 ], [ 52.376226536112782, 53.183600297177534 ], [ 52.37870219383656, 53.18148935429781 ], [ 52.380919972031371, 53.181455362494646 ], [ 52.381077689415186, 53.181448185024806 ], [ 52.381233421237063, 53.181431568376134 ], [ 52.381385606053762, 53.1814056791562 ], [ 52.381532717993124, 53.181370776943645 ], [ 52.38167328205585, 53.18132721168498 ], [ 52.381805888906605, 53.181275420185187 ], [ 52.381929209006245, 53.181215921727421 ], [ 52.384570906795268, 53.179804946792189 ], [ 52.38615696769272, 53.179615017471974 ], [ 52.388658810595238, 53.181694641359456 ], [ 52.388753538315939, 53.181765897484119 ], [ 52.388859214374321, 53.181831362394092 ], [ 52.38897486290616, 53.18189043152573 ], [ 52.389099415938674, 53.181942559377774 ], [ 52.38923172325331, 53.181987264549662 ], [ 52.389370563008676, 53.182024134188019 ], [ 52.392406451694626, 53.182727589547206 ], [ 52.392553192733764, 53.182756721383278 ], [ 52.392703970441509, 53.182777099980136 ], [ 52.392857341583841, 53.182788530275317 ], [ 52.393011838097792, 53.182790902859061 ], [ 52.393165981146488, 53.182784195021661 ], [ 52.393318295277268, 53.182768470971006 ], [ 52.393467322547465, 53.182743881217704 ], [ 52.393611636482362, 53.182710661134195 ], [ 52.393749855731663, 53.182669128701257 ], [ 52.393880657293607, 53.182619681463791 ], [ 52.394002789180092, 53.18256279272488 ], [ 52.39411508240147, 53.182499007014592 ], [ 52.396017961993152, 53.181306878503705 ], [ 52.397947401329787, 53.182331994042542 ], [ 52.398063529234847, 53.182388056582319 ], [ 52.398187932789504, 53.182437297826482 ], [ 52.398319505447283, 53.182479279773602 ], [ 52.398457076881527, 53.182513628992709 ], [ 52.398599423396718, 53.182540039945607 ], [ 52.398745278814808, 53.182558277705049 ], [ 52.398893345739936, 53.182568180044882 ], [ 52.399042307100949, 53.182569658883274 ], [ 52.399190837869234, 53.182562701066374 ], [ 52.399337616847241, 53.182547368485281 ], [ 52.399481338423051, 53.182523797525448 ], [ 52.402475440859043, 53.181940275429874 ], [ 52.402611935024893, 53.181909420174989 ], [ 52.402743110342783, 53.181871134299968 ], [ 52.404689871154758, 53.181234577191944 ], [ 52.406883755485879, 53.182545868742665 ], [ 52.409927045365031, 53.184677975859124 ], [ 52.410031942395094, 53.184744648702697 ], [ 52.410147067089397, 53.184804925675614 ], [ 52.410271343538248, 53.184858243432707 ], [ 52.410403610286757, 53.184904103667506 ], [ 52.410542631190353, 53.184942077769961 ], [ 52.410687106968965, 53.184971810833055 ], [ 52.410835687351764, 53.18499302497019 ], [ 52.410986983698834, 53.185005521913013 ], [ 52.411139581981907, 53.185009184864548 ], [ 52.411292056002502, 53.18500397959113 ], [ 52.411442980723905, 53.18498995474237 ], [ 52.411590945592387, 53.184967241396308 ], [ 52.411734567722753, 53.184936051834171 ], [ 52.411872504825219, 53.184896677555869 ], [ 52.412003467752363, 53.18484948655518 ], [ 52.412126232549063, 53.184794919879863 ], [ 52.413719781792267, 53.184012242178085 ], [ 52.415871348873637, 53.186024953608396 ], [ 52.415960149787104, 53.186099783859568 ], [ 52.416060584576663, 53.186169103809107 ], [ 52.416171711390284, 53.186232263355691 ], [ 52.41629248808929, 53.186288670169411 ], [ 52.416421782021573, 53.18633779524751 ], [ 52.41655838064441, 53.186379177876326 ], [ 52.416701002897049, 53.186412429952782 ], [ 52.416848311216505, 53.186437239624773 ], [ 52.41699892408365, 53.186453374216349 ], [ 52.41715142898196, 53.186460682410328 ], [ 52.417304395647264, 53.186459095667601 ], [ 52.417456389484066, 53.186448628870018 ], [ 52.417605985022526, 53.186429380180812 ], [ 52.417751779289759, 53.186401530123732 ], [ 52.417892404969962, 53.186365339889775 ], [ 52.418026543229765, 53.186321148886947 ], [ 52.418152936088504, 53.186269371556705 ], [ 52.418270398217267, 53.186210493486449 ], [ 52.418377828055988, 53.186145066854749 ], [ 52.418474218144347, 53.186073705252021 ], [ 52.418558664569495, 53.185997077925329 ], [ 52.418630375442063, 53.185915903501225 ], [ 52.418688678320983, 53.185830943245683 ], [ 52.420033133215483, 53.183566163783766 ], [ 52.421758939300709, 53.186560488181108 ], [ 52.421815222919989, 53.186644835792137 ], [ 52.421884680351958, 53.186725562959154 ], [ 52.421966674728345, 53.186801929396459 ], [ 52.422060454202587, 53.186873234803357 ], [ 52.422165158842859, 53.186938825286987 ], [ 52.422279828516878, 53.186998099359357 ], [ 52.422403411696166, 53.18705051345399 ], [ 52.422534775098967, 53.187095586911333 ], [ 52.42267271408361, 53.18713290638739 ], [ 52.422815963696699, 53.18716212964479 ], [ 52.422963210274901, 53.187182988691944 ], [ 52.423113103493812, 53.187195292241043 ], [ 52.423264268753428, 53.187198927462553 ], [ 52.426050299167258, 53.187185700935025 ], [ 52.428519593784515, 53.187608103019237 ], [ 52.431319251017605, 53.189087712374722 ], [ 52.431440573643066, 53.18914573754035 ], [ 52.431570783841778, 53.189196338630879 ], [ 52.431708626900381, 53.189239028040689 ], [ 52.431852774540602, 53.189273394402065 ], [ 52.432001837720385, 53.189299106549896 ], [ 52.432154380021196, 53.189315916713554 ], [ 52.432308931492145, 53.189323662904791 ], [ 52.432464002817682, 53.189322270479096 ], [ 52.432618099671949, 53.189311752855048 ], [ 52.432769737121525, 53.189292211385037 ], [ 52.432917453937556, 53.189263834378295 ], [ 52.433059826679219, 53.189226895285934 ], [ 52.433195483412668, 53.189181750065408 ], [ 52.433323116933217, 53.189128833749699 ], [ 52.433441497363226, 53.189068656254541 ], [ 52.434888643024109, 53.188256499879415 ], [ 52.437056427902355, 53.190724275359933 ], [ 52.437126230697743, 53.190795947753806 ], [ 52.437206198401597, 53.190863680856189 ], [ 52.437295718767601, 53.190926956052131 ], [ 52.44029425587442, 53.192867386122991 ], [ 52.443332887636089, 53.195558829207116 ], [ 52.443425140152641, 53.195632550321079 ], [ 52.443528872985105, 53.195700545773029 ], [ 52.443643106501078, 53.195762173394044 ], [ 52.443766761882422, 53.195816851152422 ], [ 52.443898671313995, 53.195864062651296 ], [ 52.444037589013391, 53.195903362006483 ], [ 52.444182202997723, 53.19593437805829 ], [ 52.44433114747617, 53.195956817877487 ], [ 52.444483015751132, 53.195970469532377 ], [ 52.444636373506086, 53.195975204090715 ], [ 52.444789772354575, 53.195970976837685 ], [ 52.444941763522181, 53.195957827698166 ], [ 52.445090911532127, 53.195935880859672 ], [ 52.445235807765187, 53.195905343599058 ], [ 52.445375083765732, 53.195866504324741 ], [ 52.445507424167971, 53.195819729852097 ], [ 52.445631579120459, 53.195765461938528 ], [ 52.447822469997547, 53.194706271504188 ], [ 52.449758556606128, 53.195262039750773 ], [ 52.45248178259412, 53.196749978684672 ], [ 52.455482324206621, 53.19979307493859 ], [ 52.455568920167202, 53.199871701901756 ], [ 52.455668080665085, 53.199944781734175 ], [ 52.455778827188752, 53.200011593242834 ], [ 52.455900066873852, 53.200071477091058 ], [ 52.456030603287694, 53.200123842306084 ], [ 52.456169148236732, 53.200168172112051 ], [ 52.456314334480176, 53.200204029030722 ], [ 52.456464729224457, 53.200231059199602 ], [ 52.459494331926898, 53.200678390189772 ], [ 52.459657679070837, 53.200697096563914 ], [ 52.459823395544056, 53.200705392561872 ], [ 52.462061230065245, 53.200746423347901 ], [ 52.464708408001535, 53.202951803690006 ], [ 52.46479811689855, 53.203019759691017 ], [ 52.46489778308402, 53.203082514901268 ], [ 52.465006574306727, 53.203139545264897 ], [ 52.465123582103082, 53.203190374531232 ], [ 52.465247829383564, 53.203234578232383 ], [ 52.465378278592688, 53.203271787228509 ], [ 52.465513840374278, 53.203301690790965 ], [ 52.46810062103556, 53.203792977860736 ], [ 52.470895042240016, 53.205838005796075 ], [ 52.470999990842309, 53.205907495286034 ], [ 52.471115854170513, 53.205970424135529 ], [ 52.471241500043483, 53.206026177399266 ], [ 52.471375700669491, 53.206074210250257 ], [ 52.471517144644963, 53.206114053304674 ], [ 52.471664449770849, 53.206145317209526 ], [ 52.471816176561511, 53.206167696448141 ], [ 52.471970842313837, 53.206180972326301 ], [ 52.472126935599128, 53.206185015109703 ], [ 52.472282931035991, 53.206179785292015 ], [ 52.472437304199644, 53.20616533398092 ], [ 52.472588546521884, 53.206141802398662 ], [ 52.47273518003594, 53.206109420501583 ], [ 52.472875771821997, 53.206068504732613 ], [ 52.473008948012065, 53.206019454928224 ], [ 52.475015846725306, 53.205195629413637 ], [ 52.477167608216213, 53.206229510697092 ], [ 52.477276758499499, 53.206277500639281 ], [ 52.477392344770927, 53.206319710504062 ], [ 52.477513520131943, 53.206355831014662 ], [ 52.480556336264108, 53.207167274061852 ], [ 52.480694578860749, 53.207199564665473 ], [ 52.480837254923578, 53.207223932225247 ], [ 52.480983107715026, 53.207240162103368 ], [ 52.481130852510482, 53.207248111341464 ], [ 52.481279187916769, 53.207247709920161 ], [ 52.481426807337499, 53.207238961375985 ], [ 52.481572410484425, 53.207221942770019 ], [ 52.481714714833053, 53.207196804009143 ], [ 52.483497965865723, 53.206826352004178 ], [ 52.485959842292857, 53.209280374561729 ], [ 52.486049002429411, 53.209359865012985 ], [ 52.486151063131565, 53.209433551283674 ], [ 52.486264983505826, 53.209500681819691 ], [ 52.486389601680933, 53.209560571928165 ], [ 52.486523646657773, 53.209612610761873 ], [ 52.486665751273321, 53.209656267550535 ], [ 52.486814466146058, 53.209691097015266 ], [ 52.489850602378361, 53.21029799301818 ], [ 52.490004185484146, 53.210323605141525 ], [ 52.490161284617521, 53.210339801065338 ], [ 52.493183994771016, 53.210557879977316 ], [ 52.493246535274459, 53.210561635684208 ], [ 52.496266731032222, 53.210706623694598 ], [ 52.496420174892194, 53.210709498251347 ], [ 52.496573359547376, 53.210703423274879 ], [ 52.496724840000326, 53.210688456071374 ], [ 52.496873187332781, 53.210664737827635 ], [ 52.497017002187235, 53.21063249227899 ], [ 52.497154927969355, 53.210592023598309 ], [ 52.497285663646657, 53.21054371352637 ], [ 52.499247878430062, 53.209737188176746 ], [ 52.50139691005225, 53.210863509272926 ], [ 52.501514438851338, 53.21091943453834 ], [ 52.501640267671263, 53.21096842148873 ], [ 52.501773263812531, 53.211010029138549 ], [ 52.501912230043558, 53.211043882930504 ], [ 52.502055915379614, 53.211069678107819 ], [ 52.502203026345988, 53.21108718245825 ], [ 52.505227712714543, 53.211358253538968 ], [ 52.505368805485446, 53.211367033221613 ], [ 52.505510641280992, 53.211368184362641 ], [ 52.505652077866898, 53.211361697692169 ], [ 52.505791976224565, 53.21134762544925 ], [ 52.505929209725664, 53.211326080961072 ], [ 52.508353991414168, 53.21087470111808 ], [ 52.510852886669426, 53.211548623020889 ], [ 52.510995952717124, 53.211582288626346 ], [ 52.513703873428668, 53.212129909878861 ], [ 52.516528523283547, 53.213732553280089 ], [ 52.516644854633213, 53.213792419215856 ], [ 52.516770295377377, 53.213845242937097 ], [ 52.516903666891977, 53.213890528106994 ], [ 52.517043716022108, 53.213927849220447 ], [ 52.517189126858021, 53.21395685560276 ], [ 52.517338533101331, 53.21397727470525 ], [ 52.517490530905043, 53.213988914666594 ], [ 52.517643692066798, 53.213991666115994 ], [ 52.517796577451136, 53.213985503200867 ], [ 52.517947750514587, 53.213970483829989 ], [ 52.518095790806385, 53.213946749129065 ], [ 52.518239307317835, 53.213914522114472 ], [ 52.518376951554671, 53.213874105597355 ], [ 52.518507430209716, 53.213825879337804 ], [ 52.518629517316356, 53.213770296475893 ], [ 52.518742065768826, 53.213707879273237 ], [ 52.518844018100857, 53.213639214205017 ], [ 52.518934416421487, 53.213564946448585 ], [ 52.521487800618452, 53.211238144180534 ], [ 52.523834326979419, 53.210969656973589 ], [ 52.523998853958396, 53.210945278618382 ], [ 52.524158087807926, 53.210910466551368 ], [ 52.524310198251861, 53.210865620915754 ], [ 52.527289774274834, 53.209864704749009 ], [ 52.527413452920342, 53.209818539795499 ], [ 52.527529528678514, 53.209765736965593 ], [ 52.527637016151111, 53.209706744530671 ], [ 52.527735002861412, 53.209642063306809 ], [ 52.527822657000513, 53.209572242402714 ], [ 52.527899234488309, 53.209497874557258 ], [ 52.529795260381206, 53.207451278103477 ], [ 52.531394542853526, 53.20839219973309 ], [ 52.531507737369807, 53.208452687974564 ], [ 52.531630060649469, 53.208506390242199 ], [ 52.531760388271351, 53.208552812880306 ], [ 52.531897522222494, 53.20859152914953 ], [ 52.532040201911862, 53.208622183150297 ], [ 52.532187115759896, 53.208644493095001 ], [ 52.532336913257097, 53.208658253898761 ], [ 52.532488217380909, 53.208663339065104 ], [ 52.532639637256459, 53.208659701848923 ], [ 52.532789780944832, 53.208647375686262 ], [ 52.532937268241078, 53.208626473886852 ], [ 52.533080743364252, 53.208597188592321 ], [ 52.534983207485652, 53.208146682423781 ], [ 52.537353081138441, 53.209931097867432 ], [ 52.537458126454261, 53.210002515930981 ], [ 52.537574572039276, 53.210067250224135 ], [ 52.537701244007643, 53.210124648135569 ], [ 52.537836865361598, 53.210174131012522 ], [ 52.537980068865899, 53.210215199995424 ], [ 52.538129410832802, 53.210247441047898 ], [ 52.538283385678476, 53.210270529131641 ], [ 52.538440441103901, 53.210284231483804 ], [ 52.53859899374725, 53.210288409964122 ], [ 52.538757445149677, 53.210283022447747 ], [ 52.538914197873481, 53.21026812325001 ], [ 52.539067671609857, 53.2102438625787 ], [ 52.539216319113976, 53.21021048501941 ], [ 52.539358641806174, 53.210168327069255 ], [ 52.539493204882191, 53.210117813743821 ], [ 52.539618651779875, 53.210059454291596 ], [ 52.539733717856279, 53.209993837059109 ], [ 52.539837243137519, 53.209921623558657 ], [ 52.53992818401241, 53.20984354179847 ], [ 52.540005623752421, 53.209760378942313 ], [ 52.54006878175155, 53.209672973373181 ], [ 52.542616170583038, 53.205598194610232 ], [ 52.544771503150052, 53.205321685244336 ], [ 52.544927845030564, 53.205296538135087 ], [ 52.54507908321014, 53.205261922517579 ], [ 52.545223631501344, 53.20521820144463 ], [ 52.54535997389381, 53.205165833466694 ], [ 52.545486680456072, 53.205105367821588 ], [ 52.548444974918802, 53.203538633578837 ], [ 52.548548011722538, 53.203478861757127 ], [ 52.548641609567682, 53.203413732862664 ], [ 52.548724999265836, 53.20334378215702 ], [ 52.55056573878548, 53.201641562226214 ], [ 52.552268543794206, 53.202689753666114 ], [ 52.552383394757264, 53.202753768594931 ], [ 52.55250824007954, 53.202810639138846 ], [ 52.552641852220759, 53.202859806102872 ], [ 52.552782917424302, 53.202900786037958 ], [ 52.552930048636298, 53.202933175995398 ], [ 52.553081799146, 53.2029566574897 ], [ 52.55323667681327, 53.202970999630665 ], [ 52.553393158743262, 53.202976061394246 ], [ 52.553549706263674, 53.20297179300929 ], [ 52.553704780057402, 53.202958236447209 ], [ 52.553856855301433, 53.202935525008989 ], [ 52.554004436663128, 53.202903882014255 ], [ 52.554146073006244, 53.20286361860493 ], [ 52.554280371661889, 53.202815130685281 ], [ 52.554406012124147, 53.202758895028268 ], [ 52.554521759035431, 53.202695464586753 ], [ 52.557369942782316, 53.200971534516249 ], [ 52.560220861154349, 53.199782163296341 ], [ 52.560349799001187, 53.199722216859264 ], [ 52.560467762141904, 53.199654610740737 ], [ 52.560573494488843, 53.199580064851872 ], [ 52.56066587021261, 53.199499372998545 ], [ 52.560743905729275, 53.199413394427594 ], [ 52.562680292319662, 53.196989964906948 ], [ 52.564184360672009, 53.197861220990632 ], [ 52.564298545841069, 53.197921279585238 ], [ 52.564421800632516, 53.197974481977688 ], [ 52.564552987711139, 53.198020337229465 ], [ 52.564690896532298, 53.198058422198393 ], [ 52.564834254513656, 53.198088385443818 ], [ 52.564981738779899, 53.198109950470375 ], [ 52.565131988371917, 53.198122918279758 ], [ 52.565283616807832, 53.198127169207446 ], [ 52.565435224879657, 53.19812266402711 ], [ 52.56558541356759, 53.198109444312642 ], [ 52.565732796952517, 53.198087632054424 ], [ 52.565876015007476, 53.198057428533339 ], [ 52.566013746150027, 53.198019112463093 ], [ 52.566144719439443, 53.197973037417682 ], [ 52.566267726306187, 53.197919628568187 ], [ 52.566381631705347, 53.197859378758587 ], [ 52.566485384591033, 53.19779284395733 ], [ 52.566578027615002, 53.197720638126128 ], [ 52.56665870596013, 53.197643427553849 ], [ 52.566726675227137, 53.197561924707479 ], [ 52.566781308301827, 53.197476881657053 ], [ 52.56892755809077, 53.193589089228148 ], [ 52.57024135848458, 53.194163763896356 ], [ 52.570375951160067, 53.194216559054588 ], [ 52.570518780134222, 53.194260867645156 ], [ 52.573563187708423, 53.195090295349509 ], [ 52.573710476352794, 53.195125188953682 ], [ 52.573862840702908, 53.195151054853973 ], [ 52.574018750759549, 53.195167633312032 ], [ 52.57417664091173, 53.195174757851468 ], [ 52.574334925661141, 53.19517235693003 ], [ 52.574492015546475, 53.195160454658001 ], [ 52.574646333107616, 53.195139170556111 ], [ 52.574796328729157, 53.195108718354952 ], [ 52.574940496204043, 53.195069403848443 ], [ 52.575077387860908, 53.195021621822399 ], [ 52.575205629102989, 53.194965852089595 ], [ 52.575323932212726, 53.194902654670734 ], [ 52.575431109283116, 53.194832664169986 ], [ 52.575526084146055, 53.194756583401706 ], [ 52.575607903177925, 53.194675176332034 ], [ 52.575675744873763, 53.194589260406644 ], [ 52.575728928094115, 53.19449969834168 ], [ 52.578317759389613, 53.189334943970785 ], [ 52.580462904630551, 53.188819523323446 ], [ 52.583320226695342, 53.188478123179138 ], [ 52.583464323845064, 53.188456631569672 ], [ 52.583604425484452, 53.1884271098399 ], [ 52.583739294164808, 53.188389818743254 ], [ 52.58386773866652, 53.188345087655826 ], [ 52.583988624521901, 53.188293311666598 ], [ 52.584100884036339, 53.188234948087242 ], [ 52.584203525719154, 53.188170512412228 ], [ 52.587142246208657, 53.186142805745654 ], [ 52.587256942619682, 53.186053442306658 ], [ 52.589345026657881, 53.184209279734802 ], [ 52.591124133903662, 53.184834522338477 ], [ 52.591264401289052, 53.184878311110204 ], [ 52.59141125223929, 53.18491345965792 ], [ 52.591563216177988, 53.184939615998942 ], [ 52.591718771317041, 53.184956518199577 ], [ 52.591876359898663, 53.184963996998569 ], [ 52.592034403798017, 53.184961977502454 ], [ 52.592191320329988, 53.184950479935672 ], [ 52.592345538101625, 53.184929619437959 ], [ 52.59249551275142, 53.184899604911024 ], [ 52.592639742417603, 53.184860736926254 ], [ 52.592776782780405, 53.184813404714014 ], [ 52.592905261527548, 53.184758082265169 ], [ 52.593023892098074, 53.184695323583753 ], [ 52.593131486566627, 53.184625757138072 ], [ 52.593226967539302, 53.184550079566364 ], [ 52.595307572101653, 53.182717143585101 ], [ 52.597084755383491, 53.183353520199319 ], [ 52.597219499610418, 53.183396609914048 ], [ 52.597360538525827, 53.183431685764013 ], [ 52.597506555046394, 53.183458420192906 ], [ 52.59765618559674, 53.18347656354063 ], [ 52.597808032845428, 53.183485946375079 ], [ 52.597960678756358, 53.183486481074667 ], [ 52.598112697833834, 53.183478162646786 ], [ 52.598262670437286, 53.183461068774335 ], [ 52.598409196041224, 53.183435359090197 ], [ 52.598550906316568, 53.183401273686115 ], [ 52.598686477910974, 53.183359130870116 ], [ 52.598814644808748, 53.183309324193537 ], [ 52.59893421015483, 53.183252318775075 ], [ 52.599044057432408, 53.183188646956609 ], [ 52.599143160889625, 53.183118903331192 ], [ 52.599230595118108, 53.183043739189721 ], [ 52.600912301976827, 53.181437934751294 ], [ 52.602642529910483, 53.18283520007293 ], [ 52.60274216829611, 53.18290783971937 ], [ 52.602853296345693, 53.182974192332843 ], [ 52.602974820716462, 53.183033605068353 ], [ 52.603105545760805, 53.183085493360167 ], [ 52.603244185290443, 53.183129346674171 ], [ 52.60338937523241, 53.183164733532045 ], [ 52.603539687051828, 53.183191305757198 ], [ 52.603693641809535, 53.18320880190123 ], [ 52.603849724716127, 53.183217049816761 ], [ 52.604006400039047, 53.183215968351597 ], [ 52.604162126215918, 53.183205568147258 ], [ 52.604315371025315, 53.183185951534291 ], [ 52.604464626665496, 53.183157311525108 ], [ 52.604608424592662, 53.183119929914589 ], [ 52.604745349972504, 53.183074174506856 ], [ 52.604874055602885, 53.183020495495789 ], [ 52.604993275170401, 53.182959421034617 ], [ 52.605101835710492, 53.18289155203864 ], [ 52.605198669148237, 53.182817556271829 ], [ 52.605282822806565, 53.182738161775831 ], [ 52.605353468778148, 53.182654149705911 ], [ 52.607809938396386, 53.17933290817524 ], [ 52.60940174711839, 53.179322033221105 ], [ 52.612093331485823, 53.180189733653478 ], [ 52.612232948870968, 53.180229583761083 ], [ 52.612378381598759, 53.180261044686624 ], [ 52.612528236847865, 53.180283815124668 ], [ 52.612681079433997, 53.180297676999515 ], [ 52.612835445557245, 53.180302497554202 ], [ 52.612989856823887, 53.180298230622157 ], [ 52.613142834408009, 53.18028491706928 ], [ 52.613292913217279, 53.180262684402599 ], [ 52.613438655927041, 53.180231745548795 ], [ 52.613578666748289, 53.18019239681454 ], [ 52.613711604797288, 53.180145015048161 ], [ 52.61383619693909, 53.180090054029968 ], [ 52.613951249981469, 53.180028040125457 ], [ 52.614055662102679, 53.17995956724355 ], [ 52.614148433403493, 53.17988529114789 ], [ 52.614228675482416, 53.179805923175749 ], [ 52.616179092696143, 53.177644935460073 ], [ 52.617765870338374, 53.178479696660389 ], [ 52.617937983261569, 53.178558409876558 ], [ 52.620996535096097, 53.179767803691014 ], [ 52.621128981287711, 53.179814785431397 ], [ 52.621268406122859, 53.179853805284594 ], [ 52.621413487447043, 53.179884493224542 ], [ 52.621562849455415, 53.179906558236382 ], [ 52.621715075741584, 53.179919791076713 ], [ 52.621868722731946, 53.179924066258096 ], [ 52.622022333377821, 53.179919343239334 ], [ 52.622174450975471, 53.179905666809958 ], [ 52.622323632982919, 53.179883166665391 ], [ 52.622468464702216, 53.179852056176763 ], [ 52.62260757269749, 53.17981263036706 ], [ 52.622739637821283, 53.179765263112913 ], [ 52.622863407725617, 53.179710403598442 ], [ 52.622977708739015, 53.179648572054909 ], [ 52.623081456996836, 53.179580354826612 ], [ 52.623173668719339, 53.179506398809814 ], [ 52.623253469539925, 53.179427405317455 ], [ 52.623320102795304, 53.179344123427981 ], [ 52.625136016388289, 53.176758988537372 ], [ 52.626583693868582, 53.177868665449616 ], [ 52.626688966625913, 53.17794141869102 ], [ 52.626805982999642, 53.178007379454712 ], [ 52.626933535289915, 53.178065866946653 ], [ 52.627070307036973, 53.178116277503456 ], [ 52.627214886609202, 53.178158090823999 ], [ 52.627365781774266, 53.178190875340391 ], [ 52.627521435102828, 53.178214292673097 ], [ 52.627680240045798, 53.178228101124127 ], [ 52.630418960155488, 53.178381391405082 ], [ 52.633210879544492, 53.179183387528852 ], [ 52.633355990561768, 53.179219853549931 ], [ 52.633506419475836, 53.179247467757207 ], [ 52.633660674374056, 53.179265956279849 ], [ 52.633817225391489, 53.179275135753308 ], [ 52.63397451988655, 53.179274915138215 ], [ 52.634130997842774, 53.179265296623335 ], [ 52.63428510734385, 53.179246375603967 ], [ 52.634435319968141, 53.179218339735527 ], [ 52.634580145950039, 53.179181467072034 ], [ 52.634718148957504, 53.17913612330797 ], [ 52.634847960339179, 53.179082758150628 ], [ 52.634968292699689, 53.179021900859347 ], [ 52.635077952668311, 53.178954154995559 ], [ 52.635175852734541, 53.17888019243604 ], [ 52.637536341132787, 53.176902038929789 ], [ 52.638890797258519, 53.177019491656203 ], [ 52.641627303797073, 53.17960721340188 ], [ 52.641714255044221, 53.179681349360003 ], [ 52.641812590180876, 53.179750159890595 ], [ 52.641921410992751, 53.17981301642773 ], [ 52.642039723468478, 53.179869344791143 ], [ 52.642166446879358, 53.179918630431985 ], [ 52.642300423651967, 53.179960423133821 ], [ 52.642440429943214, 53.179994341125976 ], [ 52.642585186821265, 53.180020074571573 ], [ 52.642733371950172, 53.180037388398333 ], [ 52.645756535456876, 53.180301226330954 ], [ 52.645910842981806, 53.180310073730965 ], [ 52.64606585100897, 53.180309792122515 ], [ 52.646220066627912, 53.180300384218619 ], [ 52.646372004561748, 53.18028194062915 ], [ 52.646520201474907, 53.180254638988096 ], [ 52.646663230069301, 53.180218742242246 ], [ 52.646799712833122, 53.18017459611832 ], [ 52.646928335309603, 53.180122625792571 ], [ 52.64704785875805, 53.180063331795118 ], [ 52.647157132084956, 53.179997285188527 ], [ 52.647255102930323, 53.179925122067083 ], [ 52.647340827802388, 53.179847537429723 ], [ 52.647413481163156, 53.179765278485675 ], [ 52.64747236337729, 53.179679137457406 ], [ 52.647516907447788, 53.179589943950177 ], [ 52.647546684473781, 53.179498556961789 ], [ 52.647561407777857, 53.179405856609243 ], [ 52.647560935663464, 53.17931273565241 ], [ 52.647545272775702, 53.179220090896052 ], [ 52.647514570052905, 53.179128814553181 ], [ 52.647469123269303, 53.179039785652769 ], [ 52.647409370183041, 53.178953861574705 ], [ 52.647335886317251, 53.178871869793383 ], [ 52.647249379414873, 53.178794599909601 ], [ 52.647150682620577, 53.178722796047069 ], [ 52.647040746455808, 53.178657149687254 ], [ 52.646920629664081, 53.178598293011149 ], [ 52.646791489014703, 53.178546792812121 ], [ 52.646654568163342, 53.178503145038476 ], [ 52.646511185676431, 53.178467770018237 ], [ 52.646362722334793, 53.178441008412136 ], [ 52.64621060783869, 53.178423117933512 ], [ 52.643904888368681, 53.178221899451216 ], [ 52.641167821533337, 53.175633743486578 ], [ 52.641080771414792, 53.175559523580233 ], [ 52.640982313485743, 53.175490642060737 ], [ 52.640873349203439, 53.175427729554983 ], [ 52.640754876199999, 53.175371362039577 ], [ 52.640627979148647, 53.175322055568451 ], [ 52.640493819833651, 53.175280261549005 ], [ 52.640353626514873, 53.175246362610089 ], [ 52.640208682684225, 53.175220669099581 ], [ 52.64006031531688, 53.175203416243654 ], [ 52.637037613879272, 53.174941296363983 ], [ 52.636881553369996, 53.174932483070286 ], [ 52.636724807440359, 53.174933007594888 ], [ 52.636568919991404, 53.174942864772177 ], [ 52.636415426470357, 53.174961957512544 ], [ 52.636265838749765, 53.174990097758538 ], [ 52.636121630238698, 53.175027008336741 ], [ 52.635984221372397, 53.17507232568736 ], [ 52.635854965623217, 53.175125603444485 ], [ 52.635735136170574, 53.175186316832011 ], [ 52.635625913361046, 53.175253867831621 ], [ 52.635528373082153, 53.175327591072474 ], [ 52.63337962061906, 53.177128271282328 ], [ 52.6315273886418, 53.176596193671394 ], [ 52.631399096333432, 53.176563435161846 ], [ 52.631266496229884, 53.176537600381259 ], [ 52.631130621199958, 53.17651889056512 ], [ 52.630992529617146, 53.176507451450199 ], [ 52.628650355839859, 53.176376365267465 ], [ 52.625967070320641, 53.174319555971216 ], [ 52.625864767772114, 53.174248654303845 ], [ 52.625751310706889, 53.174184170107942 ], [ 52.625627808598992, 53.174126733935537 ], [ 52.625495469131913, 53.174076907418119 ], [ 52.625355586389873, 53.1740351777756 ], [ 52.625209528204913, 53.174001953052901 ], [ 52.625058722783493, 53.173977558130666 ], [ 52.624904644743168, 53.173962231549048 ], [ 52.624748800696011, 53.173956123175614 ], [ 52.624592714519359, 53.173959292740122 ], [ 52.624437912457893, 53.173971709250715 ], [ 52.624285908202701, 53.173993251296622 ], [ 52.624138188092807, 53.174023708235282 ], [ 52.623996196584002, 53.174062782251575 ], [ 52.62386132212675, 53.174110091269384 ], [ 52.623734883591275, 53.174165172686884 ], [ 52.623618117372381, 53.174227487899351 ], [ 52.623512165300113, 53.174296427564862 ], [ 52.623418063474368, 53.174371317561878 ], [ 52.623336732132636, 53.174451425580187 ], [ 52.623268966650016, 53.174535968280949 ], [ 52.621147758013883, 53.177555620175738 ], [ 52.619765279744456, 53.177008960805566 ], [ 52.616773187583945, 53.175434889266732 ], [ 52.616649855377702, 53.175376256343178 ], [ 52.616517429285196, 53.175325283634116 ], [ 52.616377222389886, 53.17528247655369 ], [ 52.616230624911637, 53.175248259549576 ], [ 52.616079090423774, 53.175222971894989 ], [ 52.615924121442646, 53.175206864325318 ], [ 52.61576725453228, 53.175200096552558 ], [ 52.615610045071762, 53.175202735681815 ], [ 52.615454051836231, 53.175214755546186 ], [ 52.615300821544274, 53.175236036966041 ], [ 52.615151873524653, 53.175266368930515 ], [ 52.615008684654413, 53.175305450689294 ], [ 52.614872674717439, 53.175352894734083 ], [ 52.614745192328677, 53.175408230640151 ], [ 52.614627501563263, 53.175470909730009 ], [ 52.614520769423329, 53.175540310512822 ], [ 52.614426054266495, 53.175615744845921 ], [ 52.614344295310943, 53.175696464757195 ], [ 52.612201311064872, 53.178070755828948 ], [ 52.610537183883601, 53.177534268159199 ], [ 52.610393370641795, 53.17749336783001 ], [ 52.610243437967839, 53.177461367826012 ], [ 52.610088907359426, 53.177438592877593 ], [ 52.609931346964501, 53.177425274100727 ], [ 52.609772355670884, 53.177421546652077 ], [ 52.606760260760161, 53.177442116067397 ], [ 52.606610355201511, 53.177447426798537 ], [ 52.606461966550413, 53.177461266285924 ], [ 52.606316436047045, 53.177483509439398 ], [ 52.606175079102876, 53.177513955210458 ], [ 52.606039173413116, 53.177552328409057 ], [ 52.605909947409778, 53.177598282190424 ], [ 52.605788569159571, 53.177651401189678 ], [ 52.605676135806924, 53.177711205275429 ], [ 52.605573663657573, 53.177777153888975 ], [ 52.605482078992253, 53.177848650929555 ], [ 52.605402209693523, 53.177925050141745 ], [ 52.605334777761442, 53.17800566095616 ], [ 52.603564031883586, 53.180399682368908 ], [ 52.602070640033652, 53.17919364549946 ], [ 52.601973354630076, 53.179122553970799 ], [ 52.60186506370821, 53.179057458487584 ], [ 52.601746785895145, 53.178998971335929 ], [ 52.601619633740434, 53.178947642641994 ], [ 52.601484803251701, 53.178903955198287 ], [ 52.601343562645901, 53.178868319923275 ], [ 52.601197240421975, 53.178841071997077 ], [ 52.601047212866952, 53.178822467709253 ], [ 52.600894891113022, 53.178812682048694 ], [ 52.600741707867137, 53.178811807058018 ], [ 52.600589103937907, 53.178819850967912 ], [ 52.600438514686296, 53.178836738119749 ], [ 52.600291356527578, 53.178862309677029 ], [ 52.600149013611251, 53.178896325119055 ], [ 52.600012824804161, 53.178938464502806 ], [ 52.599884071099169, 53.178988331471693 ], [ 52.599763963567582, 53.179045456982919 ], [ 52.59965363196882, 53.179109303718541 ], [ 52.599554114124217, 53.179179271138658 ], [ 52.599466346154863, 53.179254701129331 ], [ 52.597377746590439, 53.181249021875985 ], [ 52.595648573315827, 53.180629811735088 ], [ 52.595508134093826, 53.180585111239083 ], [ 52.595360928662679, 53.180549115077291 ], [ 52.595208447261363, 53.180522187655285 ], [ 52.595052233530005, 53.180504601571307 ], [ 52.594893868885627, 53.180496534857134 ], [ 52.594734956515758, 53.180498069176068 ], [ 52.594577105151956, 53.180509188996403 ], [ 52.594421912787162, 53.18052978174854 ], [ 52.594270950501745, 53.180559638964418 ], [ 52.594125746561588, 53.180598458387365 ], [ 52.593987770949298, 53.180645847031442 ], [ 52.593858420484864, 53.18070132515912 ], [ 52.593739004686256, 53.180764331136977 ], [ 52.593630732513169, 53.180834227120506 ], [ 52.593534700127947, 53.180910305510473 ], [ 52.591447194336894, 53.182749298777786 ], [ 52.589666547988209, 53.182123490298878 ], [ 52.589526169565652, 53.182079666093834 ], [ 52.589379198248281, 53.182044496620648 ], [ 52.589227108153906, 53.18201833462556 ], [ 52.589071424731586, 53.182001442510426 ], [ 52.588913709464251, 53.181993989701269 ], [ 52.588755544210123, 53.181996050949351 ], [ 52.588598515340131, 53.182007605581482 ], [ 52.588444197829929, 53.182028537707261 ], [ 52.588294139466221, 53.18205863738131 ], [ 52.588149845325432, 53.18209760270846 ], [ 52.58801276268035, 53.182145042871134 ], [ 52.58788426648605, 53.182200482048522 ], [ 52.58776564559043, 53.182263364188238 ], [ 52.587658089807761, 53.182333058582479 ], [ 52.5875626779847, 53.182408866193242 ], [ 52.584697407977799, 53.184939346028266 ], [ 52.582174646644795, 53.186679986040339 ], [ 52.579703395283438, 53.186975248715612 ], [ 52.579562191439408, 53.186996218837834 ], [ 52.579424796947187, 53.187024900711506 ], [ 52.57643760010906, 53.187742628705749 ], [ 52.576294421836586, 53.187782109145672 ], [ 52.57615850182038, 53.187829958520837 ], [ 52.576031191681054, 53.187885701015681 ], [ 52.575913757436467, 53.187948782323033 ], [ 52.575807366912805, 53.188018575155297 ], [ 52.575713078131471, 53.188094385481399 ], [ 52.575631828787081, 53.18817545942742 ], [ 52.57556442692124, 53.18826099077237 ], [ 52.575511542884925, 53.188350128964679 ], [ 52.573223743088427, 53.192913838956805 ], [ 52.57197131543181, 53.192572614837253 ], [ 52.569038927757028, 53.191289922162184 ], [ 52.568908202904105, 53.191238479965953 ], [ 52.568769655786568, 53.191195046044143 ], [ 52.568624641978467, 53.19116004535752 ], [ 52.56847458031303, 53.191133820354672 ], [ 52.568320939002838, 53.191116627622129 ], [ 52.568165221277219, 53.191108635374334 ], [ 52.568008950677388, 53.191109921808156 ], [ 52.567853656153055, 53.191120474337836 ], [ 52.567700857106146, 53.191140189718233 ], [ 52.567552048527823, 53.191168875054572 ], [ 52.567408686374158, 53.191206249689493 ], [ 52.567272173323246, 53.191251947948366 ], [ 52.567143845053231, 53.191305522716476 ], [ 52.567024957175178, 53.191366449812826 ], [ 52.566916672948715, 53.19143413311793 ], [ 52.566820051900528, 53.191507910405505 ], [ 52.566736039457098, 53.19158705982089 ], [ 52.566665457693055, 53.19167080694308 ], [ 52.566608997285783, 53.19175833236099 ], [ 52.564571621957349, 53.195448674834687 ], [ 52.563299339266337, 53.194711653238741 ], [ 52.563180923816795, 53.194649577804803 ], [ 52.563052824889319, 53.194594874843652 ], [ 52.562916310078243, 53.194548085651029 ], [ 52.56277273024056, 53.194509673213005 ], [ 52.562623506130443, 53.194480017625473 ], [ 52.562470114342538, 53.194459412333771 ], [ 52.562314072703373, 53.194448061229394 ], [ 52.562156925255024, 53.194446076632993 ], [ 52.562000226979706, 53.194453478182972 ], [ 52.561845528416185, 53.194470192641354 ], [ 52.561694360320054, 53.194496054618121 ], [ 52.561548218519661, 53.194530808207546 ], [ 52.56140854911721, 53.194574109519891 ], [ 52.561276734181497, 53.194625530083485 ], [ 52.561154078073656, 53.194684561083875 ], [ 52.561041794541218, 53.194750618397734 ], [ 52.560940994708005, 53.194823048371966 ], [ 52.560852676078888, 53.194901134290888 ], [ 52.560777712667935, 53.194984103467462 ], [ 52.558074951576131, 53.198366507337262 ], [ 52.555448081257197, 53.199462378321314 ], [ 52.555333732381321, 53.199514872407597 ], [ 52.555227811883796, 53.199573396361544 ], [ 52.553409342732969, 53.200674060474249 ], [ 52.551448013183013, 53.199466703142697 ], [ 52.551332688114385, 53.19940244299503 ], [ 52.551207294018823, 53.199345387031535 ], [ 52.551073073735076, 53.1992961007441 ], [ 52.550931357565375, 53.199255072616268 ], [ 52.55078355009185, 53.199222709282729 ], [ 52.550631116257243, 53.199199331499777 ], [ 52.550475566848064, 53.199185170966729 ], [ 52.550318443523665, 53.199180368030099 ], [ 52.550161303539731, 53.199184970292727 ], [ 52.550005704317257, 53.199198932142131 ], [ 52.549853188009962, 53.19922211520246 ], [ 52.549705266222759, 53.199254289705564 ], [ 52.549563405032785, 53.199295136767866 ], [ 52.549429010461132, 53.199344251550208 ], [ 52.549303414539402, 53.199401147269548 ], [ 52.549187862108738, 53.199465260022684 ], [ 52.549083498482496, 53.199535954374326 ], [ 52.548991358094455, 53.199612529654125 ], [ 52.546191864362015, 53.202201286468807 ], [ 52.543706216881944, 53.203517672665363 ], [ 52.541110117092586, 53.203850712173526 ], [ 52.540957278329444, 53.203875176974684 ], [ 52.540809277789833, 53.203908692011638 ], [ 52.540667597901319, 53.20395092158909 ], [ 52.540533657793681, 53.204001442723275 ], [ 52.540408799086094, 53.204059749377869 ], [ 52.540294272450097, 53.204125257531899 ], [ 52.54019122508268, 53.204197311028516 ], [ 52.540100689215116, 53.20427518814639 ], [ 52.540023571772515, 53.204358108827932 ], [ 52.539960645287813, 53.204445242491872 ], [ 52.53808811745494, 53.207440339587805 ], [ 52.536726268907287, 53.206414909190187 ], [ 52.536623979991887, 53.206345182940929 ], [ 52.536510823719105, 53.206281796932998 ], [ 52.536387884985587, 53.206225358861289 ], [ 52.536256342460099, 53.206176409807185 ], [ 52.536117457283886, 53.20613541905206 ], [ 52.535972560980937, 53.206102779578941 ], [ 52.535823042694155, 53.206078804305534 ], [ 52.535670335869533, 53.206063723084831 ], [ 52.535515904516018, 53.206057680501843 ], [ 52.535361229172693, 53.206060734487771 ], [ 52.535207792717515, 53.206072855764624 ], [ 52.535057066153755, 53.20609392812591 ], [ 52.5349104945101, 53.206123749550343 ], [ 52.532874711168866, 53.206605845041409 ], [ 52.530527561604679, 53.205224899595869 ], [ 52.53041332776931, 53.205163901966088 ], [ 52.530289813158952, 53.20510981589544 ], [ 52.530158173357158, 53.205063147391321 ], [ 52.530019639950829, 53.205024333064017 ], [ 52.529875509009081, 53.20499373604261 ], [ 52.529727128959472, 53.204971642578364 ], [ 52.529575887974708, 53.20495825936711 ], [ 52.529423200987921, 53.204953711615872 ], [ 52.529270496457841, 53.204958041871691 ], [ 52.529119203007511, 53.20497120962365 ], [ 52.528970736061474, 53.204993091681757 ], [ 52.52882648460627, 53.205023483329178 ], [ 52.528687798198128, 53.205062100237164 ], [ 52.528555974339064, 53.205108581124421 ], [ 52.528432246339612, 53.205162491136655 ], [ 52.528317771781545, 53.205223325914041 ], [ 52.528213621688465, 53.205290516309105 ], [ 52.528120770505645, 53.205363433710644 ], [ 52.528040086982692, 53.205441395924105 ], [ 52.525354621818046, 53.208340023545475 ], [ 52.5229904123239, 53.209134209351276 ], [ 52.520239512447048, 53.209448952058736 ], [ 52.520085981240086, 53.209471342057 ], [ 52.519936940099683, 53.209502821583968 ], [ 52.519793878065123, 53.209543076137216 ], [ 52.51965822445122, 53.209591703544433 ], [ 52.519531334570161, 53.209648217980636 ], [ 52.519414476192047, 53.209712054821203 ], [ 52.519308816879324, 53.209782576281924 ], [ 52.519215412321664, 53.209859077790185 ], [ 52.517330834197828, 53.211576387212354 ], [ 52.51562322810247, 53.210607523700638 ], [ 52.515492974807039, 53.210541236389133 ], [ 52.515351570990525, 53.210483770494221 ], [ 52.515200666782171, 53.210435796605672 ], [ 52.515042023155743, 53.210397874545833 ], [ 52.512078154504117, 53.20979850093692 ], [ 52.509104373148304, 53.208996502419971 ], [ 52.508952277971552, 53.208961024241006 ], [ 52.508794900911262, 53.208935148466708 ], [ 52.508633919028007, 53.208919150837275 ], [ 52.508471047789186, 53.208913201828452 ], [ 52.508308022791937, 53.208917364835202 ], [ 52.508146581271866, 53.208931595496281 ], [ 52.507988443594236, 53.2089557421668 ], [ 52.505337568891328, 53.20944921923396 ], [ 52.50312742917307, 53.209251147882448 ], [ 52.500404643591665, 53.207824116454958 ], [ 52.500278785641285, 53.20776461910264 ], [ 52.500143543337273, 53.207713075339122 ], [ 52.50000030580366, 53.20767001457866 ], [ 52.499850544270508, 53.207635879103975 ], [ 52.49969579696463, 53.2076110195243 ], [ 52.499537653312643, 53.207595691174774 ], [ 52.499377737618758, 53.207590051494535 ], [ 52.499217692384576, 53.207594158409769 ], [ 52.499059161442226, 53.207607969738923 ], [ 52.498903773073749, 53.207631343625742 ], [ 52.498753123290165, 53.20766403999616 ], [ 52.498608759441524, 53.207705723023381 ], [ 52.498472164326401, 53.207755964576691 ], [ 52.49596121023604, 53.208788048770771 ], [ 52.493529925872387, 53.20867132593412 ], [ 52.490697412752844, 53.208466969878238 ], [ 52.488366767713181, 53.208001101234117 ], [ 52.485545162598193, 53.205188597017774 ], [ 52.48545956476103, 53.205111963346731 ], [ 52.485361975480579, 53.205040683265466 ], [ 52.485253317483441, 53.204975430700799 ], [ 52.485134618132655, 53.204916822588835 ], [ 52.485006999714003, 53.204865413042825 ], [ 52.484871668825491, 53.204821688115139 ], [ 52.484729904970372, 53.204786061202626 ], [ 52.484583048461431, 53.204758869138722 ], [ 52.484432487750816, 53.204740369009571 ], [ 52.484279646305289, 53.204730735723736 ], [ 52.484125969150583, 53.204730060358905 ], [ 52.483972909212206, 53.204738349300918 ], [ 52.48382191358165, 53.20475552418339 ], [ 52.483674409837597, 53.20478142262845 ], [ 52.481269975535653, 53.205280938347258 ], [ 52.478983266420421, 53.204671128916559 ], [ 52.476077287079889, 53.203274859283283 ], [ 52.475951750004143, 53.203220374970691 ], [ 52.475817933104835, 53.20317353097262 ], [ 52.475677121795357, 53.203134777253553 ], [ 52.475530668662742, 53.203104486065094 ], [ 52.475379980477008, 53.203082948370906 ], [ 52.475226504680542, 53.203070371052327 ], [ 52.475071715487147, 53.203066874921547 ], [ 52.474917099724223, 53.203072493561343 ], [ 52.474764142553802, 53.203087173002523 ], [ 52.474614313209671, 53.203110772242226 ], [ 52.474469050887237, 53.203143064597981 ], [ 52.474329750921747, 53.203183739884771 ], [ 52.474197751387258, 53.20323240739387 ], [ 52.472420283196612, 53.203962070558276 ], [ 52.470246590847616, 53.202371327973054 ], [ 52.470144618985593, 53.202303621787173 ], [ 52.470032284465638, 53.202242111943029 ], [ 52.469910626822028, 53.202187367625335 ], [ 52.469780771847795, 53.202139895411733 ], [ 52.469643921177543, 53.202100134585905 ], [ 52.469501341169241, 53.202068453073309 ], [ 52.466966368552889, 53.20158701871263 ], [ 52.464169925898346, 53.199257355101935 ], [ 52.464069434783255, 53.199182026699908 ], [ 52.463956720984086, 53.199113217511226 ], [ 52.463832950556359, 53.199051639353009 ], [ 52.463699403917268, 53.198997929236093 ], [ 52.463557462600278, 53.198952642776341 ], [ 52.463408594964584, 53.198916248447858 ], [ 52.463254341007108, 53.198889122737576 ], [ 52.463096296434038, 53.198871546251382 ], [ 52.462936096156739, 53.198863700811792 ], [ 52.460086807907075, 53.19881146944708 ], [ 52.457863786083095, 53.198483237942497 ], [ 52.455080340896849, 53.19566045972099 ], [ 52.454993791771457, 53.195581862762694 ], [ 52.454894689634543, 53.195508807972381 ], [ 52.4547840116769, 53.195442015658216 ], [ 52.451713255747947, 53.193764234273004 ], [ 52.451594488771136, 53.193705426506639 ], [ 52.45146675765497, 53.193653837938342 ], [ 52.451331274571253, 53.193609958133791 ], [ 52.448287890927169, 53.192736325756037 ], [ 52.448138961830445, 53.192699054671458 ], [ 52.44798448067499, 53.192671098988463 ], [ 52.44782605811848, 53.192652750178929 ], [ 52.447665345904682, 53.192644199551466 ], [ 52.447504019645272, 53.192645536257004 ], [ 52.447343761353061, 53.192656746359624 ], [ 52.447186241908511, 53.19267771298167 ], [ 52.447033103642212, 53.19270821752211 ], [ 52.446885943214696, 53.192747941935245 ], [ 52.446746294972023, 53.192796472046098 ], [ 52.446615614950375, 53.192853301867835 ], [ 52.444985944082042, 53.193641184396363 ], [ 52.4428421431519, 53.191742381036185 ], [ 52.442770878766396, 53.191684159783065 ], [ 52.442692444652046, 53.191629364138358 ], [ 52.439753794394079, 53.189727762284939 ], [ 52.436718266732548, 53.186272301674556 ], [ 52.436640583253165, 53.186193358314554 ], [ 52.436550577006614, 53.186119287489667 ], [ 52.436449088561126, 53.186050780897617 ], [ 52.436337065695888, 53.185988478272392 ], [ 52.436215554549612, 53.185932961411091 ], [ 52.436085689851303, 53.185884748741735 ], [ 52.435948684324345, 53.185844290482763 ], [ 52.435805817362848, 53.185811964439559 ], [ 52.435658423085947, 53.185788072477081 ], [ 52.435507877881562, 53.185772837701393 ], [ 52.43535558755574, 53.1857664023768 ], [ 52.435202974207648, 53.185768826597553 ], [ 52.435051462952437, 53.185780087726684 ], [ 52.434902468616073, 53.185800080607429 ], [ 52.43475738252608, 53.185828618544967 ], [ 52.43461755952152, 53.185865435049386 ], [ 52.4344843053034, 53.18591018632376 ], [ 52.434358864243421, 53.185962454473952 ], [ 52.434242407765034, 53.186021751410316 ], [ 52.432331002540415, 53.187094481416715 ], [ 52.430339007364317, 53.186041715826647 ], [ 52.430229665969534, 53.185988910996038 ], [ 52.430112956643107, 53.185942141223748 ], [ 52.429989799814862, 53.185901775351908 ], [ 52.42986116675312, 53.185868131718465 ], [ 52.429728071905814, 53.185841475647109 ], [ 52.426697479800183, 53.185323059527519 ], [ 52.426551204319942, 53.185302496427703 ], [ 52.426402338628733, 53.185290372067527 ], [ 52.426252228813894, 53.185286796079538 ], [ 52.424373541074495, 53.185295725227178 ], [ 52.421547841195512, 53.180393246268004 ], [ 52.421489697552879, 53.180306453549463 ], [ 52.421417610150726, 53.180223522201501 ], [ 52.421332279755489, 53.180145258315903 ], [ 52.421234535842061, 53.180072422612646 ], [ 52.421125328529534, 53.18000572304652 ], [ 52.42100571934499, 53.17994580792675 ], [ 52.420876870905147, 53.179893259616406 ], [ 52.420740035616085, 53.179848588872794 ], [ 52.420596543501034, 53.179812229883801 ], [ 52.420447789274256, 53.179784536048452 ], [ 52.420295218786762, 53.179765776542496 ], [ 52.420140314975441, 53.179756133702668 ], [ 52.419984583452084, 53.179755701254692 ], [ 52.419829537872175, 53.179764483402494 ], [ 52.419676685225596, 53.17978239478726 ], [ 52.419527511192058, 53.179809261317018 ], [ 52.419383465703433, 53.179844821858261 ], [ 52.419245948853188, 53.179888730773698 ], [ 52.41911629728984, 53.179940561281036 ], [ 52.418995771226427, 53.179999809600545 ], [ 52.418885542192349, 53.180065899850781 ], [ 52.418786681646516, 53.180138189645234 ], [ 52.418700150562358, 53.180215976335354 ], [ 52.418626790086165, 53.180298503839339 ], [ 52.41856731335934, 53.180384969990428 ], [ 52.416792672143544, 53.183374381330644 ], [ 52.415420858058759, 53.18209108131709 ], [ 52.415329848210511, 53.182014564516052 ], [ 52.41522667816426, 53.181943834768262 ], [ 52.415112361173364, 53.181879586686108 ], [ 52.414988019946122, 53.181822451224924 ], [ 52.414854875619923, 53.181772989487584 ], [ 52.414714235769402, 53.181731687214999 ], [ 52.414567481566472, 53.18169895001656 ], [ 52.414416054218179, 53.181675099387675 ], [ 52.414261440815601, 53.181660369553001 ], [ 52.414105159732401, 53.181654905166695 ], [ 52.413948745716617, 53.181658759892095 ], [ 52.413793734821695, 53.181671895874786 ], [ 52.413641649324767, 53.181694184114242 ], [ 52.413493982780025, 53.181725405730461 ], [ 52.413352185353936, 53.181765254112925 ], [ 52.413217649586095, 53.181813337931167 ], [ 52.413091696715512, 53.181869184977117 ], [ 52.411321012807825, 53.182738887079395 ], [ 52.409241450356099, 53.181281981917735 ], [ 52.409156372829024, 53.18122694184941 ], [ 52.406083240711126, 53.179390145689197 ], [ 52.405967642643994, 53.17932754604567 ], [ 52.405842351942958, 53.17927208419448 ], [ 52.405708584838642, 53.179224298504117 ], [ 52.405567639828504, 53.179184652829044 ], [ 52.405420885073539, 53.179153532007788 ], [ 52.405269745119305, 53.179131238128036 ], [ 52.4051156870702, 53.179117987594729 ], [ 52.404960206350935, 53.179113909029923 ], [ 52.404804812193397, 53.179119042024396 ], [ 52.404651012989611, 53.179133336753466 ], [ 52.404500301652845, 53.179156654460414 ], [ 52.404354141128778, 53.179188768803243 ], [ 52.404213950197303, 53.179229368051196 ], [ 52.401361313140328, 53.180162141708642 ], [ 52.399364588036484, 53.180551289503981 ], [ 52.396974401570482, 53.179281362543179 ], [ 52.39685660525749, 53.17922456503792 ], [ 52.396730317696537, 53.179174786396821 ], [ 52.39659669360384, 53.179132481763219 ], [ 52.396456954764552, 53.179098037941849 ], [ 52.396312378862895, 53.179071769862901 ], [ 52.396164287801575, 53.179053917702959 ], [ 52.396014035617299, 53.179044644689398 ], [ 52.395862996102807, 53.179044035608278 ], [ 52.395712550248334, 53.179052096029167 ], [ 52.3955640736174, 53.179068752254224 ], [ 52.395418923772148, 53.179093851991958 ], [ 52.39527842786309, 53.179127165749293 ], [ 52.395143870496653, 53.17916838892954 ], [ 52.395016481991327, 53.179217144616807 ], [ 52.394897427129791, 53.179272987021704 ], [ 52.394787794509639, 53.179335405556678 ], [ 52.392562447023387, 53.180729561369127 ], [ 52.390944791906769, 53.180354726265627 ], [ 52.388123209984322, 53.178009387559769 ], [ 52.388029520179018, 53.177938833269636 ], [ 52.387925097438455, 53.177873945520126 ], [ 52.3878108863953, 53.177815311273072 ], [ 52.387687920212336, 53.177763460920204 ], [ 52.387557311236783, 53.177718863486064 ], [ 52.387420240938887, 53.177681922385979 ], [ 52.387277949225805, 53.177652971777533 ], [ 52.387131723227277, 53.177632273538393 ], [ 52.386982885654596, 53.177620014897883 ], [ 52.386832782837942, 53.177616306743687 ], [ 52.38668277255038, 53.177621182618957 ], [ 52.386534211728311, 53.177634598418919 ], [ 52.383532984967815, 53.177993998944387 ], [ 52.383370815290135, 53.178018848248406 ], [ 52.383213932082057, 53.178053866571425 ], [ 52.383064096551507, 53.178098660793474 ], [ 52.382922990802648, 53.178152728047444 ], [ 52.382792198954469, 53.178215461363401 ], [ 52.380261871216142, 53.179566936311318 ], [ 52.377827901626937, 53.179604226958837 ], [ 52.377664961271812, 53.179611802222915 ], [ 52.377504195753069, 53.17962945087806 ], [ 52.377347325870709, 53.179656984017896 ], [ 52.377196030735, 53.179694106934242 ], [ 52.377051929796608, 53.179740422271131 ], [ 52.376916565514719, 53.179795434277047 ], [ 52.376791386848581, 53.179858554110638 ], [ 52.376677733748949, 53.179929106142424 ], [ 52.376576822815423, 53.180006335185581 ], [ 52.374192314259169, 53.18203950235619 ], [ 52.372116314542836, 53.181878892405059 ], [ 52.372034029371761, 53.181873837275376 ], [ 52.36901656355537, 53.18173626378514 ], [ 52.368811608475184, 53.181734927836516 ], [ 52.36580164310741, 53.181832754444919 ], [ 52.365640333651257, 53.181843005342905 ], [ 52.365481624444151, 53.181863139423612 ], [ 52.365327188870189, 53.181892944400303 ], [ 52.365178655262447, 53.181932106018863 ], [ 52.365037589737035, 53.181980211370337 ], [ 52.364905479682641, 53.182036753243956 ], [ 52.364783718079302, 53.18210113547395 ], [ 52.364673588811854, 53.182172679224472 ], [ 52.364576253132753, 53.182250630146036 ], [ 52.364492737416953, 53.182334166328332 ], [ 52.361784469717655, 53.185387915841339 ], [ 52.359369788221343, 53.186282964661785 ], [ 52.357064937545317, 53.186647458897333 ], [ 52.354486862675373, 53.186108384326012 ], [ 52.354342004940328, 53.18608268499009 ], [ 52.354193723531395, 53.186065412387656 ], [ 52.354043373782808, 53.186056724395463 ], [ 52.353892329930432, 53.186056700424601 ], [ 52.353741972553372, 53.186065340694753 ], [ 52.353593675957569, 53.186082566232166 ], [ 52.353448795616764, 53.186108219591361 ], [ 52.353308655785376, 53.186142066293833 ], [ 52.353174537396406, 53.186183796971008 ], [ 52.353047666355046, 53.186233030191268 ], [ 52.352929202334707, 53.186289315945785 ], [ 52.349964577775303, 53.187841799728346 ], [ 52.349868067778146, 53.187896799337601 ], [ 52.349779603449001, 53.187956480831339 ], [ 52.347853342355371, 53.189371691427858 ], [ 52.346017840488742, 53.188434481663919 ], [ 52.345894089829351, 53.188377368501804 ], [ 52.345761561918188, 53.188327867087082 ], [ 52.345621549846442, 53.1882864604015 ], [ 52.345475419715036, 53.188253552446085 ], [ 52.345324597307368, 53.188229464299837 ], [ 52.345170554180243, 53.188214430987706 ], [ 52.345014793308607, 53.188208599187845 ], [ 52.344858834424059, 53.188212025800759 ], [ 52.344704199190026, 53.188224677394217 ], [ 52.344552396358011, 53.18824643052934 ], [ 52.344404907049842, 53.188277072964745 ], [ 52.344263170309098, 53.188316305726929 ], [ 52.344128569062732, 53.188363746026724 ], [ 52.344002416629756, 53.188418930993478 ], [ 52.343885943908411, 53.188481322190476 ], [ 52.34378028736689, 53.188550310867527 ], [ 52.343686477954719, 53.188625223899834 ], [ 52.343605431042896, 53.188705330354587 ], [ 52.343537937491064, 53.188789848622093 ], [ 52.340734155239687, 53.192796886911694 ], [ 52.338646419568782, 53.19440753432994 ], [ 52.33671045056262, 53.193948498093626 ], [ 52.336564383186385, 53.193918723800891 ], [ 52.336414177934763, 53.193897644417248 ], [ 52.336261266134038, 53.193885460810989 ], [ 52.336107104896662, 53.193882289081515 ], [ 52.335953163238912, 53.193888159453145 ], [ 52.335800908085297, 53.193903015987146 ], [ 52.335651790292822, 53.193926717114685 ], [ 52.335507230828199, 53.193959036985518 ], [ 52.335368607229647, 53.193999667619771 ], [ 52.332616699439463, 53.194908643702192 ], [ 52.329872666016264, 53.195194125791048 ], [ 52.329725844116737, 53.195213762347656 ], [ 52.329582796315783, 53.195241693524061 ], [ 52.329444818761125, 53.19527766623964 ], [ 52.329313161668196, 53.195321354549542 ], [ 52.329189017993549, 53.195372362597531 ], [ 52.329073512626678, 53.19543022820212 ], [ 52.328967692197999, 53.195494427043748 ], [ 52.328872515595464, 53.19556437741489 ], [ 52.328788845275554, 53.195639445490201 ], [ 52.325991733432765, 53.198427281187982 ], [ 52.323210634523662, 53.199890723296392 ], [ 52.323169507843474, 53.199913142713662 ], [ 52.320206591339179, 53.20158618671563 ], [ 52.320101956499983, 53.201651175920105 ], [ 52.317465302899741, 53.20345307377373 ], [ 52.315498837881428, 53.203769401988588 ], [ 52.312988212488669, 53.203033607017083 ], [ 52.312844010895866, 53.202996543922005 ], [ 52.312694400911482, 53.202968245795283 ], [ 52.312540856140984, 53.202948991362462 ], [ 52.312384888938603, 53.202938970272179 ], [ 52.312228035514011, 53.202938281228434 ], [ 52.312071840804265, 53.202946931018637 ], [ 52.309065141514658, 53.203204272426127 ], [ 52.308907499267079, 53.203222711928724 ], [ 52.308753787531067, 53.203250662118464 ], [ 52.308605593511338, 53.203287834388036 ], [ 52.308464447448536, 53.203333844903874 ], [ 52.308331806820426, 53.20338821856884 ], [ 52.308209041293786, 53.203450393927142 ], [ 52.308097418582186, 53.203519728960885 ], [ 52.307998091355756, 53.203595507718553 ], [ 52.307912085337982, 53.203676947706803 ], [ 52.307840288712576, 53.203763207969722 ], [ 52.305624131037447, 53.206802727375816 ], [ 52.304079939856052, 53.206320462798828 ], [ 52.303935803580629, 53.206280826921024 ], [ 52.30378577920434, 53.206250059156282 ], [ 52.303631375963896, 53.206228469025078 ], [ 52.30347414713858, 53.206216273721694 ], [ 52.303315674427317, 53.206213595929682 ], [ 52.303157552040069, 53.206220462587851 ], [ 52.30300137066353, 53.206236804619309 ], [ 52.302848701462139, 53.206262457626238 ], [ 52.302701080275369, 53.206297163543333 ], [ 52.302559992170011, 53.206340573233412 ], [ 52.302426856502713, 53.206392249998984 ], [ 52.302303012642938, 53.206451673974733 ], [ 52.302189706500002, 53.206518247356328 ], [ 52.302088077989424, 53.206591300413486 ], [ 52.301999149564878, 53.206670098226482 ], [ 52.301923815930998, 53.206753848078627 ], [ 52.299946906093979, 53.209242461435423 ], [ 52.298456626254399, 53.208409449057825 ], [ 52.298340956286779, 53.2083507443404 ], [ 52.298216458541695, 53.208298955584233 ], [ 52.298084276124989, 53.208254558288488 ], [ 52.297945622687436, 53.208217960086372 ], [ 52.29780177128287, 53.208189497002934 ], [ 52.297654042681266, 53.208169430370575 ], [ 52.29750379324414, 53.208157944429921 ], [ 52.297352402473479, 53.208155144638646 ], [ 52.297201260348444, 53.208161056703311 ], [ 52.297051754565899, 53.208175626343397 ], [ 52.296905257801903, 53.208198719789607 ], [ 52.296763115111006, 53.208230125011703 ], [ 52.296626631578825, 53.208269553664962 ], [ 52.296497060341302, 53.208316643737014 ], [ 52.296375591080469, 53.208370962871065 ], [ 52.29626333910231, 53.208432012334939 ], [ 52.296161335096961, 53.208499231599419 ], [ 52.293210907562603, 53.210641119666946 ], [ 52.293123347394932, 53.210711002279226 ], [ 52.293046874163437, 53.210785426706799 ], [ 52.291378181716695, 53.21259050276489 ], [ 52.289721626395774, 53.211115284906683 ], [ 52.289631653616262, 53.211042853066424 ], [ 52.289530613967294, 53.21097588628416 ], [ 52.289419423433458, 53.210914991621642 ], [ 52.289299090005208, 53.210860721093681 ], [ 52.289170704541242, 53.210813566665038 ], [ 52.289035430880283, 53.210773955791311 ], [ 52.288894495291736, 53.210742247544701 ], [ 52.288749175361019, 53.210718729359606 ], [ 52.288600788410015, 53.21070361442748 ], [ 52.288450679557712, 53.210697039764682 ], [ 52.288300209529126, 53.21069906497052 ], [ 52.28815074232282, 53.210709671687241 ], [ 52.28800363284882, 53.210728763766262 ], [ 52.287860214648816, 53.210756168139611 ], [ 52.287721787809865, 53.210791636388471 ], [ 52.285086447701751, 53.211557816227788 ], [ 52.282462120888901, 53.211500413717808 ], [ 52.28231265154929, 53.21150138799252 ], [ 52.282164003693772, 53.211510832894596 ], [ 52.282017506378324, 53.211528663978015 ], [ 52.281874469434911, 53.211554721816 ], [ 52.281736171762475, 53.211588773426193 ], [ 52.281603849894211, 53.211630514353288 ], [ 52.281478686943252, 53.211679571390725 ], [ 52.281361802025536, 53.21173550591687 ], [ 52.279527432118961, 53.21270188084771 ], [ 52.277502186598831, 53.211439887913627 ], [ 52.277388636366943, 53.211375778231002 ], [ 52.277265120414597, 53.211318693734022 ], [ 52.277132839770978, 53.211269189477484 ], [ 52.276993080673797, 53.211227746808895 ], [ 52.276847202063763, 53.211194768688991 ], [ 52.276696622372825, 53.211170575774197 ], [ 52.276542805734408, 53.211155403299443 ], [ 52.276387247749739, 53.211149398791221 ], [ 52.276231460948466, 53.211152620633527 ], [ 52.276076960084808, 53.211165037500159 ], [ 52.275925247412189, 53.211186528659269 ], [ 52.27577779807914, 53.211216885147017 ], [ 52.275636045788637, 53.211255811799006 ], [ 52.275501368859913, 53.211302930119579 ], [ 52.275375076828396, 53.21135778196161 ], [ 52.27525839771377, 53.211419833980159 ], [ 52.273113284526318, 53.212679232474756 ], [ 52.271196588479377, 53.212081275900118 ], [ 52.268241740168115, 53.210768822067841 ], [ 52.268109130127328, 53.210715906307769 ], [ 52.267968325336689, 53.210671267818967 ], [ 52.267820754476887, 53.210635359520836 ], [ 52.267667914867395, 53.210608545752045 ], [ 52.267511357276391, 53.210591098574476 ], [ 52.267352670188814, 53.210583195013271 ], [ 52.267193463692095, 53.210584915260981 ], [ 52.267035353142901, 53.210596241864103 ], [ 52.266879942780506, 53.210617059900052 ], [ 52.266728809452786, 53.21064715814299 ], [ 52.266583486619901, 53.210686231206481 ], [ 52.266445448797747, 53.210733882641556 ], [ 52.266316096598935, 53.210789628958437 ], [ 52.266196742522951, 53.210852904531329 ], [ 52.263984240424875, 53.21215057697755 ], [ 52.261914326496665, 53.211626200909869 ], [ 52.261766741581994, 53.211593896787342 ], [ 52.261614544595169, 53.211570545304411 ], [ 52.261459238424088, 53.211556377047941 ], [ 52.261302356652784, 53.211551531924052 ], [ 52.261145448420784, 53.211556057776853 ], [ 52.260990063129078, 53.211569909916101 ], [ 52.26083773514339, 53.211592951558352 ], [ 52.260689968645934, 53.211624955177427 ], [ 52.260548222784706, 53.211665604750586 ], [ 52.260413897267256, 53.211714498878592 ], [ 52.260288318540731, 53.211771154748675 ], [ 52.260172726694762, 53.211835012901332 ], [ 52.258868541470292, 53.212630865593233 ], [ 52.256647145169424, 53.209490089921985 ], [ 52.256579407264894, 53.209406058697887 ], [ 52.256498244296019, 53.209326429666866 ], [ 52.256404441768787, 53.209251973419121 ], [ 52.256298907491384, 53.209183410482808 ], [ 52.256182662787744, 53.209121404352111 ], [ 52.25605683261341, 53.209066555067402 ], [ 52.255922634669112, 53.20901939340942 ], [ 52.255781367617594, 53.208980375763673 ], [ 52.255634398517621, 53.208949879704711 ], [ 52.25548314959665, 53.20892820034296 ], [ 52.255329084490178, 53.208915547469488 ], [ 52.255173694080668, 53.208912043526176 ], [ 52.252159366513595, 53.208933112813249 ], [ 52.252016014900768, 53.208938028278226 ], [ 52.251873997615853, 53.208950732712971 ], [ 52.251734486419082, 53.208971121295903 ], [ 52.251598632397581, 53.208999025804793 ], [ 52.251467556469549, 53.209034216004277 ], [ 52.249692361875908, 53.209570135054662 ], [ 52.247387247752386, 53.207619233362628 ], [ 52.247290504061731, 53.207545389005517 ], [ 52.247182072611579, 53.207477649579793 ], [ 52.247063016183198, 53.207416678995322 ], [ 52.246934501677394, 53.207363074818524 ], [ 52.24679778867791, 53.207317362416447 ], [ 52.246654217107171, 53.207279989808541 ], [ 52.246505194095327, 53.207251323276473 ], [ 52.246352180191153, 53.207231643774854 ], [ 52.243968919714526, 53.206998489903718 ], [ 52.24126303858678, 53.204772581606505 ], [ 52.241154195368338, 53.204692576716226 ], [ 52.241031513466844, 53.204620149078828 ], [ 52.240896446670838, 53.204556156928582 ], [ 52.237844622148998, 53.203265567037846 ], [ 52.237710253775774, 53.203214608628954 ], [ 52.237568041605158, 53.203172010109512 ], [ 52.237419423549447, 53.203138202189152 ], [ 52.237265902278516, 53.203113526695823 ], [ 52.237109030028762, 53.203098233120265 ], [ 52.236950392911439, 53.203092476093921 ], [ 52.23679159487876, 53.203096313825689 ], [ 52.236634241509826, 53.203109707513548 ], [ 52.236479923780053, 53.20313252173672 ], [ 52.236330201978156, 53.203164525824668 ], [ 52.236186589933091, 53.203205396188807 ], [ 52.236050539710241, 53.203254719593737 ], [ 52.235923426931599, 53.203311997334602 ], [ 52.235806536868061, 53.203376650278642 ], [ 52.234034768529661, 53.204460402920716 ], [ 52.23208333456391, 53.203129787528312 ], [ 52.231982442232457, 53.203067053085356 ], [ 52.231872384533766, 53.203010144674458 ], [ 52.231754090934821, 53.202959542885345 ], [ 52.228705789040013, 53.201778406625728 ], [ 52.228579099321493, 53.201734170443579 ], [ 52.228446130283466, 53.201697170724358 ], [ 52.228308025248275, 53.201667725603357 ], [ 52.228165971691084, 53.201646088258556 ], [ 52.228021191031218, 53.20163244473418 ], [ 52.227874928131982, 53.201626912341304 ], [ 52.227728440598952, 53.201629538649328 ], [ 52.225608575001239, 53.201726739232306 ], [ 52.223037521434222, 53.19955575822555 ], [ 52.222941883039645, 53.199482830512231 ], [ 52.222834836933075, 53.199415862394602 ], [ 52.222717407353201, 53.199355494606095 ], [ 52.222590717870538, 53.199302304727468 ], [ 52.222455980637548, 53.199256801661541 ], [ 52.222314484791823, 53.199219420764898 ], [ 52.222167584123419, 53.199190519683384 ], [ 52.22201668412405, 53.199170374930738 ], [ 52.221863228542176, 53.199159179243637 ], [ 52.221708685572302, 53.199157039737912 ], [ 52.221554533810718, 53.199163976883966 ], [ 52.221402248111715, 53.199179924310826 ], [ 52.218646979471806, 53.19955261911818 ], [ 52.216746706308349, 53.199441852320106 ], [ 52.214019346070465, 53.196193195056701 ], [ 52.213941266064033, 53.196110718240597 ], [ 52.213849863040011, 53.19603333543747 ], [ 52.213746050613473, 53.195961820065982 ], [ 52.213630866412366, 53.195896886898012 ], [ 52.213505461705772, 53.195839184915577 ], [ 52.210455864547505, 53.19457600459382 ], [ 52.210325739032477, 53.194527515400765 ], [ 52.210188409126268, 53.194486818337232 ], [ 52.210045164603251, 53.194454295616936 ], [ 52.20989735077584, 53.194430252682125 ], [ 52.209746355861775, 53.194414915335535 ], [ 52.209593597948711, 53.194408427620139 ], [ 52.209440511678636, 53.194410850466518 ], [ 52.209288534776888, 53.194422161120819 ], [ 52.20913909455227, 53.194442253358297 ], [ 52.208993594494935, 53.194470938480755 ], [ 52.208853401097649, 53.194507947088447 ], [ 52.208719831024247, 53.194552931609493 ], [ 52.206952880859582, 53.195217552996269 ], [ 52.204746692380624, 53.193497374024098 ], [ 52.204715795337599, 53.193474049199672 ], [ 52.201639049864291, 53.191224616983675 ], [ 52.201529161397971, 53.191152235377679 ], [ 52.201407435505054, 53.191087042594596 ], [ 52.201275169103425, 53.191029733198953 ], [ 52.201133771392151, 53.190980917763184 ], [ 52.200984748838636, 53.190941116363526 ], [ 52.200829689130451, 53.190910753040249 ], [ 52.200670244262582, 53.190890151280648 ], [ 52.197648406673181, 53.190596714708825 ], [ 52.197494308174434, 53.19058637767592 ], [ 52.197339264746908, 53.190585161926919 ], [ 52.19718476944508, 53.190593079169965 ], [ 52.197032310046275, 53.190610053163184 ], [ 52.196883354726218, 53.190635920448777 ], [ 52.196739337923262, 53.190670431926776 ], [ 52.196601646527178, 53.190713255253435 ], [ 52.196471606525265, 53.190763978040991 ], [ 52.196350470234634, 53.190822111828311 ], [ 52.196239404243144, 53.190887096784046 ], [ 52.196139478175361, 53.190958307096878 ], [ 52.196051654391532, 53.191035057001443 ], [ 52.195976778718865, 53.191116607381403 ], [ 52.195915572304358, 53.19120217288657 ], [ 52.19586862466771, 53.191290929495267 ], [ 52.195836388021291, 53.191382022449325 ], [ 52.195819172911989, 53.191474574485234 ], [ 52.195817145226968, 53.191567694282263 ], [ 52.19583032459245, 53.19166048504605 ], [ 52.195858584180833, 53.191752053145294 ], [ 52.195901651928487, 53.191841516718114 ], [ 52.195959113152242, 53.191928014165235 ], [ 52.196030414539912, 53.192010712448365 ], [ 52.196114869476261, 53.192088815113507 ], [ 52.196211664653298, 53.192161569962252 ], [ 52.196319867901387, 53.192228276296852 ], [ 52.196438437165746, 53.192288291669492 ], [ 52.196566230541961, 53.192341038070467 ], [ 52.196702017273779, 53.192386007495877 ], [ 52.196844489607415, 53.19242276684102 ], [ 52.196992275387927, 53.1924509620724 ], [ 52.197143951276473, 53.192470321638034 ], [ 52.199576230387549, 53.19270651485877 ] ] ] } },
{ "type": "Feature", "properties": { "river_id": 2 }, "geometry": { "type": "Polygon", "coordinates": [ [ [ 52.243405694480472, 53.288850326086539 ], [ 52.243527162999065, 53.288910525625489 ], [ 52.243655319818082, 53.288965596867548 ], [ 52.243789616127316, 53.289015303968782 ], [ 52.243929476817726, 53.289059434056384 ], [ 52.244074302944512, 53.289097798140354 ], [ 52.24422347429266, 53.289130231923245 ], [ 52.244376352033662, 53.289156596503965 ], [ 52.244532281461829, 53.28917677897276 ], [ 52.244690594799067, 53.289190692894998 ], [ 52.244850614055338, 53.289198278681425 ], [ 52.24501165393319, 53.289199503843498 ], [ 52.245173024763425, 53.289194363132559 ], [ 52.245334035459706, 53.289182878562407 ], [ 52.245493996479013, 53.289165099314943 ], [ 52.245652222775625, 53.289141101529566 ], [ 52.245808036735767, 53.289110987977033 ], [ 52.245960771080348, 53.289074887619186 ], [ 52.246109771723368, 53.289032955056626 ], [ 52.246254400573726, 53.288985369866325 ], [ 52.246394038268519, 53.288932335832477 ], [ 52.246528086825791, 53.288874080073583 ], [ 52.246655972205872, 53.288810852069517 ], [ 52.24677714676978, 53.288742922592888 ], [ 52.246891091624668, 53.288670582549308 ], [ 52.246997318845736, 53.28859414173111 ], [ 52.247095373565664, 53.288513927490591 ], [ 52.247184835922063, 53.288430283337846 ], [ 52.247265322855078, 53.288343567469383 ], [ 52.247336489747127, 53.288254151233993 ], [ 52.247398031897951, 53.288162417542324 ], [ 52.247449685828578, 53.288068759226753 ], [ 52.247491230408592, 53.287973577359146 ], [ 52.247522487802129, 53.287877279533063 ], [ 52.247543324228232, 53.287780278118277 ], [ 52.247553650532566, 53.287682988494794 ], [ 52.247553422567982, 53.287585827273986 ], [ 52.247542641382367, 53.287489210514728 ], [ 52.247521353212846, 53.287393551941513 ], [ 52.247489649286749, 53.287299261173139 ], [ 52.247447665429597, 53.287206741968618 ], [ 52.2473955814825, 53.28711639049834 ], [ 52.247333620530988, 53.287028593647911 ], [ 52.247262047948823, 53.286943727361617 ], [ 52.247181170260774, 53.286862155032772 ], [ 52.247091333829367, 53.286784225948033 ], [ 52.246992923371216, 53.286710273791932 ], [ 52.246886360309105, 53.286640615218325 ], [ 52.246772100967235, 53.286575548494838 ], [ 52.246650634617012, 53.28651535222594 ], [ 52.246522481382144, 53.286460284160349 ], [ 52.246388190011444, 53.286410580087598 ], [ 52.246248335529501, 53.286366452828709 ], [ 52.246103516774831, 53.286328091325267 ], [ 52.245954353836339, 53.28629565983055 ], [ 52.245801485398644, 53.286269297206559 ], [ 52.245645566008228, 53.2862491163295 ], [ 52.245487263271471, 53.2862352036068 ], [ 52.245327254997015, 53.286227618607199 ], [ 52.245166226294423, 53.286226393805748 ], [ 52.245004866641665, 53.28623153444493 ], [ 52.244843866933842, 53.286243018512224 ], [ 52.244683916525943, 53.28626079683432 ], [ 52.244525700282139, 53.286284793287606 ], [ 52.244369895644191, 53.286314905124151 ], [ 52.244217169731684, 53.286351003411454 ], [ 52.244068176486365, 53.286392933584388 ], [ 52.243923553872698, 53.286440516106822 ], [ 52.243783921146942, 53.286493547240227 ], [ 52.243649876206007, 53.286551799915735 ], [ 52.243521993027692, 53.286615024706222 ], [ 52.243400819213271, 53.286682950894033 ], [ 52.243286873642823, 53.286755287629909 ], [ 52.243180644253329, 53.286831725178047 ], [ 52.24308258594926, 53.286911936242092 ], [ 52.242993118654333, 53.286995577366362 ], [ 52.242912625512872, 53.287082290406119 ], [ 52.242841451248708, 53.28717170406096 ], [ 52.242779900688227, 53.28726343546446 ], [ 52.242728237454301, 53.287357091823317 ], [ 52.242686682836506, 53.287452272099181 ], [ 52.242655414842488, 53.287548568725725 ], [ 52.242634567434557, 53.2876455693537 ], [ 52.24262422995497, 53.287742858616568 ], [ 52.242624446742077, 53.287840019909076 ], [ 52.242635216939256, 53.287936637171228 ], [ 52.242656494497353, 53.288032296669819 ], [ 52.242688188370643, 53.288126588770275 ], [ 52.242730162905602, 53.2882191096908 ], [ 52.242782238420638, 53.288309463231599 ], [ 52.242844191974463, 53.288397262471648 ], [ 52.242915758319917, 53.288482131425823 ], [ 52.242996631038935, 53.288563706655104 ], [ 52.243086463853992, 53.288641638823229 ], [ 52.243184872110383, 53.288715594192922 ], [ 52.243291434423, 53.28878525605532 ], [ 52.243405694480472, 53.288850326086539 ] ] ] } },
{ "type": "Feature", "properties": { "river_id": 3 }, "geometry": { "type": "Polygon", "coordinates": [ [ [ 52.268677482974162, 53.264724900345541 ], [ 52.268907456208261, 53.264678105564059 ], [ 52.269128348513306, 53.264613485601053 ], [ 52.269339213766798, 53.264531317222975 ], [ 52.269539148818076, 53.264431952343386 ], [ 52.269727297358926, 53.264315816515158 ], [ 52.269902853593315, 53.26418340710709 ], [ 52.270065065689671, 53.264035291173229 ], [ 52.270213239001706, 53.263872103023608 ], [ 52.270346739043475, 53.263694541507149 ], [ 52.270464994206137, 53.263503367018117 ], [ 52.2705674982045, 53.26329939823929 ], [ 52.27065381224353, 53.263083508635326 ], [ 52.270723566894617, 53.262856622711908 ], [ 52.270776463674657, 53.262619712056214 ], [ 52.270812276320299, 53.262373791176032 ], [ 52.270830851752699, 53.262119913155118 ], [ 52.270832110728279, 53.261859165143505 ], [ 52.270816048172861, 53.261592663702054 ], [ 52.270782733198089, 53.261321550021258 ], [ 52.270732308799758, 53.261046985034596 ], [ 52.270664991239784, 53.260770144447562 ], [ 52.270581069114321, 53.260492213703522 ], [ 52.270480902112325, 53.260214382907968 ], [ 52.270364919469806, 53.259937841732935 ], [ 52.27023361812644, 53.259663774323386 ], [ 52.270087560592913, 53.259393354227285 ], [ 52.269927372537651, 53.259127739371195 ], [ 52.269753740103624, 53.258868067102739 ], [ 52.269567406967077, 53.25861544932129 ], [ 52.269369171150188, 53.25837096771761 ], [ 52.269159881601908, 53.258135669142874 ], [ 52.268940434561351, 53.257910561126863 ], [ 52.268711769719495, 53.257696607564455 ], [ 52.268474866195533, 53.25749472458908 ], [ 52.268230738345103, 53.257305776650412 ], [ 52.267980431418529, 53.25713057281348 ], [ 52.267725017087081, 53.256969863294806 ], [ 52.267465588857341, 53.256824336250389 ], [ 52.267203257392076, 53.256694614829385 ], [ 52.266939145758649, 53.256581254506045 ], [ 52.266674384624473, 53.256484740701332 ], [ 52.266410107420533, 53.25640548670426 ], [ 52.266147445493196, 53.25634383190225 ], [ 52.265887523265384, 53.256300040327474 ], [ 52.265631453427055, 53.256274299526147 ], [ 52.265380332176733, 53.256266719754819 ], [ 52.265135234532629, 53.256277333507818 ], [ 52.264897209735011, 53.256306095377489 ], [ 52.264667276758381, 53.256352882247882 ], [ 52.264446419952897, 53.256417493821161 ], [ 52.264235584833607, 53.256499653474428 ], [ 52.264035674035661, 53.256599009443406 ], [ 52.263847543452172, 53.256715136327692 ], [ 52.263671998572022, 53.256847536911501 ], [ 52.263509791032455, 53.256995644291791 ], [ 52.263361615401827, 53.257158824304874 ], [ 52.263228106205673, 53.257336378241071 ], [ 52.263109835209576, 53.257527545835778 ], [ 52.263007308969556, 53.257731508524195 ], [ 52.262920966661291, 53.25794739294588 ], [ 52.262851178196996, 53.258174274683817 ], [ 52.262798242638389, 53.258411182222446 ], [ 52.262762386912335, 53.258657101107289 ], [ 52.262743764834738, 53.258910978288782 ], [ 52.262742456447363, 53.259171726631195 ], [ 52.262758467669769, 53.259438229568048 ], [ 52.262791730268688, 53.259709345883259 ], [ 52.262842102144468, 53.259983914598244 ], [ 52.262909367933865, 53.260260759943748 ], [ 52.262993239926516, 53.26053869639496 ], [ 52.263093359291283, 53.260816533748759 ], [ 52.263209297607254, 53.261093082220881 ], [ 52.263340558693145, 53.261367157541528 ], [ 52.263486580727118, 53.261637586027348 ], [ 52.26364673864817, 53.261903209608242 ], [ 52.263820346828886, 53.262162890787316 ], [ 52.264006662008043, 53.262415517512707 ], [ 52.264204886470694, 53.262660007940632 ], [ 52.264414171462192, 53.262895315068953 ], [ 52.264633620821357, 53.263120431221495 ], [ 52.264862294817569, 53.263334392364179 ], [ 52.265099214174974, 53.263536282233893 ], [ 52.265343364267025, 53.263725236262964 ], [ 52.265593699462883, 53.263900445282161 ], [ 52.26584914760749, 53.26406115898633 ], [ 52.266108614615831, 53.264206689147812 ], [ 52.266370989161508, 53.264336412564148 ], [ 52.266635147440134, 53.264449773726916 ], [ 52.266899957986119, 53.264546287200822 ], [ 52.267164286523062, 53.264625539702493 ], [ 52.267427000826238, 53.264687191870095 ], [ 52.267686975576645, 53.264730979716532 ], [ 52.267943097185523, 53.264756715759397 ], [ 52.268194268568671, 53.26476428982356 ], [ 52.268439413849983, 53.264753669512295 ], [ 52.268677482974162, 53.264724900345541 ] ] ] } },
{ "type": "Feature", "properties": { "river_id": 4 }, "geometry": { "type": "Polygon", "coordinates": [ [ [ 52.230690431630663, 53.225055342821449 ], [ 52.230698779979413, 53.224932931414266 ], [ 52.23069680493915, 53.224810635137004 ], [ 52.230684515055266, 53.224688977680039 ], [ 52.230661963041356, 53.224568479995682 ], [ 52.230629245551988, 53.224449658067314 ], [ 52.230586502767402, 53.224333020700037 ], [ 52.230533917791867, 53.224219067342027 ], [ 52.230471715868404, 53.224108285945931 ], [ 52.230400163413044, 53.224001150879744 ], [ 52.230319566873078, 53.22389812089564 ], [ 52.230230271413944, 53.223799637165818 ], [ 52.230132659440493, 53.223706121393761 ], [ 52.230027148959032, 53.223617974008533 ], [ 52.22991419178706, 53.223535572450679 ], [ 52.229794271618381, 53.223459269556088 ], [ 52.229667901952013, 53.223389392045611 ], [ 52.229535623893597, 53.22332623912623 ], [ 52.229398003838746, 53.223270081210195 ], [ 52.229255631048382, 53.223221158757312 ], [ 52.229109115126263, 53.223179681245625 ], [ 52.228959083409499, 53.22314582627466 ], [ 52.228806178283442, 53.223119738805089 ], [ 52.228651054432078, 53.223101530538223 ], [ 52.22849437603594, 53.223091279437881 ], [ 52.228336813929424, 53.22308902939654 ], [ 52.228179042729657, 53.223094790047625 ], [ 52.228021737949184, 53.223108536724098 ], [ 52.2278655731048, 53.223130210564214 ], [ 52.227711216834962, 53.223159718763476 ], [ 52.227559330038005, 53.223196934971845 ], [ 52.227410563043378, 53.223241699834766 ], [ 52.227265552828136, 53.223293821675327 ], [ 52.227124920290414, 53.223353077314776 ], [ 52.226989267591627, 53.223419213027967 ], [ 52.226859175578767, 53.223491945629618 ], [ 52.226735201297792, 53.223570963686569 ], [ 52.226617875608746, 53.223655928851166 ], [ 52.226507700912833, 53.223746477309668 ], [ 52.226405149001103, 53.223842221339822 ], [ 52.226310659034141, 53.223942750970913 ], [ 52.226224635661154, 53.224047635738863 ], [ 52.226147447286763, 53.224156426529227 ], [ 52.226079424492696, 53.224268657500197 ], [ 52.226020858621389, 53.224383848076883 ], [ 52.225972000527449, 53.22450150500913 ], [ 52.225933059502211, 53.22462112448342 ], [ 52.225904202376391, 53.224742194279997 ], [ 52.225885552804236, 53.224864195966241 ], [ 52.225877190732632, 53.224986607116463 ], [ 52.225879152057274, 53.22510890354895 ], [ 52.225891428467435, 53.225230561570662 ], [ 52.225913967480075, 53.225351060219609 ], [ 52.225946672663078, 53.225469883495911 ], [ 52.225989404046764, 53.225586522571398 ], [ 52.226041978721931, 53.225700477968701 ], [ 52.22610417162182, 53.225811261700237 ], [ 52.226175716484782, 53.225918399358072 ], [ 52.226256306993427, 53.226021432145679 ], [ 52.226345598085537, 53.226119918842898 ], [ 52.226443207430961, 53.226213437695492 ], [ 52.226548717068368, 53.226301588221638 ], [ 52.226661675194698, 53.226383992927097 ], [ 52.226781598099826, 53.226460298922071 ], [ 52.226907972237889, 53.226530179432729 ], [ 52.227040256426768, 53.226593335200697 ], [ 52.227177884165926, 53.226649495765031 ], [ 52.227320266062968, 53.226698420620565 ], [ 52.227466792358335, 53.226739900248177 ], [ 52.227616835537411, 53.226773757012126 ], [ 52.227769753018727, 53.226799845921065 ], [ 52.227924889906895, 53.226818055249048 ], [ 52.228081581798314, 53.226828307014124 ], [ 52.228239157627677, 53.226830557312404 ], [ 52.228396942543071, 53.226824796506115 ], [ 52.228554260797267, 53.22681104926491 ], [ 52.228710438642928, 53.226789374460175 ], [ 52.228864807219125, 53.226759864912985 ], [ 52.229016705416981, 53.2267226469964 ], [ 52.22916548271197, 53.226677880094194 ], [ 52.229310501950785, 53.226625755918178 ], [ 52.229451142080912, 53.226566497687095 ], [ 52.22958680081102, 53.22650035917038 ], [ 52.229716897190897, 53.226427623601346 ], [ 52.229840874099899, 53.226348602463872 ], [ 52.229958200633, 53.226263634158343 ], [ 52.230068374374561, 53.226173082552265 ], [ 52.230170923549849, 53.226077335421699 ], [ 52.23026540904511, 53.225976802790434 ], [ 52.230351426287626, 53.225871915173904 ], [ 52.230428606977718, 53.225763121735234 ], [ 52.230496620665107, 53.225650888361621 ], [ 52.230555176163158, 53.225535695669002 ], [ 52.230604022794793, 53.225418036943758 ], [ 52.230642951464759, 53.225298416030114 ], [ 52.230671795553789, 53.225177345172405 ], [ 52.230690431630663, 53.225055342821449 ] ] ] } },
{ "type": "Feature", "properties": { "river_id": 5 }, "geometry": { "type": "Polygon", "coordinates": [ [ [ 52.294171035829571, 53.315764411594586 ], [ 52.294322587392791, 53.315642273866722 ], [ 52.294459450480339, 53.315513937867188 ], [ 52.2945810391031, 53.315379953201088 ], [ 52.29468683270165, 53.315240893657808 ], [ 52.294776378373726, 53.315097354753178 ], [ 52.294849292811413, 53.314949951178647 ], [ 52.294905263940201, 53.314799314168496 ], [ 52.294944052252617, 53.314646088796302 ], [ 52.294965491830979, 53.314490931212191 ], [ 52.294969491054751, 53.314334505832868 ], [ 52.294956032989745, 53.314177482496355 ], [ 52.294925175457287, 53.314020533593599 ], [ 52.294877050783363, 53.313864331189372 ], [ 52.294811865228787, 53.313709544144579 ], [ 52.294729898102759, 53.313556835252477 ], [ 52.294631500563852, 53.313406858400974 ], [ 52.294517094113523, 53.313260255773251 ], [ 52.294387168788639, 53.313117655098409 ], [ 52.294242281060818, 53.312979666964338 ], [ 52.294083051451643, 53.312846882203871 ], [ 52.293910161873939, 53.312719869365701 ], [ 52.293724352710555, 53.31259917228067 ], [ 52.293526419643243, 53.312485307734072 ], [ 52.293317210245064, 53.312378763253669 ], [ 52.293097620351084, 53.312279995022941 ], [ 52.292868590222795, 53.312189425928644 ], [ 52.292631100522783, 53.312107443750953 ], [ 52.292386168116678, 53.312034399503659 ], [ 52.292134841720561, 53.311970605931918 ], [ 52.291878197412281, 53.311916336173788 ], [ 52.291617334025915, 53.311871822591165 ], [ 52.29135336844908, 53.311837255775274 ], [ 52.291087430843127, 53.311812783730957 ], [ 52.29082065980672, 53.311798511243147 ], [ 52.290554197503354, 53.311794499428281 ], [ 52.290289184773734, 53.311800765472647 ], [ 52.290026756253745, 53.311817282558607 ], [ 52.289768035519089, 53.311843979979209 ], [ 52.289514130277013, 53.311880743440604 ], [ 52.289266127625993, 53.311927415551018 ], [ 52.289025089403331, 53.311983796494033 ], [ 52.288792047640818, 53.312049644883601 ], [ 52.288568000147578, 53.312124678796927 ], [ 52.288353906239273, 53.312208576980787 ], [ 52.288150682631645, 53.312300980226325 ], [ 52.287959199516166, 53.312401492906254 ], [ 52.287780276834518, 53.312509684668008 ], [ 52.287614680767753, 53.312625092275582 ], [ 52.287463120455314, 53.312747221592232 ], [ 52.287326244957811, 53.312875549695399 ], [ 52.287204640476673, 53.313009527115106 ], [ 52.287098827842662, 53.313148580185945 ], [ 52.287009260283781, 53.313292113502818 ], [ 52.286936321482393, 53.313439512469913 ], [ 52.286880323929907, 53.313590145931755 ], [ 52.286841507585898, 53.313743368875514 ], [ 52.286820038847679, 53.31389852519257 ], [ 52.286816009834702, 53.31405495048795 ], [ 52.286829437990903, 53.314211974925037 ], [ 52.286860266006649, 53.314368926094012 ], [ 52.286908362061013, 53.314525131891401 ], [ 52.286973520382908, 53.314679923398224 ], [ 52.287055462129025, 53.314832637744864 ], [ 52.287153836575094, 53.31498262095004 ], [ 52.287268222614784, 53.315129230721944 ], [ 52.287398130560433, 53.315271839209181 ], [ 52.287543004237818, 53.315409835690204 ], [ 52.287702223365727, 53.315542629189373 ], [ 52.287875106210706, 53.315669651008456 ], [ 52.288060912505074, 53.315790357162939 ], [ 52.288258846616188, 53.315904230712363 ], [ 52.288468060953136, 53.316010783974903 ], [ 52.288687659596327, 53.316109560616873 ], [ 52.288916702134578, 53.31620013760751 ], [ 52.28915420769296, 53.316282127031592 ], [ 52.289399159134518, 53.31635517775134 ], [ 52.289650507417441, 53.316418976910818 ], [ 52.289907176089422, 53.316473251276392 ], [ 52.290168065899493, 53.316517768407302 ], [ 52.290432059507921, 53.316552337651665 ], [ 52.290698026273731, 53.316576810963006 ], [ 52.290964827099337, 53.316591083534789 ], [ 52.291231319311514, 53.316595094249081 ], [ 52.291496361557854, 53.31658882593846 ], [ 52.291758818697382, 53.316572305459353 ], [ 52.29201756666474, 53.316545603576728 ], [ 52.29227149728672, 53.316508834660794 ], [ 52.292519523030577, 53.316462156196692 ], [ 52.292760581663885, 53.316405768109519 ], [ 52.292993640805626, 53.316339911907541 ], [ 52.29321770234931, 53.316264869647263 ], [ 52.29343180673888, 53.316180962724715 ], [ 52.293635037079241, 53.316088550498279 ], [ 52.293826523063728, 53.31598802874889 ], [ 52.294005444701568, 53.315879827984318 ], [ 52.294171035829571, 53.315764411594586 ] ] ] } },
{ "type": "Feature", "properties": { "river_id": 6 }, "geometry": { "type": "Polygon", "coordinates": [ [ [ 52.315091792720324, 53.298182701127423 ], [ 52.315224304984312, 53.29827775542747 ], [ 52.315378768983322, 53.29836259846163 ], [ 52.315554523292363, 53.298436866835431 ], [ 52.315750815278641, 53.29850024242851 ], [ 52.31596680432493, 53.298552453758376 ], [ 52.316201565430312, 53.298593277144668 ], [ 52.316454093172929, 53.298622537668692 ], [ 52.316723306017785, 53.298640109924349 ], [ 52.317008050950875, 53.298645918556971 ], [ 52.317307108420174, 53.298639938587769 ], [ 52.317619197561832, 53.298622195522732 ], [ 52.31794298168937, 53.298592765245068 ], [ 52.318277074022213, 53.298551773691784 ], [ 52.318620043629146, 53.298499396316146 ], [ 52.318970421560671, 53.298435857337502 ], [ 52.319326707144562, 53.2983614287824 ], [ 52.3196873744171, 53.298276429320758 ], [ 52.320050878662421, 53.29818122290191 ], [ 52.320415663032165, 53.298076217196737 ], [ 52.320780165216718, 53.297961861852272 ], [ 52.321142824139415, 53.297838646566198 ], [ 52.321502086645189, 53.297707098989889 ], [ 52.321856414154709, 53.297567782468306 ], [ 52.322204289255545, 53.297421293627174 ], [ 52.322544222202247, 53.297268259817102 ], [ 52.322874757297093, 53.297109336426338 ], [ 52.323194479124638, 53.296945204072749 ], [ 52.323502018612849, 53.296776565688091 ], [ 52.323796058895333, 53.296604143506272 ], [ 52.324075340949193, 53.29642867596899 ], [ 52.324338668984602, 53.29625091456186 ], [ 52.324584915563022, 53.296071620594503 ], [ 52.324813026422099, 53.295891561938802 ], [ 52.325022024986616, 53.295711509738844 ], [ 52.32521101654654, 53.295532235106911 ], [ 52.325379192083865, 53.295354505819859 ], [ 52.325525831732271, 53.29517908302963 ], [ 52.325650307854858, 53.295006718002419 ], [ 52.325752087726677, 53.294838148900304 ], [ 52.325830735810712, 53.294674097619108 ], [ 52.325885915617924, 53.294515266696244 ], [ 52.325917391143051, 53.294362336301447 ], [ 52.325925027870326, 53.294215961323779 ], [ 52.325908793344979, 53.29407676856686 ], [ 52.325868757308015, 53.293945354064881 ], [ 52.325805091393697, 53.293822280530399 ], [ 52.325718068391296, 53.293708074945052 ], [ 52.325608061074227, 53.293603226303794 ], [ 52.325475540601573, 53.293508183521631 ], [ 52.325321074498923, 53.293423353512509 ], [ 52.325145324227307, 53.293349099447994 ], [ 52.324949042350404, 53.293285739203618 ], [ 52.324733069312487, 53.29323354399925 ], [ 52.324498329840573, 53.293192737239359 ], [ 52.324245828986328, 53.293163493558104 ], [ 52.323976647824722, 53.293145938073444 ], [ 52.323691938827629, 53.293140145853108 ], [ 52.3233929209322, 53.293146141595031 ], [ 52.323080874325171, 53.293163899523343 ], [ 52.322757134965258, 53.293193343500569 ], [ 52.322423088866991, 53.293234347355231 ], [ 52.322080166170579, 53.293286735423642 ], [ 52.321729835022815, 53.293350283303475 ], [ 52.321373595295448, 53.293424718815857 ], [ 52.321012972167587, 53.293509723171837 ], [ 52.320649509599782, 53.29360493233839 ], [ 52.320284763727244, 53.293709938597573 ], [ 52.31992029620092, 53.293824292292904 ], [ 52.319557667504455, 53.293947503754836 ], [ 52.319198430275719, 53.294079045397552 ], [ 52.318844122661588, 53.294218353977513 ], [ 52.318496261734033, 53.294364833004956 ], [ 52.318156336996019, 53.294517855297087 ], [ 52.317825804004791, 53.294676765662835 ], [ 52.317506078139836, 53.294840883707131 ], [ 52.317198528542242, 53.295009506743106 ], [ 52.31690447225138, 53.295181912799421 ], [ 52.316625168564073, 53.295357363710309 ], [ 52.31636181364027, 53.295535108274663 ], [ 52.3161155353786, 53.295714385471015 ], [ 52.315887388583533, 53.295894427714444 ], [ 52.31567835044514, 53.296074464141704 ], [ 52.315489316350572, 53.296253723910326 ], [ 52.315321096045665, 53.296431439497852 ], [ 52.315174410162641, 53.296606849986674 ], [ 52.315049887129554, 53.296779204321147 ], [ 52.314948060473981, 53.296947764522073 ], [ 52.314869366533415, 53.297111808845955 ], [ 52.314814142581518, 53.297270634874472 ], [ 52.314782625378882, 53.297423562521558 ], [ 52.314774950154401, 53.297569936945237 ], [ 52.314791150021513, 53.297709131351304 ], [ 52.314831155832259, 53.297840549677382 ], [ 52.314894796469524, 53.297963629145499 ], [ 52.31498179957655, 53.298077842672448 ], [ 52.315091792720324, 53.298182701127423 ] ] ] } },
{ "type": "Feature", "properties": { "river_id": 7 }, "geometry": { "type": "Polygon", "coordinates": [ [ [ 52.255506207058872, 53.29698688266101 ], [ 52.25555688519254, 53.297143581850463 ], [ 52.255628091405818, 53.297297706358208 ], [ 52.255719520986943, 53.297448596161928 ], [ 52.255830782607781, 53.297595605081526 ], [ 52.255961399996302, 53.297738103546799 ], [ 52.256110813973223, 53.297875481294334 ], [ 52.256278384843981, 53.298007149981821 ], [ 52.256463395136009, 53.298132545708683 ], [ 52.256665052669476, 53.298251131431975 ], [ 52.256882493948446, 53.298362399267482 ], [ 52.257114787857965, 53.298465872665993 ], [ 52.257360939651157, 53.298561108455338 ], [ 52.25761989520943, 53.298647698739551 ], [ 52.257890545557331, 53.298725272646941 ], [ 52.258171731612883, 53.29879349791959 ], [ 52.25846224915292, 53.29885208233739 ], [ 52.258760853972205, 53.298900774970562 ], [ 52.259066267214045, 53.298939367255215 ], [ 52.259377180849789, 53.298967693887434 ], [ 52.259692263283469, 53.298985633531878 ], [ 52.260010165057551, 53.298993109342007 ], [ 52.260329524635409, 53.298990089289575 ], [ 52.260648974235636, 53.298976586302089 ], [ 52.260967145693087, 53.29895265820744 ], [ 52.261282676321542, 53.298918407486333 ], [ 52.261594214752868, 53.298873980832958 ], [ 52.261900426727486, 53.298819568526547 ], [ 52.262200000811347, 53.298755403615807 ], [ 52.262491654014958, 53.298681760920161 ], [ 52.26277413729013, 53.298598955852114 ], [ 52.263046240881131, 53.298507343065346 ], [ 52.263306799507049, 53.29840731493497 ], [ 52.263554697353264, 53.298299299875971 ], [ 52.263788872850625, 53.298183760507371 ], [ 52.264008323221802, 53.298061191669753 ], [ 52.264212108775375, 53.297932118304871 ], [ 52.264399356929196, 53.297797093206377 ], [ 52.26456926594598, 53.297656694651273 ], [ 52.264721108364938, 53.297511523922246 ], [ 52.264854234114843, 53.297362202731648 ], [ 52.2649680732954, 53.297209370558022 ], [ 52.265062138614738, 53.297053681906718 ], [ 52.265136027473012, 53.29689580350631 ], [ 52.26518942368282, 53.296736411452606 ], [ 52.265222098819542, 53.296576188313111 ], [ 52.265233913195608, 53.296415820203535 ], [ 52.265224816454683, 53.296255993849577 ], [ 52.265194847783256, 53.296097393646164 ], [ 52.265144135738886, 53.295940698726795 ], [ 52.265072897695831, 53.295786580055797 ], [ 52.264981438910439, 53.295635697555525 ], [ 52.264870151210552, 53.295488697281144 ], [ 52.264739511314396, 53.295346208654955 ], [ 52.264590078786405, 53.295208841771981 ], [ 52.26442249363852, 53.295077184788688 ], [ 52.264237473587613, 53.294951801405354 ], [ 52.264035810980481, 53.294833228453733 ], [ 52.263818369399878, 53.294721973599493 ], [ 52.263586079965926, 53.294618513169794 ], [ 52.26333993734891, 53.29452329011481 ], [ 52.263080995510428, 53.294436712112713 ], [ 52.262810363191171, 53.294359149824984 ], [ 52.262529199164632, 53.294290935310734 ], [ 52.262238707277078, 53.294232360606017 ], [ 52.261940131294828, 53.294183676474411 ], [ 52.261634749581148, 53.294145091334322 ], [ 52.261323869625222, 53.294116770367445 ], [ 52.261008822446783, 53.294098834812161 ], [ 52.260690956900106, 53.294091361445048 ], [ 52.260371633901968, 53.294094382252567 ], [ 52.260052220607889, 53.294107884294299 ], [ 52.259734084561821, 53.294131809758483 ], [ 52.259418587844046, 53.294166056209498 ], [ 52.259107081242504, 53.294210477026148 ], [ 52.25880089847216, 53.294264882029111 ], [ 52.258501350467348, 53.294329038294642 ], [ 52.258209719771365, 53.29440267115119 ], [ 52.257927255047278, 53.294485465354668 ], [ 52.257655165733397, 53.29457706643727 ], [ 52.257394616866364, 53.294677082224105 ], [ 52.257146724093808, 53.294785084511425 ], [ 52.256912548898079, 53.29490061089875 ], [ 52.256693094051336, 53.295023166767592 ], [ 52.256489299321586, 53.295152227398084 ], [ 52.256302037447988, 53.295287240214464 ], [ 52.256132110402547, 53.295427627149913 ], [ 52.255980245954568, 53.295572787120534 ], [ 52.255847094552173, 53.295722098598048 ], [ 52.255733226534595, 53.29587492227013 ], [ 52.25563912968709, 53.296030603776842 ], [ 52.255565207148997, 53.296188476511929 ], [ 52.255511775683964, 53.296347864476466 ], [ 52.255479064319822, 53.296508085172938 ], [ 52.255467213364028, 53.29666845252742 ], [ 52.255476273798806, 53.296828279827139 ], [ 52.255506207058872, 53.29698688266101 ] ] ] } }
]
}
